id,pdf_file,original_title,extracted_content_sample,title_llama3.2_3b,title_qwen2.5_7b,title_qwen3.8_27b,title_nemotron_120b_free,title_gpt_4o_mini_paid,latency_sec_llama3.2_3b,latency_sec_qwen2.5_7b,latency_sec_qwen3.8_27b,latency_sec_nemotron_120b_free,latency_sec_gpt_4o_mini_paid
c-0110cd2cb7,ESG in Action From Awareness to Implementation.pdf,ESG in Action: From Awareness to Implementation,"ESG IN ACTION:
FROM
AWARENESS TO
IMPLEMENTATION
Build practical knowledge of Environmental, Social, and Governance (ESG)
principles to support responsible decisionmaking, sustainable growth, and
longterm organizational value.
Program Overview
Environmental, Social, and Governance (ESG) considerations are increasingly
shaping how organizations manage risks, create value, and respond to
stakeholder expectations. This 2day training provides participants with a
practical understanding of ESG fundamentals, including environmental
sustainability, social responsibility, and governance practices. Participants will
explore ESG integration strategies, reporting frameworks, implementation
challenges, and emerging trends through case studies and interactive
discussions. The programme is designed to help organizations strengthen
sustainability efforts, improve decisionmaking, and support longterm
business resilience in a rapidly evolving ESG landscape.
Learning Objectives
By the end of this programme, participants will be able to:
Describe the key concepts, dimensions, and importance of ESG in today’s
business environment
Identify ESG reporting approaches, implementation strategies, and
practices that support sustainable business performance
Apply practical insights to integrate ESG considerations into
organizational decisionmaking and longterm sustainability initiatives
Duration
Two (2) FullDay Workshop (7 Hours)
ESG in Action: From Awareness to
Implementation
DESCRIPTION
Session 1: Introduction to ESG
Defining ESG:
Explain the concept of ESG and its importance in today's
business and societal landscape.
Highlight realworld examples of ESG issues and their
impact.
Environmental Dimension:
Discuss the environmental aspect of ESG, including climate
change, resource management, and pollution.
Showcase case studies of companies implementing
environmentally sustainable practices.
Session 2: Social and Governance Dimensions
Social Dimension:
Explore the social aspects of ESG, including employee
welfare, diversity and inclusion, and community
engagement.
Share examples of companies promoting social
responsibility.
Governance Dimension:
Cover the governance dimension of ESG, including
corporate governance, ethical leadership, and transparency.
Discuss how effective governance can influence
sustainability.
(Day 1)
ESG in Action: From Awareness to
Implementation
DESCRIPTION
Session 3: Integrating ESG into Business
Benefits of ESG Integration:
Explain the benefits of incorporating ESG principles into business
operations.
Discuss how ESG can enhance reputation, risk management, and
longterm value.
ESG Metrics and Reporting:
Introduce key ESG metrics and indicators used for measurement
and reporting.
Discuss various reporting frameworks (e.g., GRI, SASB, TCFD) and
their significance.
Session 4: ESG Implementation and Case Studies
Implementing ESG:
Guide participants through the steps of integrating ESG into
company strategies and decisionmaking processes.
Provide practical insights on overcoming challenges and fostering
buyin.
Case Studies and Interactive Exercises
Present realworld case studies showcasing successful ESG
integration.
Facilitate group discussions and exercises to encourage
participants' engagement.
Session 5: ESG in Action and Future Trends
ESG Best Practices:
Share best practices for organizations looking to implement ESG
principles effectively.
Highlight examples of companies that have excelled in ESG
performance.
Future Trends and Q&A:
Discuss emerging trends in ESG, such as impact investing and
green finance.
Allow participants to ask questions and clarify doubts.
(Day 2)
ESG in Action: From Awareness to
Implementation",Advanced Esg Implementation For Sustainable Business Growth,Esg In Action: From Awareness To Implementation,"Practical Esg Integration: Reporting, Governance, And Sustainable Business Strategy",Esg In Action: From Awareness To Implementation,Practical Esg Integration For Sustainable Business Success,4.65,3.3,69.29,4.15,1.23
c-036ef84608,"Powerful Habits_ Experiential Learning, Observation & Effective Coaching Outline.pdf","Powerful Habits: Experiential Learning, Observation & Effective Coaching Methodology","POWERFUL HABITS:
EXPERIENTIAL
LEARNING,
OBSERVATION &
EFFECTIVE COACHING
METHODOLOGY
Master essential foundational habits through immersive experiential learning,
cultivate a proactive mindset within a solutionfocused circle of control, and
deploy empathetic coaching methodologies to drive collaborative, winwin
organizational outcomes.
Program Overview
Welcome to ""Powerful Habits: Experiential Learning, Observation & Effective Coaching
Methodology."" This course is designed to immerse you in the seven essential habits that
drive personal and professional growth. Through experiential learning and keen
observation, you’ll gain a deep understanding of each habit and how to implement them
in your daily life. The course also emphasizes effective coaching methodologies to
reinforce these habits, ensuring longlasting change. By mastering these powerful habits,
you’ll enhance your productivity, improve your relationships, and achieve your goals with
greater ease and efficiency.
Learning Objectives
By the end of the course, participants will be able to:
Master Key Habits for Success: Gain a deep understanding of seven essential
habits and how to integrate them into daily routines to drive personal and
professional growth.
Effective Implementation Strategies: Learn practical methods for applying these
habits through experiential learning and observation to ensure they become part of
your everyday behavior.
Enhanced Coaching Skills: Develop effective coaching techniques to help reinforce
these habits within yourself and others, promoting longlasting change and
improvement.
Improved Productivity and Relationships: Achieve greater productivity and build
stronger, more effective relationships by consistently applying these powerful habits in
various aspects of life
Duration
One (1) FullDay Workshop
Powerful Habits: Experiential Learning,
Observation & Effective Coaching Methodology
DESCRIPTION
Module 1: Proactiveness– Circle of Control, Ideas & Actions
The difference determines how people react to challenges
Activity: Coffee Art Latte (Step 1  How to apply proactiveness)
Able to understand clearly the concept of ""Circle of
Control"" and apply it to real situations
Understand that ideas need to be accompanied by focused
actions to get the desired results
Module 2: End in Mind Philosophy
Understanding the principle that all things are created twice
(mental and physical creation)
Deciding and defining the clear direction of our lives
Activity: Coffee Brewing (Step 2  Applying end in mind
philosophy)
Learn the habit by visualizing the final end goal for
themselves
Module 3: Always Prioritize Urgent vs Important
Developing the habit of discipline & management of lives as per
chosen directions
Differentiating between urgent tasks and important priorities
Activity: Latte Art Work (What’s important and What’s not)
Learn the deep differences between urgent & important and
various associated cases
Powerful Habits: Experiential Learning,
Observation & Effective Coaching Methodology
** All activities are held indoor unless specified
DESCRIPTION
Module 4: Achieving WinWin Situations
Cooperating with others to get better results through mutually
beneficial solutions
Learning the critical baseline balance between courage and
consideration
Activity: Mooncake Making (Collaboration at work)
Learn and internalize the core mindset of how to achieve positive
WinWin outcomes
Module 5: Understand First, Then be Understood
Practicing empathetic listening within the context of experiences,
motives, and behaviors
Suspending personal views and opinions long enough to focus purely
on what the other person is saying and feeling
Activity: Shaping Mooncakes (Communicate to understand and to be
understood)
Learn empathetically about the plight of others and how it shapes
the context of understanding
Module 6: Achieving Synergy
Fostering creative cooperation by respecting and valuing each other's
unique differences
Activity: Decorating Mooncakes
Habitualize thinking of anoth",Mastering Powerful Habits Through Experiential Learning And Coaching,"Powerful Habits: Experiential Learning, Observation & Effective Coaching Methodology",Mastering Seven Powerful Habits Through Experiential Learning And Coaching,Mastering Powerful Habits Through Experiential Learning And Effective Coaching,Mastering Powerful Habits For Personal And Professional Growth,3.95,3.39,50.53,8.77,1.91
c-041cfc7db9,Leading By Listening.pdf,Leading By Listening,"G invico
LEADIN
LISTENING
Nn \f
Walk away with practical 'quick wins' to effectively improve your
Leadership skills and enhance productivity immediately.
G invico
Leading By Listening
Program Overview
‘The world is giving you answers each day. Learn to Listen’ quotestorthemind
Good communication is a must in your professional endeavours and your
personal life. This goes beyond just nodding your head anytime someone
speaks to you. With plenty of active listening skills, you can avoid
misunderstandings, ensure there is lots of recognition, and have a better
understanding of viewpoints.
‘Leaders who do not listen will eventually be surrounded by people who have
nothing to say  Andy Stanley
Leading happens between people. Successful leaders transform their
business environment, organisational culture, people and group a mamics by
the way they listen. This is a oneday program C
Learning Objectives
By the end of the course, participants will be able to: ,
1.Be able to understand and identity the benefits of Leading By Listening
2.Be able to comprehend the threats posed by poorlistening
3.Be able to successfully apply the Leading By Questions skills
4.Be able to successfully apply the Leading By Articulating skills
5.Be able to successfully apply the Leading By Staying Cool, Calm &
Collected
e Duration One(1) FullDay Workshop;
&
G invico
Leading By Listening
(Day 1)
Registration & lceBreaking
Module 1  What Is It
] Hour
Here we explore what leading by listening is. We look at the
whole picture
Understanding Leading by Listening  Every Successful Leader
Knows This
What are the benefits?
What are the negative consequences of poor listening?
What does poor listening in ourselves, at work and in the
organisation like?
Module 2  How It Works
] Hour
Here we explore the skills required to develop successful
leading by listening.
Leading By Questions  Every Conversation Starts with a
Question
How to use the power of questions?
How to use openended questions
Continued on Next Page
&
G invico
Leading By Listening
(Day 1 Continu
Module 3:  Leading By Articulating
Every Word You Say Counts
How does articulating what you know or understand make a
difference?
How to use the what and why formula to enhance a situation?
How to use the what, what and why formula to improve a
situation?
How to give valueadded feedback?
Module 4: How To Use It
2 Hours e
Here we explore the applications of skills learned to
successfully conduct a Leading By Listening session
Leading By Practice  Every Practice Makes You Better
Use Leading By Questions skills in roleplay scenarios
Use Leading By Staying Cool, Calm & Collected in roleplay
scenarios
Summary & Wrap Up
&
If WIGsO",Leading By Listening: Boosting Productivity And Effective Communication,Leadership By Listening: Practical Skills For Effective Communication,Leading By Listening: Practical Communication Skills For Effective Leadership,"Leading By Listening: Enhancing Communication, Questions, And Articulation Skills",Leading By Listening: Enhancing Leadership Through Effective Communication Skills,4.13,3.21,62.73,2.69,2.28
c-0506f7cd09,Effective Spare Parts Cost Reduction Cost through Optimized Spares Inventory.pdf,Effective Spare Parts Cost Reduction Through Optimized Spares Inventory,"EFFECTIVE SPARE
PARTS COST
REDUCTION COST
THROUGH OPTIMIZED
SPARES INVENTORY
Optimize your working capital and eliminate costly equipment downtime by
mastering the inventory control systems, criticality matrices, and warehouse
best practices needed to streamline spare parts management.
Program Overview
Effective Spare Parts Cost Reduction Through Optimized Spares Inventory is an
intensive training program designed to balance spare parts availability with
operational costs. High spare parts availability secures asset uptime, but improper
management easily locks up millions of dollars in bloated, obsolete, or misplaced
inventory. This course targets critical maintenance bottlenecks—such as inaccurate
Bills of Materials (BOMs), obsolescence, and poor tracking—by establishing
systematic inventory classification frameworks (ABC, VED, FSN). Participants will
learn to calculate economic order points, establish asset criticality, and leverage
CMMS data to build a proactive reliability culture that permanently drives down
holding costs and asset downtime.
Learning Objectives
By the end of the course, participants will be able to:
Differentiate between expenditures and apply Economic Order Quantity ($EOQ$)
and reorder points to minimize spare parts holding and ordering costs.
Implement
advanced
framework
analyses—including
ABC,
VED,
and
FSN
methodologies—to systematically organize warehouse inventory and establish part
criticality.
Leverage Bills of Materials (BOM) and CMMS data to eliminate part obsolescence,
track stock locations, and execute repairtoreuse programs.
Duration
Two (2) FullDay Workshop
Effective Spare Parts Cost Reduction Cost
through Optimized Spares Inventory
DESCRIPTION
Module 1: Introduction to Spare Parts Management
What is SPM?
Why manage spare parts
What is a spare parts?
When a spare part is required
Maintenance strategy?
Life Cycle Cost, Meaning, Importance and Analysis
Team Exercise Cause and Effect Diagram
Module 2: Managing InventoryRelated Costs
What Is an Asset?
Fixed Assets vs. Current Assets
Expenditure
Operating Expenditure
Capital Expenditures
What Is a Fixed Cost?
What Is a Variable Cost?
Ordering Cost
Holding Cost
Economic Order Quantity (EOQ)
Re–order point
Module 3: Manage Warehouse/General Store Inventory
Optimize Your Spare Parts Inventory Control System
FSN analysis
Pareto Principle
ABC analysis
VED analysis
SDE analysis
HML analysis
Module 4: Best practices in Spare Part Organization
Systematically identify all parts
Utilize and Manage the Bill of Materials (BOM)
Centralize and consolidate parts
Utilize an Inventory control system
Centralize and consolidate parts
Define a stock location for every part
Perform Audit Regularly
Conducting the Audit
Conformance to the audits
Managing Spare part Effectively
Summary and End of Day 1
(Day 1)
Effective Spare Parts Cost Reduction Cost
through Optimized Spares Inventory
DESCRIPTION
Module 5: Establishing Spare Parts Criticalities
What is spare parts criticality
How to set spare parts criticality
Establishing visual set up
Insurance policy
Cost Effect Compromise
Implement cycle counting for inventory control
Measure Parts Effectiveness
Improve Parts Life
Eliminate Obsolete parts, Obsolescence and Disposal
Module 6: Inventory Management Organization
Introduction to Inventory Management
Roles and Responsibilities
Team Composition
Task Sharing
Creating a Reliability Culture
Create S.M.A.R.T. goals
Identify main cost and downtime driver
Module 7: Best practices in Spare Part Organization
CMMS work in managing work orders
What is a work order?
Work Order Management Software
Implementing Repair
Repair To Reuse
Set Up a Repair Program
Out Source Repair
Invest in Inventory Management Software
Summary and End of Course
(Day 2)
Effective Spare Parts Cost Reduction Cost
through Optimized Spares Inventory",Effective Spare Parts Inventory Optimization For Cost Reduction,Effective Spare Parts Cost Reduction Through Optimized Inventory Management,Strategic Spare Parts Inventory Optimization For Cost Reduction And Asset Uptime,Spare Parts Cost Reduction Through Optimized Inventory Management,Effective Spare Parts Management For Cost Reduction And Inventory Optimization,4.12,3.28,69.55,4.65,1.34
c-057c98f22b,OWN The Shift Be The One Your Team Can Count On Course Outline.pdf,OWN The Shift: Be The One Your Team Can Count On,"OWN THE
SHIFT:
BE THE ONE
YOUR TEAM
CAN COUNT ON
Walk away with practical 'quick wins' to effectively improve your
operation skills and improve productivity immediately.
Program Overview
Learning Outcome
By the end of this program, participants will be able to:
Shift from “just doing my job” to actively contributing to a strong, reliable
team culture
Communicate clearly and respectfully using the 3Cs (Clarity, Consistency,
Connection)
Support peers and FLMs with positive, proactive behaviour that builds trust
Give and receive feedback in a simple, respectful way that energizes team
morale
Apply all learning in a highpressure team simulation, reflecting real shift
challenges
OWN The Shift: Be The One Your Team Can Count On
Operation Specialists (OS) are the backbone of Intel’s Assembly Test
Manufacturing operations. Their role requires speed, precision, adaptability—
and above all—strong teamwork. Yet many OS teams face daily challenges:
Communication breakdowns during handovers
Low motivation during tough shifts
Unclear team expectations
Struggles with personal accountability
In today’s manufacturing landscape, being an OS is no longer just about “doing
your part.” It’s about owning your shift—taking personal responsibility not only
for tasks, but also for the energy, communication, and trust you bring to the
floor. This immersive, activitydriven 1day program is designed to help
Operation Specialists develop the mindset, behaviours, and support systems to
strengthen team dynamics and take ownership of their role. Participants will
walk away not only understanding what great shift behaviour looks like—but
also knowing how to model it every day.
Duration One(1) FullDay Workshop;
Topic
Welcome & Setting the Tone
• Understand the purpose and connection to OS roles in Intel
• Set group expectations and shared values
• Introduce the idea of being a “shift role model”
Activity: Icebreaker : What Makes a Great Teammate?
Module 1:  Team Starts with Me
• What makes a strong team player?
• Learn the 3 Circles: Control / Influence / No Control
• Understand Proactive vs Reactive support
Activity: Impossible Tower Mission
Module 2: Communication that Builds Trust
• Learn the 3Cs of communication: Clarity, Consistency, Connection
• Identify where communication breakdowns happen on the floor
• Practice giving clear, respectful, shiftready instruction
Activity: Trust Talk Relay
Module 3: Feedback For Growth
• Practice giving helpful, specific, kind forwardlooking messages
• Learn feedforward to motivate and raise team morale
• Create Safe space for giving and receiving input: Sandwich Method
Activity: Speed Compliment Relay: SembangSembang
Module 4:  Simulation  The Escape Room
• Practice team roles, shift dynamics, and peer accountability
• Reflect on how individual behaviours impacts team outcome
• Generate actions from the learning
Activity: Escape Room Simulation: Together We Win
Commitment Circle & Closing
• Takeaways Action Board: Write and share your Shift
• Assessment & Closing
Activity: Team Poster Wall
Summary & Wrap Up
(Day 1)
OWN The Shift: Be The One Your Team Can Count On",Advanced Team Collaboration And Leadership For Manufacturing Operations.,Own The Shift: Be The One Your Team Can Count On,Proactive Team Communication And Shift Ownership For Manufacturing Operations,Own Your Shift: Building Team Ownership And Communication Skills,Empowered Team Dynamics For Operation Specialists,4.38,3.25,63.77,3.4,1.66
c-073792eae6,CREDIBLE Leadership Workshop A 2-Day Program for Company Leaders.pdf,CREDIBLE Leadership Workshop A 2-Day Program for Company Leaders,"6 invicc #iar
a poral d
CREDIBLE LEADERSHIP
WORKSHOP:
A 2DAY PROGRAM FOR
COMPANY LEADERS
EMPOWERING LEADERS T0
INSPIRE, INNOVATE, AND
INFLUENCE
Nn |
G inpico
CREDIBLE Leadership Workshop:
A 2Day Program for Company Leaders Empowering Leaders to Inspire, Innovate, ce
Program Overview
In today’s fastchanging business environment, leaders must adapt, inspire, and drive
results while balancing performance and team engagement. The CREDIBLE Leadership
Workshop is a 2day immersive program designed to equip company leaders with the
skills to lead with confidence and impact.
Through interactive sessions, case studies, and handson activities, participants will
master agility, relationshipbuilding, coaching, innovation, and empathy—all essential for
highperforming leadership. By strengthening these core leadership pillars, attendees will
leave with practical strategies to enhance team trust, foster innovation, and sustain long
term success in their organizations. Lead with purpose. Influence with credibility. Elevate
your leadership.
Learning Objectives
By the end of the course, participants will be able to:
e Strengthen the CREDIBLE leadership framework to drive ogontiona
SUCCESS.
e Learn to adapt to change, foster strong relationships, and lead iby example.
e Develop others, innovate, balance tasks & relationships, and cultivate
continuous learning.
e Enhance empathydriven leadership for an engaged and highperforming
team.
e Du ration Two (2) FullDay Workshop;
@
a an
G inpico
CREDIBLE Leadership Workshop:
A 2Day Program for Company Leaders Empowering Leaders to Inspire, Innovat
Program Overview
DAY
Session |: C  Change to Adapt
Understanding the leader's role in driving and adapting to change
e Frameworks for agility and resilience in leadership
Case study: How top leaders successfully navigated disruptive change
Activity: ""Adaptive Leadership Challenge""  roleplaying organizational change
Session 2: R  Relationship Building & Influence
Trust & credibility: The foundation of leadership relationships
The power of influence vs. authority in leadership
Workshop: Building authentic connections through effective communication & active
listening
Activity: ""The Trust Equation""  participants assess their influence and credibility
Lunch Break Ae
Session 3: E  Leading by Example (Role Model Leadership) 7 oe
e Personal accountability: Walking the talk as a leader fe)
Aligning values, words, and actions to inspire teams .
Activity: ""Leadership Mirror Exercise""  selfassessment on being a ‘role model
Session 4: D  Developing Others & Coaching for Growth
The leader as a coach: Empowering individuals to grow
e Feedback that drives performance & engagement
Case study: How leaders develop highpotential employees
Activity: Live coaching simulation  giving developmental feedback
@
a an
G inpico
CREDIBLE Leadership Workshop:
A 2Day Program for Company Leaders Empowering Leaders to Inspire, Innovat
Program Overview
DAY 2
Module 5:1  Innovate & Drive Change
Creating a culture of innovation and continuous improvement
e How leaders encourage creativity & risktaking
Case study: Companies that successfully built innovationdriven cultures
Activity: ""Al & Leadership Innovation Challenge""  group problemsolving
Module 6: B  Balancing Task & RelationshipOriented Leadership
e The Leadership Matrix: Finding the balance between results & people
e When to be directive vs. supportive
Workshop: Identifying personal leadership style & finding balance
Activity: Case study roleplay  handling performance vs. engagement dilemmas
Lunch Break |
Module 7: L  Learning Continuously as a Leader Ge
Growth mindset in leadership 7 oe
\
e How to stay relevant & lead in the era of change
Activity: ""Personal Development Blueprint""  leaders create their learning roadmap
Module 8: E  Leading with Empathy ~
e Why empathy is a critical leadership skill oS
Emotional intelligence & its impact on leadership
* Case study: How empathy builds engagement and retention ‘.
Activity: ""PerspectiveTaking E",Credible Leadership Workshop: Empowering Company Leaders To Inspire Innovation And Drive Results,"Credible Leadership Workshop: Empowering Leaders To Inspire, Innovate, And Influence",Empowering Corporate Leaders Through The Credible Leadership Framework,"Credible Leadership: Empowering Leaders To Inspire, Innovate, Influence","Credible Leadership: Empowering Leaders To Inspire, Innovate, And Succeed",4.29,3.44,73.43,7.41,1.09
c-0a3d35bf49,Microsoft 365 Copilot for Real Work.pdf,Microsoft 365 Copilot for Real Work,"MICROSOFT 365
COPILOT FOR REAL
WORK
Supercharge your daily workflow and maximize workplace efficiency by
transforming raw prompts into powerful, automated output across the entire
Microsoft 365 application suite.
Program Overview
This handson course helps participants use Microsoft 365 Copilot for real workplace tasks
without going into heavy AI theory. The focus is on practical daily productivity: writing better
emails, summarising information, improving documents, preparing presentations, understanding
simple data, and using Copilot Chat or appbased Copilot correctly.
Participants will learn by doing. Each module starts with a workplace task, followed by guided
Copilot practice, prompt improvement, and realwork application. The course is designed for
beginners and users who want to become more confident using the Copilot tools available in
their Microsoft 365 environment.
By the end of the course, participants will be able to use Copilot more confidently, write better
prompts, choose the right Copilot tool for the task, and build a simple personal prompt toolkit for
daily work.
Learning Objectives
By the end of the course, participants will be able to:
Identify the Copilot tools available in their Microsoft 365 environment.
Use Copilot Chat and Copilot inside Microsoft 365 apps for common workplace tasks.
Improve weak prompts into clearer prompts that generate better results.
Apply Copilot to emails, documents, notes, presentations, and simple data tasks.
Create a reusable personal prompt toolkit for daily work productivity.
Prerequisites
Participants should have:
Basic working knowledge of Microsoft 365 apps such as Outlook, Word, PowerPoint, Excel,
and Teams.
Access to Microsoft 365 Copilot, Copilot Chat, or Copilot apps within the organisation’s
Microsoft 365 environment.
A willingness to practise using Copilot with workplacestyle activities.
No prior AI, automation, programming, or advanced technical knowledge is required.
Duration
Two (2) FullDay Workshop
Microsoft 365 Copilot for Real Work
DESCRIPTION
Opening, Expectations & Copilot First Access Check
Module 1: Copilot First Run — What Can I Use Today?
Getting started with Microsoft 365 Copilot
Exploring Copilot Chat
Finding Copilot inside Microsoft 365 apps
Understanding what participants can use without Copilot Pro
What to do when a Copilot feature is not available
Safe and responsible use of Copilot at work
Module 2: Prompt Fix Lab — Turning Weak Prompts into Useful Results
What makes a prompt weak or unclear
Why Copilot output changes based on prompt quality
How to improve prompts using:
Clear task instruction
Context
Audience
Output format
Expected result
Using followup prompts to improve Copilot’s first answer
Module 3: Chat or App? Choosing the Right Copilot for the Job
When to use Copilot Chat
When to use Copilot inside Word, Outlook, PowerPoint, Excel, and Teams
How Copilot Chat prompts are different from appbased prompts
Why appbased Copilot can use the current document, email, slide,
meeting, or data context
How to use Copilot Chat as a backup when appbased Copilot is not
available
Choosing the right Copilot tool for the right task
Module 4: Email & Message Makeover with Copilot
Drafting professional emails with Copilot
Rewriting rough messages into clearer communication
Adjusting tone for different audiences:
Manager
Client
Colleague
Team
Vendor
Summarizing long email threads
Extracting key points and action items
Summary and End of Day 1
(Day 1)
Microsoft 365 Copilot for Real Work
DESCRIPTION
Recap of Day 1
Module 5: From Messy Notes to Clear Documents
Turning rough notes into structured documents
Summarizing long content into key points
Creating executive summaries
Improving document clarity and flow
Rewriting content for readability
Converting meeting notes into minutes and action items
Improving short reports and workplace updates
Module 6: Faster Slides and Management Updates with Copilot
Turning reports or notes into presentation outlines
Creating cle",Microsoft 365 Copilot For Real-World Productivity And Efficiency,Microsoft 365 Copilot For Real Work Productivity,Microsoft 365 Copilot For Real Workplace Productivity And Prompt Mastery,Practical Microsoft 365 Copilot Skills For Daily Workplace Productivity,Microsoft 365 Copilot: Enhancing Workplace Productivity And Efficiency,4.2,3.36,71.77,1.86,1.98
c-0b734151c7,Who Moved My Cheese Course Outline.pdf,Leadership Lessons From Who Moved My Cheese,"LEADERSHIP
LESSONS FROM
WHO MOVED
MY CHEESE
Lead your team through organizational transitions with confidence by shifting
mindsets, overcoming the paralysis of fear, and transforming unexpected
workplace friction into strategic growth opportunities.
Program Overview
Leadership Lessons From Who Moved My Cheese is an immersive, 1day program
specifically engineered for corporate leaders navigating modern workplace
transitions. In an evolving professional landscape, managing shifting projects,
fluctuating client demands, and structural changes is inevitable. This masterclass
strips away the complexity of change management, using experiential activities,
group discussions, and roleplay to help leaders break out of old, stagnant
behavioral loops. By mastering the art of early disruption detection and moving
decisively past the paralysis of fear, participants will learn to anchor their teams
around a consistent longterm vision, ensuring organizational resilience.
Learning Objectives
By the end of the course, participants will be able to:
Track subtle behavioral and environmental shifts early to adapt proactively to
organizational changes before they become disruptive obstacles.
Move past the paralysis of fear, challenge outdated beliefs, and confidently
guide teams into unfamiliar operational territory.
Deconstruct complex scenarios, abandon unhelpful legacy practices, and
quickly commit to new strategic milestones to prevent team stagnation.
Duration
Two (2) FullDay Workshop
Leadership Lessons From Who Moved
My Cheese
DESCRIPTION
Module 1: Are You Afraid of Change?
Getting out of your comfort zone isn't easy. However, it is only beyond
that warm glow of familiarity that thriving begins. To embrace change,
you have to be open to it first.
Module 2: Are You Sniff, Scurry, Hem, or  Haw?
Find out more about simple and complex characteristics and try to
recognize which one of these roles do you identify with the most as
you run life's maze?
Module 3: Anticipate  And React  To Change
Anticipate and prepare for change, says Dr Johnson. Remember,
nothing is permanent but being ready for altered circumstances helps
you move on faster when the winds of change pick up speed.
Module 3: Anticipate  And React  To Change (Continued)
Module 4: Embrace Fear, Don’t Fight It
It is okay to feel afraid of the unknown. However, don't let that dread
hold you back from exploring new, uncharted territories, that is where
the ""new cheese"" is. Get your inner 'Haw' moving and reap the benefits
of conquering fear.
Module 5: You Are Not Alone
Being ""cheeseless"" is tough but deciding to step out of the known is
far more challenging. Look out for all the helping hands extended
towards you.
Module 6: Change and Change Again
Realize! Change is the only constant. The earlier you accept and make
your move, the happier you tend to be.
Postassessment
Summary and End of Course
Leadership Lessons From Who Moved
My Cheese
** All activities are held indoor unless specified",Leadership Lessons From Who Moved My Cheese,Leadership Lessons From Who Moved My Cheese: Navigating Organizational Transitions,Adaptive Leadership: Guiding Teams Through Organizational Change With Strategic Resilience,Leading Teams Through Organizational Change: Overcoming Fear And Driving Growth,Leadership Strategies For Navigating Organizational Change,4.1,3.3,64.26,2.9,1.89
c-0d820233d2,Technical Structured Problem Solving(TSPS) Course Outline.pdf,Technical Structured Problem Solving (TSPS~8D),"Technical Structured
Problem Solving
(TSPS~8D)
Enhance
your
team's
analytical
capabilities and master the art of
technical structured problemsolving
to tackle complex challenges with
precision.
A 2Day HandsOn Workshop for Professionals
Technical Structured Problem Solving (TSPS~8D)
Why This Workshop Matters
In technical and manufacturing environments,
problems escalate quickly, affecting yield, quality,
cost, and delivery.
This workshop equips teams with a proven structured
method to:
Isolate true root causes
Prevent recurrence
Improve crossfunctional troubleshooting
Strengthen technical decisionmaking
Document and communicate issues
professionally
TSPS ensures problems are solved correctly,
systematically, and permanently.
Technical Structured Problem Solving (TSPS~8D)
Training Needs We Address
Based on industry feedback, the workshop solves
Unclear or inaccurate problem statements
Difficult facilitating crossfunctional
problemsolving
Repeated technical issues due to weak root
cause identification
Ineffective containment & corrective actions
Lack of structured troubleshooting tools
Poor report writing on technical findings
Lack of standradisation after solutions are
implemented
Inconsistent documentation and reporting.
Technical Structured Problem Solving (TSPS~8D)
Target Audience
Engineering & Technical Teams
Process & Integration Engineers
Manufacturing Specialists
Quality & Reliability Professionals
Technical Structured Problem Solving (TSPS~8D)
IT & Data Analysts involved in
troubleshooting
Anyone responsible for resolving technical,
quality, or operational problems.
Workshop Objectives
Participants will:
Develop effective containment
& corrective actions
Validate and standardise long
term solutions
Communicate results clearly to
management
Create clear, accurate problem
statements
Use structured tools for root
cause verification
Technical Structured Problem Solving (TSPS~8D)
Document findings in a TSPS
Summary Report
Lead and facilitate cross
functional problemsolving
Apply the 7step TSPS
Methodology
What Makes This
Workshop Unique
Not a generic “problemsolving” course — but a
battletested technical methodology used in
semiconductor, electronics, and manufacturing
industries.
This programme integrates:
• Structured 8Dinspired technical framework
• Root cause analysis tools
• Team facilitation skills
• Real case studies
• Worksheets, checklists & templates
• Practical “verifybeforefix” approach
• Clear reportwriting guidance
Technical Structured Problem Solving (TSPS~8D)
Day 1 Overview
Insight Extraction, Communication & Dashboarding
Case Study Application
TSPS Framework & Team Setup
Current Situation & IS/IS NOT Analysis (Step 2)
Define the Problem (Step 1)
Root Cause Identification (Step 3)
Escape Point Analysis
Testing & Verification of Root Causes
Technical Structured Problem Solving (TSPS~8D)
Day 2 Overview
Solution Development, Standardisation &
Reporting
Develop Solutions
Implement & Validate PCA
Standardise Solutions
TSPS Summary Report Writing
Team Presentation & Review
Next Steps & Learning Capture
Technical Structured Problem Solving (TSPS~8D)
Methodology
Group problemsolving
Instructorled teaching
Handson exercises using TSPS worksheets
Root cause analysis practice
Case study walkthroughs
Technical Structured Problem Solving (TSPS~8D)
Participants learn through
Q&A troubleshooting support
Tools provided:
✓ TSPS Checklist
✓ Cause Analysis Worksheets
✓ TSPS Summary Report Template
✓ Job Aids
Key Takeaways
Participants leave with:
Stronger technical
communication
Clear corrective action
and standardisation
capability
Proven problem solving
skills
Confidence in
identifying&validating root
causes
Tools that can be used
immediately on the job
Technical Structured Problem Solving (TSPS~8D)
A complete TSPS
Summary Report
With over 28 years of experience in manufacturing, quality, and technical
problemsolving, Dr. Chew is recognised as one of the region’s top technical
trainers.
He has taught professionals from Intel, ",Advanced Structured Problem Solving For Technical Teams,Technical Structured Problem Solving (Tsps~8D) Workshop,Mastering 8D Technical Problem Solving For Engineering And Manufacturing Professionals,Technical Structured Problem Solving: Mastering Root Cause Analysis And 8D Methodology,Technical Structured Problem Solving Using The 8D Methodology,4.18,3.4,64.59,7.32,1.27
c-12e4f6c4f5,Workplace Wellness.pdf,Workplace Wellness (1 Day),"WORKPLACE
WELLNESS
(1 DAY)
Reclaim your mental edge and stop burnout before it starts by mastering NLP
driven pattern interrupts, priority alignment via the Eisenhower Matrix, and
sustainable energy tracking.
Program Overview
In today's fastpaced work culture, maintaining a healthy worklife balance and
prioritizing personal wellbeing is essential for sustained productivity and job satisfaction.
Forbes magazine report postpandemic we are experiencing a ‘new kind of burnout’ that
is seriously jeopardising our wellbeing. Burnout especially, 76% of employees and 96% of
leaders experiencing burnout at some point in their careers, it seems obvious that
preventing burnout and looking after our wellbeing should be a business priority for all –
but what does that look like? So, what can we do about it, as employers and employees?
Learning Objectives
By the end of the course, participants will be able to:
Understand Stress and Burnout  Recognizing the signs and symptoms. Exploring the
impact of stress and burnout on performance and wellbeing
Time Management  Manage Priority with Eisenhower Time Matrix
Selfcompassion & Self Care – are your ‘S.E.E’ (sleep, eat, exercise) align with the
‘Human Design’ Modal? Introduce the IKIGAI Rules of Longevity and Happiness
Emotional Management – using Emotional Journalling to track your emotional state
and analyse your emotional trigger. Pattern Interrupt and State Management
Technique allow an instant shift to the desired peak emotion
Mindset Management – Reframing negative thoughts and the power of words (POW)
at the subconscious level to build a resilience mind. Develop a growth mindset with
PossiblePositive belief
Duration
One (1) FullDay Workshop
Workplace Wellness (1 Day)
DESCRIPTION
Welcome and Introduction & Program Overview
Module 1: Introduction
Understand Stress and Burnout
Recognizing the signs and symptoms
Exploring the impact of stress and burnout on performance and well
being
Activity: Group discussion
Module 2: Emotional Management
Emotional Journalling to track your emotional state and analyse your
emotional trigger.
Pattern Interrupt to break the unresourceful state
State Management Technique allow an instant shift to the desired
peak emotion
Activity: Group Activity
Module 3: Mindset Management
Growth Mindset  Reframing negative thoughts
Power of words (POW) at the subconscious level
Resilience mind  Develop the PossiblePositive Belief
Activity: Group Activity
Module 4: Time Management
You don’t manage time, you manage Priority
Manage Priority with Eisenhower Time Matrix
Manage Your energy for Peak Outcome
Activity: Build your Eisenhower Matrix
Module 5: Selfcompassion & Self Care
Wheel of Life assessment – What is your focus?
‘Human Design’ and your ‘S.E.E’ (sleep, eat, exercise) pattern
Introduce the IKIGAI Rules of Longevity and Happiness
Activity: What is You Outlook  Wheel of Life
Module 6: Reflection & Sharing
What is your Daily Hi5?
Summary and End of Course
Workplace Wellness (1 Day)",Mastering Burnout Prevention And Peak Performance Through Nlp And Time Management Strategies,Understanding And Managing Burnout Through Nlp And Priority Management,"Workplace Wellness: Burnout Prevention, Resilient Mindset, And Sustainable Energy Management","Preventing Burnout With Nlp, Eisenhower Matrix & Resilience Strategies",Mastering Workplace Wellness: Strategies For Burnout Prevention And Resilience,4.16,3.24,64.84,9.26,1.23
c-13648cd0ed,ISO 90012015 Awareness Training.pdf,ISO 14001:2015 Awareness Training,"ISO 9001:2015
AWARENESS
TRAINING
Cultivate an organizational culture of continuous improvement and
institutionalize global operational benchmarks by mastering the foundational
structure and implementation mechanics of the ISO 9001:2015 Quality
Management System (QMS) framework.
Program Overview
ISO 9001:2015 Awareness Training is an intensive, 2day workshop engineered for
management teams, QMS leaders, and operational supervisors to align corporate
processes with international quality benchmarks. This program details the 7 Quality
Management Principles and breaks down the complete highlevel structure of the
standard, from defining organizational context to executing performance
evaluations. Through handson application labs—including SWOT matrices, risk
criteria mapping, and operational Turtle Diagrams—participants will bridge
theoretical standard clauses with daily practical controls. Ultimately, this course
equips your team to drive operational excellence, establish riskbased thinking, and
sustain continuous improvement initiatives.
Learning Objectives
By the end of the course, participants will be able to:
Understand the core requirements of ISO 9001:2015, the certification process,
and the 7 foundational Quality Management Principles that guide operational
excellence.
Formulate compliant quality policies, identify interested parties' expectations,
define clear organizational roles, and chart interactive process business maps.
Formulate clear risk analysis criteria, map operational processes using technical
tools like Turtle Diagrams, and deploy effective corrective action tracking to
drive continuous improvement.
Duration
Two (2) FullDay Workshop
ISO 9001:2015 Awareness Training
DESCRIPTION
Quality Management System 7 Principles
Certification Process
Module 1: Scope
Module 2: Normative Reference
Module 3: Terms and Definitions
Module 4: Context of the Organization
Workshop PDCA layout of QMS
Workshop PDCA improvement
Workshop PDCA SWOT (COTO)
Module 4: Context of the Organization (Continued)
Workshop needs & expectations of interested parties
Workshop business map  processes & interactions
Module 5: Leadership
Workshop establishing quality policy
Workshop roles, responsibilities & authorities
Summary and End of Day 1
(Day 1)
ISO 9001:2015 Awareness Training
DESCRIPTION
Recap of Day 1
Module 6: Planning
Workshop establising risk criteria
Workshop risk analysis
Module 7: Support
Exercise identify resources
Module 8: Operation
Workshop establish processes (Turtle Diagram / Flow Chart /
Table)
Module 9: Performance Evaluation
Exercise monitoring and measurement resources
Module 10: Improvement
Exercise undertsanding corrective action
Summary and End of Course
(Day 2)
ISO 9001:2015 Awareness Training",Iso 9001:2015 Quality Management System Awareness For Operational Excellence,Understanding And Implementing Iso 9001:2015 Quality Management Principles,Iso 9001:2015 Awareness: Quality Management System Fundamentals And Continuous Improvement,Iso 9001:2015 Quality Management System Awareness And Implementation Training,Iso 9001:2015 Quality Management System Awareness And Implementation Training,4.12,3.31,86.6,3.14,1.18
c-15c33a57cf,Automotive Core Tools SPC.pdf,Automotive Core Tools: SPC,"AUTOMOTIVE
CORE TOOLS:
SPC
This course provides knowledge for current internal auditors and personnel
involved in the development and management of an automotive quality
management system
Program Overview
To accomplish continual improvement, there must be a commitment to improvement and
us of effective methods. Statistical Process Control (SPC) describes several basic
statistical methods that can be used to make our efforts at improvement more effective.
This is aimed at practitioners and managers beginning the application of statistical
methods, covering statistical process controls and process capability analysis.
Learning Objectives
By the end of the course, participants will be able to:
To understand the concepts of automotive core tools SPC.
To utilize essential statistical techniques and skills in ensuring evidencebased
effective implementation to an automotive quality management system.
Duration
One (1) FullDay Workshop
Automotive Core Tools:
SPC
DESCRIPTION
• ·Introduction to Statistical Process Control
(AIAG SPC 2 Edition)
• Concepts and Utilization
• Control Charts
• How to Decipher
• Statistical Calculation Exercises
Lunch Break
• XbarR Chart
• XMR Chart
• Cp
• Cpk
• Q&A session
(Day 1)
Automotive Core Tools:
SPC",Automotive Quality Management System Fundamentals And Statistical Process Control,Statistical Process Control For Automotive Quality Management,Automotive Core Tools: Statistical Process Control And Process Capability Analysis,Statistical Process Control For Automotive Quality Management,Automotive Quality Management: Mastering Statistical Process Control Techniques,4.09,3.11,53.99,1.35,1.82
c-1773478532,NLP  From Fundamentals to Real-World Applications Course Outline.pdf,Natural Language Processing: From Fundamentals to Real-World Applications,"Walk away with practical “quick wins” to implement NLP
techniques and drive impactful results immediately.
NATURAL
LANGUAGE
PROCESSING
FROM FUNDAMENTALS
TO REALWORLD APPLICATIONS
Enhance your team's proficiency and master the art of applying natural
language processing (NLP) from fundamentals to realworld solutions.
Synopsis
This handson training program provides participants with a deep understanding
of Natural Language Processing (NLP) concepts, techniques, and applications.
Through practical exercises and realworld case studies, participants will learn
how to process, analyze, and derive insights from text data using NLP models. By
the end of the training, attendees will be equipped with the necessary skills to
implement NLP solutions in their respective domains.
NLP : From Fundamentals to RealWorld Applications
What You’ll Learn
Participants will gain foundational and advanced knowledge in NLP, including text
preprocessing, word embedding, and information extraction. They will develop
skills in building text classification models, topic modeling, and text
summarization. Additionally, they will explore realworld applications like
sentiment analysis and customer feedback processing. The training will culminate
in a handson project where participants apply their knowledge to build an end
toend NLP solution.
Who Should Attend
This training is ideal for data scientists, machine learning engineers, software
developers, business analysts, and researchers looking to enhance their skills in
NLP.
Prerequisite
Basic understanding of python programming.
Methodology
Theoretical insights with handson practical exercises.
Duration
2day Full Workshop.
NLP : From Fundamentals to RealWorld Applications
Duration
Details
1. Introduction to Natural Language Processing
o Overview of NLP and its applications across industries
o Understanding the role of AI in text processing
2. Setup the Environment
o Installing and configuring Python libraries for NLP
o Setting up Jupyter Notebook for experimentation
3. Text Preprocessing Techniques
o Tokenization, stemming, and lemmatization
o Stopword removal and text normalization
o Handling noisy and unstructured text data
4. Word Embeddings and Representations
o Understanding word embeddings
o Introduction to contextual embeddings
5. Named Entity Recognition (NER) & PartofSpeech (POS)
Tagging
o Identifying entities in text (names, locations, organizations, etc.)
o Implementing POS tagging using NLP libraries
6. Information Extraction
o  Extracting structured data from unstructured text
o  Using rulebased and MLbased approaches for extraction
Course Outline & Schedule  (Day 1)
NLP : From Fundamentals to RealWorld Applications
Duration
Details
1. Building a Text Classification Model
o Introduction to supervised learning for text classification
o Training and evaluating a sentiment analysis model
2. Topic Modeling and Text Clustering
o Understanding topic modeling techniques
o Clustering similar documents for pattern detection
3. Text Summarization
o  Extractive vs. abstractive summarization techniques
o  Using NLP models to generate concise summaries
4. Analyzing Customer Feedback
o  Sentiment analysis and intent detection for customer insights
o  Case studies on realworld customer feedback analysis
5 .Project: EndtoEnd NLP Application Development
o  Participants will work on a realworld NLP project
o  Applying learned techniques to build and present their NLP
solutions
Course Outline & Schedule  (Day 2)
Disclaimer:
The use cases presented in this workshop are subject to change based on
advancements in OpenAI's API capabilities and participant needs",Natural Language Processing Fundamentals To Real-World Applications,Natural Language Processing: From Fundamentals To Real-World Applications,Natural Language Processing: From Fundamentals To Real-World Applications,Natural Language Processing: From Fundamentals To Real-World Applications,Natural Language Processing: From Fundamentals To Real-World Solutions,4.14,3.28,53.14,3.41,1.11
c-1aa078a931,IATF 16949_2016 Interpretation & Application.pdf,IATF 16949:2016 Interpretation & Application,"IATF 16949:2016
INTERPRETATION
& APPLICATION
Accelerate automotive manufacturing excellence by decoding the IATF
16949:2016 standard to build rigid, highstandard compliance and drive
flawless tierone customer satisfaction.
Program Overview
IATF 16949:2016 is a global standard that guides how automotive
manufacturers and suppliers should manage quality, consistency, and
customer satisfaction. It ensures that organizations can produce automotive
parts that are safe, reliable, and meet customer & regulatory requirements.
Note: The IATF 16949:2016 standard text does not include ISO9001:2015
requirements. This course does not cover the requirements of ISO 9001:2015.
Learning Objectives
By the end of the course, participants will be able to:
Interpretation of the new requirements
Understanding of the rationale and foundation of the standard
Actions required to establish, implement and maintain the IATF
management system
Duration
One (1) FullDay Workshop
IATF 16949:2016 Interpretation &
Application
DESCRIPTION
Module 1: The IATF 16949 Evolution
Background of IATF, IATF Scheme, scope of IATF registration,
goals of IATF
Module 2: Process Approach and Risk Based Thinking (Part 1)
Clause 1: Scope
Clause 2: Normative Reference
Clause 3: Terms and Definition
Clause 4: Context of organization
Clause 5: Leadership
Module 2: Process Approach and Risk Based Thinking (Part 2)
Clause 6: Planning
Clause 7: Support
Workshop: Identify documented information required by IATF
clauses.
Module 2: Process Approach and Risk Based Thinking (Part 3)
Clause 8: Operation
Workshop: Identify documented information required by IATF
clauses.
Module 2: Process Approach and Risk Based Thinking (Part 4)
Clause 9: Evaluation
Clause 10: Improvement
Summary and End of Course
IATF 16949:2016 Interpretation &
Application",Iatf 16949:2016 Interpretation & Application For Enhanced Quality Management,Iatf 16949:2016 Interpretation & Application,Iatf 16949:2016 Interpretation And Application For Automotive Quality Management,Iatf 16949:2016 Interpretation And Application For Automotive Quality Management,Iatf 16949:2016 Interpretation And Application For Automotive Excellence,4.14,3.28,62.4,8.23,1.25
c-1c57e5ee7b,Artificial Intelligence for Engineers Course Outline.pdf,Artificial Intelligence for Engineers,"Walk away with practical “quick wins” to integrate AI
into your engineering workflows and boost efficiency
immediately.
ARTIFICIAL
INTELLIGENCE
FOR ENGINEERS
Enhance your engineering expertise and master the art
of leveraging artificial intelligence to optimize design,
analysis, and problemsolving.
Program Overview
Artificial intelligence (AI) is rapidly transforming the manufacturing industry.
AIpowered technologies are being used to automate tasks, make better decisions,
and improve quality. As an engineer, you can play a key role in this transformation.
This program will teach you the skills you need to use AI in manufacturing and
engineering. You will learn about the latest AI technologies, such as machine
learning, deep learning, and natural language processing. You will also learn how
toapply AI to realworld manufacturing problems, such as product design &
development, process improvement, quality control, and maintenance.
Course Objectives
By the end of this program, participants will be able to:
Understand the basics of artificial intelligence (AI)
Learn about the latest AI technologies, such as machine learning, deep learning,
and natural language processing.
Learn how to apply AI to realworld engineering and manufacturing problems.
Develop the skills necessary to use AI in manufacturing
Walk away with a list of AI ‘quick wins’ – engineering and manufacturingdriven
business cases they can start right away in their organization
Artificial Intelligence for Engineers
Methodology
Interactive group discussions, lectures, exercises, case studies and sharing of real
world experiences.
Number of Participants : Max 20 per workshop
Medium of Instruction : English and Bahasa Malaysia (where applicable)
Facility : Each participant to bring a laptop
Duration
2day Full Workshop.
Artificial Intelligence for Engineers
Course Outline & Schedule (Day 1)
Duration
Details
Module 1 : Introduction to AI & Engineering
Learning + Debrief:
What is AI?
History of AI.
Applications of AI in engineering
Benefits & Challenges of using AI in Engineering
Ethical considerations in AI usage
Module 2 : AI Success Stories in Engineering
Learning + Debrief:
Case studies of how AI has been used to improve engineering processes
and products
Examples of how AI can be used to achieve realword results
Module 3 : The Data Science Process
Learning + Debrief:
A systematic approach to analyzing, visualizing, and modeling big data
Different steps in the data science process
How to use data science to solve engineering problems
Module 4 : Data Cleansing
Learning + Debrief:
The process of cleaning and preparing data for analysis
Different types of data errors
Techniques for correcting data errors
Artificial Intelligence for Engineers
Course Outline & Schedule (Day 2)
Duration
Details
Module 5 : Exploratory Data Analysis (EDA)
Learning + Debrief:
A technique for exploring data to gain insights and identify patterns
Different methods for EDA
How to use EDA to identify potential problems or opportunities in engineering
Module 6 : Models & Algorithms
Learning + Debrief:
Different models and algorithms that can be used for machine learning and
artificial intelligence
Different types of models, such as supervised, unsupervised and reinforcement
learning
Different types of algorithms, such as decision trees, neural networks, and SVM
How to use models & algorithms to solve engineering problems
Module 7 : Key Competencies
Learning + Debrief:
Skill that are needed for developing and deploying AI systems in engineering.
Some of the key competencies include data science, ML, NLP, Computer vision,
Cloud Computing and communication.
Module 8 : IndustrySpecific Business Cases
Learning + Debrief:
How AI can be used to solve business problems in engineering
Examples of how AI can be used to improve efficiency, productivity and customer
service in engineering
Module 9 : Demos, Mini Projects, & AI Driven Business Case Brainstorming
Learning + Debrief:
Opportunity to apply the skills l",Artificial Intelligence For Engineers: Boosting Efficiency And Innovation,Artificial Intelligence For Engineers: Practical Applications And Quick Wins,Applied Artificial Intelligence For Engineering And Manufacturing,Artificial Intelligence For Engineers,Artificial Intelligence Applications In Engineering Workflows,4.16,3.28,71.34,20.94,1.69
c-1cf479cee7,Inspiring Leadership Excellence.pdf,Inspiring Leadership Excellence: Leading From Good to Great,"Inspiring
Leadership
Excellence
Leading From Good to
Great
With Colored Brain Communication
and Emotional Driver
“The key to
successful
leadership is
not in natural
gifts, but in
the ability to
maximize
maximize the
natural gifts
of those
around you.”
The Surface
Perception
Iceberg
Team Synergy
Breakdown
Chronic
Miscommunication
Stagnant
Leadership
The Root
Causes
Clashing Brain
Processing
Hidden Emotional
Drivers
Unseen
Limitations
Who Should Attend
Executives & HODs
Cultivating highperformance
cultures and driving highlevel
strategic synergy.
Engineers &
Functional Teams
Improving crossfunctional
communication and mutual
understanding.
Managers
Enhancing team management,
mitigating conflict, and
amplifying influence.
Aspiring Leaders
Anyone ready to move from
‘good’ to ‘great’ by mastering
personal responsibility and
selfawareness.
Workshop Objectives & Key Takeaways
Decode Group
Dynamics
Defeat conflict and overcome
miscommunication.
Identify Leadership
Identity
Capitalize on natural
strengths and strategically
leverage weaknesses.
Discover Hidden
Motivations
Increase selfmotivation and
team passion beyond money.
Shift Cognitive
Focus
Move from process/problem
fixation to a solutionfocused,
purposeful mindset.
The Science of Leadership
Beyond the lecture: Utilizing storytelling,
proprietary tools, and scenariobased games
to make learning instantly impactful.
Directive
Communication
(DC) Psychology
by Arthur F.
Carmazzi
Interactive
Learning
Experiential
Activities
Facilitative
Training
Participant
Focused
The Colored Brain Model
The 8 Emotional Drivers
Function:
Defines how our brain processes
and interprets the world.
Discovers the root cause of disengagement,
clarifies communication gaps, and
establishes trust.
Function:
Uncovers the emotional gratification that
drives behavior and commitment beyond
financial incentives.
Reveals internal motivational
factors.
Impact:
Day 1: Decoding the Mind
Foundation
in Leadership
Defining traits and
creating the 7 Rules
of Inspiring
Leaditude.
The CBCI
Deep Dive
identifying your
communication
enemies and
leadership
danger zones.
© Morning
Colored Brain
in Action
Understanding
Ambiguity Relief
and identifying
your leadership
potential.
Experiential Activities
&}4 Follow The Leader Game
24 Colored Glasses Syndrome Treasure Hunt
cae Colored Company Game
Time
Content
Module 1: Foundation in Leadership
Who is the Leader?
Definition of leadership
Leadership Traits & Quality
Activity: Leadership Styles Analysis
Module 2: Inspiring Leadership
Leadership vs Management
What set the difference for ‘Inspiring Leadership’?
Creating the 7 Rules of Inspiring Leaditude
Activity: Follow The Leader Game
Module 3: The Colored Brain Communication Inventory Assessment
Colored Brain Communication Inventory (CBCI)
What is Your Colored Brain?
Who is your communication enemy and what is yourleadership danger zone?
Activity: Colored Glasses Syndrome Treasure Hunt
Day 1 Schedule
Time
Content
Module 4: The Colored Brain Communication & Leadership  Part 1
How does your brain get clarity? Ambiguity Relief
Boost your natural talents, potential, strength & weaknesses
Your Leadership Potential  Best Color for Leadership
Activity: Video viewing & Discussion
Module 4: The Colored Brain Communication & Leadership  Part 2
Scenario Based learning: Colored Company Game
Debriefing of learning points
Colored Brain of companies, leaders and countries
Benefits of Colored Brain
Summary and End of Day 1
Day 1 Schedule (Continued)
Day 2: Driving the Action
Psychology
of Motivation
Mapping Human
Needs, Emotional
Gratification, and
the 8 Ernotional
Drivers.
(CQ) MidDay
Attitude &
Commitment
Overcoming the 4
Insanithes, Scania
Need
Syndrome, por Satine
the Pyramid of
Commitment,
©) Afternoon
()) Morning
The Colors of
Leadership
Defining key
competencies and
engineering
ideal Team
Formations.
Experiential Activities
WW Pick Your Cards
e% Hero, Villain, Observer scenario challenge
Destination: Synergy
Time
Content
Recap of Day 1
Module ",Mastering Inspiring Leadership With Colored Brain Communication,Leadership Excellence Through Colored Brain Communication,Inspiring Leadership Excellence Through Colored Brain Communication And Emotional Drivers,Inspiring Leadership From Good To Great With Colored Brain & Emotional Drivers,Inspiring Leadership Excellence Through Colored Brain Communication,6.33,3.45,53.34,18.78,1.84
c-1d4ec3b124,Artificial Intelligence for Finance Course Outline.pdf,Artificial Intelligence for Finance,"Walk away with practical “quick wins” to apply AI in
financial analysis, risk management, and process
optimization immediately.
ARTIFICIAL
INTELLIGENCE
FOR FINANCE
Enhance your financial expertise and master the art of
leveraging artificial intelligence for datadriven
decisionmaking and automation.
Program Overview
Artificial Intelligence for Finance is a comprehensive program that will teach you
the skills you need to use artificial intelligence (AI) to transform your business or
department. The program covers the latest AI technologies, such as machine
learning, deep learning, and natural language processing. You will also learn how
to apply AI to realworld financial problems, such as risk assessment, fraud
detection, customer segmentation, and demand forecasting. This training
program is perfect for businesses of all sizes that want to stay ahead of the
competition. With AI, you can automate tasks, make better decisions, and improve
your bottom line. This is an opportunity to learn the skills you need to succeed in
finance.
Course Objectives
By the end of this program, participants will be able to:
Build a solid understanding on what AI is
Appreciate the data science & AI ecosystem and how they apply to financial
business cases
Experience handson endtoend financial AI system development and
deployment
Walk away with a list of AI ‘quick wins’ – financedriven business cases they can
start right away in their organization
Artificial Intelligence for Finance
Methodology
Interactive group discussions, lectures, exercises, case studies and sharing of real
world experiences.
Number of Participants : Max 20 per workshop
Medium of Instruction : English and Bahasa Malaysia (where applicable)
Facility : Each participant to bring a laptop
Duration
2day Full Workshop.
Artificial Intelligence for Finance
Course Outline & Schedule (Day 1)
Duration
Details
Module 1: Big data analytics (BDA) and AI overview
Learning + Debrief:
This module provides an overview of big data analytics (BDA) and artificial
intelligence (AI), including their definitions, history, and applications in
finance. It also discusses the benefits and challenges of using BDA and AI
in finance, and the ethical considerations involved.
Module 2: BDA and AI success stories (Malaysia and Regional)
Learning + Debrief:
This module looks at some of the success stories of BDA and AI in
Malaysia and the region. It covers how BDA and AI have been used to
improve business performance in a variety of industries, such as
manufacturing, healthcare, and retail. This module provides examples of
how BDA and AI can be used to achieve realworld results.
Module 3: The Data Science Process
Learning + Debrief:
This module describes the data science process, which is a systematic
approach to analyzing, visualizing, and modeling big data. It covers the
different steps in the data science process, such as data collection, data
cleaning, data analysis, and AI model building. This module is important for
understanding how to use data science to solve business problems,
especially in finance.
Module 4: Data Cleansing
Learning + Debrief:
This module covers the process of cleaning and preparing data for
analysis. It discusses the different types of data errors that can occur, as
well as the techniques that can be used to correct them.
Artificial Intelligence for Finance
Course Outline & Schedule (Day 2)
Duration
Details
Module 5: Exploratory Data Analysis (EDA)
Learning + Debrief:
This module describes exploratory data analysis (EDA), which is a technique for
exploring data to gain insights and identify patterns. It covers the different methods
that can be used for EDA, such as data visualization, statistical analysis, and
hypothesis testing. This module is important for understanding how to explore data
and identify potential problems or opportunities.
Module 6: Models and Algorithms
Learning + Debrief:
This module covers the different models and algorithms that can be used for
machine learning and a",Mastering Financial Ai For Data-Driven Decision Making,Artificial Intelligence For Finance: Transforming Business With Data-Driven Solutions,Artificial Intelligence For Finance: Data-Driven Decision Making And Process Optimization,Artificial Intelligence Applications In Financial Analysis And Risk Management,Artificial Intelligence Mastery For Financial Analysis And Risk Management,4.21,3.43,48.05,3.3,1.73
c-1f738f2efd,Effective Communication Course Outline.pdf,Effective Communication,"EFFECTIVE
COMMUNICATION
Bridge communication gaps, align diverse personal dynamics, and deliver
impactful messages with the empathy and clarity needed to foster deep
workplace trust.
Program Overview
In today’s collaborative environment, technical expertise alone isn’t enough—
success hinges on how effectively we connect. This intensive 1day workshop
is designed to elevate your professional relationships by turning everyday
interactions into opportunities for alignment. Participants will learn to master
the fundamental building blocks of communication, recognize diverse
personal dynamics, and leverage active listening to resolve conflicts before
they escalate. By developing sharp articulation skills, a strong voice, and
confident body language, you will gain the practical tools necessary to break
down workplace silos, build mutual trust, and lead your team toward shared
organizational goals.
Learning Objectives
By the end of the course, participants will be able to:
Identify the fundamental elements and processes of communication to
align diverse personal dynamics effectively.
Apply active listening, sharp articulation, and positive body language to
communicate messages with clarity and impact.
Leverage strategic communication techniques to navigate difficult
conversations, resolve conflicts, and build trust in the workplace.
Duration
One (1) FullDay Workshop (7 Hours)
Effective Communication
DESCRIPTION
Module 1: Think on Your Feet
The creative brain & logical brain
The house model  OBC
5 WIVES 1 Husband @ Small Town
Module 2: Speak with Clarity & Brevity
Contrast  Spot the Difference
The Pendulum Model  Cause & Effect
Triads  Clock, Globe, Pyramid
Module 3: Building Ice Breaking Rapport
Small Talk with ‘Liking’  People Like People Like Them
Give before take with ‘Reciprocity’  First Impression
Quick Trust with ‘Authority’  Social Proofs
Module 4: Secret Sauce for Attention Grabber
Open like a band  Questioning Techniques
Surprise & Supense  Speak the Uncommon
Preframing & Twist
Module 5: Handling Questions
Grand finale of learnings showcases
Voting for Best award
Closing
Summary and End of Course
Effective Communication",Effective Communication For Aligning Workplace Dynamics,Effective Communication For Workplace Trust And Success,"Effective Workplace Communication: Clarity, Trust-Building, And Conflict Resolution",Strategic Communication For Workplace Trust And Conflict Resolution,Mastering Effective Communication For Workplace Trust And Collaboration,4.11,3.14,49.97,23.05,0.99
c-20afedbbcf,Grinding Practical Hands On Course Outline.pdf,Grinding Practical Hands On,"GRINDING
PRACTICAL
HANDS ON
Master the core fundamentals of mechanical grinding, assembly wheel
engineering, and industrial safety through an intensive, handson practical
application workshop.
Program Overview
Grinding Practical Hands On is a comprehensive, oneday technical workshop
designed to equip industrial leaders and technical teams with the essential
principles of mechanical grinding. Participants will start by mastering the
mechanical components, functions, and dressing methods of the assembly wheel.
The training transitions into mandatory safety protocols, hazard identification, and
tool selection to ensure effective workplace practices. Finally, an extended
afternoon practical session allows learners to apply precision grinding techniques
under expert instructor guidance, transforming theoretical engineering principles
into mastered, realworld shopfloor skills.
Learning Objectives
By the end of the course, participants will be able to:
Understand the components and functions of the assembly wheel in
mechanical grinding.
Master safety protocols and guidelines for effective grinding practices.
Develop proficiency in selecting and using appropriate grinding tools for
different applications.
Acquire a comprehensive knowledge of precision grinding techniques.
Duration
One (1) FullDay Workshop
Grinding Practical Hands On
DESCRIPTION
Module 1: Basic Handling & Overview of Mechanical Grinding
Principles
Basic of metal grinding
Equipment
Usage of dressing wheel
Module 2: Components & Functions of the Assembly Wheel
Basic operation of assembly wheel
Components of assembly wheel
Practical functions
Module 3: Safety Protocols in Grinding Operations
Safety procedure
Safety equipment
Hazards
Module 4: Practical HandsOn Session
Practical session with instructor
Summary and End of Course
Grinding Practical Hands On",Mastering Mechanical Grinding And Assembly Wheel Engineering,Mastering Mechanical Grinding And Safety Practices Through Practical Application,"Hands-On Mechanical Grinding: Assembly Wheel Engineering, Safety, And Precision Techniques","Hands-On Mechanical Grinding: Assembly Wheel, Safety, And Precision Techniques",Fundamentals Of Mechanical Grinding And Safety Protocols,4.05,3.16,49.81,3.7,1.3
c-20c409f38c,Programmable Logic Controllers(PLC).pdf,Programmable Logic Controllers (PLC),"PROGRAMMABLE
LOGIC
CONTROLLERS
(PLC)
Master automated machinery control and bridge the gap between industrial
hardware and software logic by designing, programming, and executing real
world PLC applications.
Program Overview
Programmable Logic Controllers (PLC) is an intensive, 2day workshop that blends
core theoretical knowledge with interactive, handson industrial training.
Engineered to introduce participants to modern automation concepts and
operations, this course utilizes dedicated PLC training kits and simulation tools
modeled on the industrystandard OMRON range of PLCs. Attendees will actively
explore control system terminology, hardware architectures, and the functional
relationship between sensors and actuators. By learning to construct and analyze
Ladder Logic programming, participants will gain the practical skills needed to
interface hardware, configure timers, and successfully manage automated
conveyor system applications.
Learning Objectives
By the end of the course, participants will be able to:
Navigate hardware components, memory areas, and the operational
relationship between system sensors and actuators.
Apply binary and boolean logic to design, write, and configure essential PLC
timers and counters.
Interface a physical PLC trainer unit with a conveyor subsystem to execute and
troubleshoot realworld industrial applications.
Duration
Two (2) FullDay Workshop
Programmable Logic Controllers (PLC)
DESCRIPTION
Module 1: Introduction to PLC Architecture and Control Systems
Gain a theoretical introduction to the foundational concepts
and operational functions of a PLC unit.
Explore the specific construction and layout of the industry
standard OMRON PLC.
Master common terms used in the PLC operating environment,
including inputs, outputs, and sinking/sourcing concepts.
Understand the integration of sensors and actuators and how
they interface with the controller.
Analyze the internal architecture of a PLC unit, including its
various memory areas.
Module 2: Ladder Logic Design and Logic Circuit Fundamentals
Learn the theoretical principles of binary arithmetic and simple
logic circuits.
Participate in dedicated logic exercises to reinforce
mathematical automation concepts.
Gain an introduction to the ladder programming language using
a physical PLC trainer unit.
Configure input and output addresses for specific PLC trainer
applications.
Apply Boolean logic principles to write and execute basic
software programs.
Conduct practical, handson exercises to design and test simple
hardware control circuit
Summary and End of Day 1
(Day 1)
Programmable Logic Controllers (PLC)
DESCRIPTION
Module 3: Advanced Instructions — Configuring Timers and
Counters
Review and reinforce the core hardware interfaces and basic
ladder circuits developed during earlier sessions.
Expand programming capabilities on the PLC trainer unit by
learning how to configure, scale, and trigger system counters.
Master the integration of industrial timers to control process
delays, sequence operations, and track system uptimes.
Analyze the technical operation of material handling conveyor
training systems and explore their realworld manufacturing
applications.
Module 4: System Integration and Conveyor Automation
Application
Integrate multiple distinct automation skills by connecting a
physical conveyor training system directly to the main PLC
trainer unit.
Write, debug, and execute comprehensive application programs
that allow the PLC to safely and efficiently control the conveyor
network.
Engage in intensive, handson troubleshooting exercises to
simulate and resolve realworld shop floor hardware and
software faults.
Complete a full review of all technical programming structures,
boolean instructions, and hardware configurations covered
across the course.
Summary and End of Course
(Day 2)
Programmable Logic Controllers (PLC)",Advanced Plc Programming And Automation For Industrial Control Systems,Mastering Programmable Logic Controllers For Automation Control,Programmable Logic Controllers: Ladder Logic Programming And Industrial Automation Applications,Programmable Logic Controllers Ladder Logic Timers And Conveyor Automation,Mastering Programmable Logic Controllers For Industrial Automation,4.13,3.25,52.72,8.53,1.02
c-218d577fbf,Production Supervisor Development Program.pdf,Production Supervisor Development Program,"PRODUCTION
SUPERVISOR
DEVELOPMENT
PROGRAM
Empower operational leadership on the manufacturing floor by combining
execution accountability with Lean Six Sigma practices to drive a safety
driven, qualityfocused culture.
Program Overview
This two
day program equips production supervisors to deliver extraordinary results and
build a culture of manufacturing excellence. Day 1 develops execution, accountability,
and team leadership through practical simulations and role plays. Day 2 strengthens
knowledge on advanced problemsolving, Lean practices, and manufacturing systems
necessary to create a proactive, safetydriven, and qualityfocused culture on the
manufacturing floor. By the end, participants will be ready to lead confidently, drive
performance, and sustain a resilient culture of continuous improvement.
Target Audience: This program is designed for supervisors with prior experience in
managing production teams, mid
level managers responsible for operational
outcomes, and professionals preparing for higher leadership roles. The program is
ideal for those seeking to sharpen both technical expertise and peopledevelopment
skills while cultivating resilient, highperforming teams.
Learning Objectives
By the end of the course, participants will be able to:
Translate strategies into clear operational plans.
Build accountability through SMART goals and effective KPIs.
Lead and empower teams with trust, resilience, and agility.
Motivate, coach, and develop talent for long
term success.
Apply root cause analysis and data
driven problem solving.
Drive continuous improvement using Lean, Kaizen, and process control.
Collaborate effectively across functions.
Develop people and create sustainable, high
performing teams.
Duration
Two (2) FullDay Workshop
Production Supervisor Development Program
DESCRIPTION
Opening & Introduction & Icebreaker activity
Module 1: Execution Excellence
Turning strategies into operational plans.
Prioritization, resource allocation, and time management.
Communication clarity.
Module 2: Accountability & Ownership
Building clear responsibility structures and setting SMART goals
Identifying the right Performance Metrics & KPIs.
Encouraging self
management and team accountability.
Activity: “Drone Manufacturing Factory” (Simulation)
Module 3: Leading and Empowering Teams
Leader vs Manager roles.
Building trust in the organization.
Communicating effectively with management and stakeholders
Delegation and decision
making authority.
Module 4: Carrot and the Stick Approach
Motivating and engaging employees to deliver outcomes.
Coaching and developing talent for long
term impact.
Managing poor performance.
Activity: Managing poor performance role play.
Summary and End of Day 1
(Day 1)
Production Supervisor Development Program
DESCRIPTION
Module 5: Advanced ProblemSolving Methodology
Data driven root cause analysis and corrective actions.
Continuous improvement and innovation.
Module 6: Manufacturing Practices – Part 1
Safety and Quality systems.
Lean Six Sigma, Kaizen methodology.
Process Control Methodology.
Module 6: Manufacturing Practices – Part 2
Manufacturing Capacity / Resource Planning Methodology.
Understanding factory cost structure.
Activity: Problem Solving Roleplay
Module 7: Culture for manufacturing excellence
Proactive vs reactive culture.
Open communication.
Safety, Quality and Output culture
Activity: Making cultural changes (role play)
Summary and End of Day 1
(Day 2)
Production Supervisor Development Program",Advanced Leadership For Manufacturing Excellence,Advanced Production Supervision: Lean Six Sigma And Leadership Excellence,"Production Supervision Excellence: Operational Leadership, Lean Six Sigma, And Team Development","Production Supervisor Development: Execution, Accountability, And Lean Six Sigma Leadership",Production Supervisor Development For Lean Six Sigma Excellence,4.1,3.23,54.51,26,2.37
c-2231757816,Lean Six Sigma - Green Belt Certification Course Outline.pdf,Lean Six Sigma - Green Belt Certification,"GO inv
LEAN SIX SIGMA
GREEN BELT
CERTIFICATION
Walk away with a list of key “quick wins” cases
you can start right away in the organization!
lll
e Dorp ®
4 &
E o>
vine eno
G inpico é
Lean Six Sigma  Green Belt Certifica
Program Overview ‘N
The Lean Six Sigma Green Belt Certification is a comprehensive 10day
program designed to equip professionals with the skills and knowledge
needed to drive process improvements within their organizations. By
integrating Lean principles, which focus on eliminating waste, with Six Sigma
methodologies aimed at reducing variation, this certification ensures a
structured approach to achieving operational excellence.
Participants will learn to apply DMAIC (Define, Measure, Analyze, Improve,
and Control) methodology, utilize statistical tools, and lead improvement
projects.
Learning Objectives
By the end of the course, participants will be able to:
Ability to use a structured approach to process improvement
Ability to use DMAIC methodology  Define, Measure, Analyse, Implement &
Control ne
Skills to predict, prevent and control defects in a process ~?
e Understanding of the elements of waste
Who Should Attend
Engineers, Section Heads, Managers, Technicians; Senior Technicians &
Supervisors with Yellow Belt qualification
Methodology
The workshop is highly interactive and uses practical exercises, discussions,
case studies,video presentation and games to reinforce understanding and
assist and enhance the transfer of learning. The participants will learn how to
proactively apply the new learning immediately on return to their own work
environment. Participants are expected to have Minitab or JMP software to
carry out statistical calculations. Every 2 days, there will be a presentation to
the Management Team to present the participants
project progress. GH
CS SSE, a
G invico
Lean Six Sigma  Green Belt Certfica
e Certification
1.Certification requires candidates to complete a series of tests with a
passing grade of 70% or higher in a multiplechoice exams after each
module.
2.The exam is intended to validate the Candidate & proficiency with the
tools and techniques.
Course Outline
Session A (5 Days)
Phase 1  Project Selection (Day 1&2)
i.Course Logistics (rules, program layout,
expectations)
ii.What is Six Sigma? (introductory overview)
iii.Project Selection
iv.Project Planning and Charters
v.Internal Process Measures (KPI's) & baseline
setting
vi.Introduction to DMAIC project
management
vii. Introduction to Lean
e a. The 7 wastes
e b.Value add from customers perspective
c. Importance of Flow
e d.The importance of 5S &amp;
standardization
e e. Kanban systems
f. How to sustain Lean at the workplace?
° g. Activity
viii. VSM ( Value Stream Mapping)
ix. Assessment
Phase 2  Define and Measure (Day 3&4&5)
i. Introduction to Minitab
i. Basic Statistical Concepts
a. Sampling power & size
b. Mean & average : 60
c. Standard deviation ~~~
d. Process capability analysis
e. Machine capability
f. Graphs
iii. Control:Charts
a. Variable charts
e b. Attributive charts
iv. The Define Phase
v. Process Mapping
vi. MSA (Measurement System Analysis)
ea. GR&R (Gage repeatability &
reproducibility)
e b. Variable & attributive GR&R
vii. Project presentation
viii. Assessment
rey
G invico
Lean Six Sigma  Green Belt Certifica
Course Outline
Session B (5 Days)
Phase 3  Analyze and Improve (Day 6&7)
i. The Analyze Phase
ii. Root Cause Problem Solving Tools
a. Fishbone
e b. 5 Why's
ec. FIA
e d.lIs/Is not analysis
e. DOE (Design of Experiments) with
Minitab 17
iii. Basic Experimental Design (Hypothesis
Testing)
iv. Linear Regression
v. More DOE with Minitab 17
° a. Steps to DOE
e b. Noise factors
c. Randomization
e d. Blocking
e. Repetition &amp; replication
vi. FMEA (Failure Mode Effect Analysis)
vii. The Improve Phase
viii. Assessment
ix. Project presentation
Phase 4  Control (Day 8&9)
i. The Control Phase
ii. Basic Cost Benefit Analysis
iii. The Control Plan Strategy
iv. Error prooting
v. Visual management
vi. Levels of Control
vii. R",Advanced Lean Six Sigma Green Belt Certification For Operational Excellence,Lean Six Sigma Green Belt Certification Program,Lean Six Sigma Green Belt Certification For Process Improvement And Operational Excellence,Lean Six Sigma Green Belt Certification: Process Improvement And Dmaic Mastery,Lean Six Sigma Green Belt Certification For Process Improvement Leaders,4.17,3.34,51.66,12.15,2.96
c-2319aa97e3,ATV Adventure Tour(Package).pdf,ATV Adventure Tour,"1. ATV Tour (Double Rider)
- Description: Feel the drive of Riding an ATV while taking the view to see the scenery of the Paddy Field, Scenery of the Village view, Fish Pond, Fruit Farm, and Small Forests
- Details: Guided by a Marshall during the tour | Duration: 2 Hours+
- Features: Mangrove Tree, Sunset View, Paddy Field

2. Archery (Indoor)
- Description: Compete individually or in groups in a archery stand-off. Learn from the best and utilize those skills in archery-themed challenges.
- Details: Learn the basics from a guide | Duration: 2 Hours+
- Features: Fun Environment, Assigned Guide

3. Batik Painting
- Description: Batik painting is a very relaxed activity. Participants will get one batik frame tool and coloring. An instructor will demonstrate how to mix the correct color and its up you to create the best batik.
- Details: Learn the steps from an instructor | Duration: 2 Hours+
- Features: Comfy Studio, Instructor

4. Horse Riding
- Description: Come join us in the stables with our well-trained horses and passionate trainers. Learn how to interact with a horse and make life-long bonds along the way.
- Details: Learn the steps from an instructor | Duration: 2 Hours+ | Safety Equipment Provided
- Features: Ride Comfortably, Gentle Horses","Advanced Adventure And Artistic Experiences: Atv, Archery, Batik Painting, And Horse Riding",Batik Painting Basics And Beyond,Multi-Activity Outdoor Adventure And Recreational Experience,Adventure Sports And Cultural Arts Experience,"Adventure And Skills Development Through Atv Tours, Archery, Batik Painting, And Horse Riding",4.19,3.08,50.43,9.23,1.33
c-2636c0fecc,Conference The EQ Edge Driving Engagement & High Performance.pdf,The EQ Edge: Driving Engagement & High Performance,"Overview:
Studies have revealed that people with high EQ are often the most successful in their personal lives as well as their careers. EQ plays a huge part in Employee Engagement and getting employees to be innovative, creative, and think out of the box for excellent problem-solving and decision-making.

Key Benefits & Objectives:
- Enhance strategies and understand the components of High EQ for Employee Engagement.
- Utilize personal strengths to enhance the organization.
- Learn to read Big 5 Personality Profiles using the LPI Model.

Schedule & Outlines:

DAY 1:
Morning Session:
- Registration & Opening Keynote: Setting the stage; Perception & Self-Talk; Intrapersonal and Interpersonal Skills; Case Study Video (High EQ vs. Low EQ)
- Session 1: Emotional Intelligence Quotient (EQ) in Action: Personality Profiling – LPI Model (the Big 5), Creative Imaginator, Team Profile Combinations, Case Study Videos (Recognising Profiles)
- Session 2: EQ through Personality Inventory: Understanding Socio-Emotional Security & Significance in self and employees; Case Study on Security & Significance

Afternoon Session:
- Session 2 (Continued): EQ through Personality Inventory
- Session 3: Personality of the Person / Leader
- Forum Discussion & Q&A: Discuss Learnings
- Closing Keynote: Recap of key insights for Day 1

DAY 2:
Morning Session:
- Registration & Opening Keynote: Setting the stage for Day 2
- Session 4: Perception and Stress: Happiness Chemicals and How to Get Them; Thankfulness & Self-Pity Chart; Real-Life Case Studies
- Session 5: Emotional Excellence and Emotional Intelligence of the Person / Leader: Emotional intelligence in the workplace and addressing its scarcity

Afternoon Session:
- Session 6: The Emotionally Excellent Innovative and Creative Person / Leader: Optimizing Self-Development; Enriching Interpersonal Skills; Organizational Application
- Forum Discussion & Q&A: Discuss Learnings
- Closing Keynote: Recap of key insights for Day 2

Speakers:
- Chee Kok Beng (Principal Consultant & Trainer)
- Koay Kheng Huat (Organization Transformation Leader)",High Eq For Exceptional Employee Engagement And Organizational Success,Enhancing Employee Engagement Through High Eq: Understanding And Applying Emotional Intelligence,Emotional Intelligence And Personality Profiling For High-Performance Workplace Leadership,Mastering Emotional Intelligence For Employee Engagement And Creative Leadership,Enhancing Employee Engagement Through Emotional Intelligence And Personality Profiling,4.11,3.2,58.38,10.99,1.61
c-270a07181c,ISO 22002 PRP on Food Safety.pdf,ISO 22002 PRP on Food Safety,"ISO 22002 PRP ON
FOOD SAFETY
Strengthen your organization’s food safety foundation by mastering the
compliance and implementation requirements of ISO 22002 Prerequisite
Programmes.
(BASED ON ISO
& ISO 220021:2025)
Program Overview
A robust food safety management system is only as strong as its foundational controls.
Prerequisite Programmes (PRP) on Food Safety is a practical, 1day course designed to
provide a detailed interpretation and execution strategy for the ISO 22002 standard.
Essential for food safety team members, managers, and internal auditors, this program
covers critical manufacturing elements—including facility layouts, utilities, hygiene
practices, and contamination prevention. Ultimately, participants will gain the vital skills
needed to successfully implement these prerequisites, ensuring full compliance with ISO
22000 and FSSC 22000 frameworks.
It is suitable for new members of the Food Safety (HACCP) team, management of food
businesses and also serves as a beneficial knowledge refresher.
Learning Objectives
This programme aims to provide delegates with the following knowledge and skills:
Interpretation of the ISO 22002 requirements
Application to aid implementation of this prerequisite programme
Upon completion of the training, delegates will :
Have a good understanding of the prerequisite programmes linked to ISO/FSSC
22000
Have the skills to develop and apply the requirements in their own organization
Duration
One (1) FullDay Workshop
ISO 22002 PRP on Food Safety
(Based on ISO  & ISO 220021:2025)
DESCRIPTION
Module 1  3: The Basics of PRP
Module 4: Construction and layout of buildings
Module 5: Design and layout of facilities and workspaces
Module 6: Utilities
Module 7: Pest control
Module 8: Waste, FLW management and recycling
Module 9: Equipment suitability and maintenance
Module 10: Management of purchased materials
Module 11: Storage, including warehousing and transport
Module 12: Measures for prevention of contamination
Module 13: Cleaning and disinfection
Module 14: Personnel Hygiene and employee facilities
Module 15: Product and consumer information
Module 16: Food defence and food fraud
Module 17: Rework
Summary and End of Course
ISO 22002 PRP on Food Safety
(Based on ISO  & ISO 220021:2025)
ISO 9001, ISO 14001, ISO 45001, Food Safety Management
System Trainer
Trainer
IRCA Certificated Principal Auditor (QMS) (Membership No. 1187941)
Approved Lead Tutor for CQI & IRCA Certified ISO 9001:2015 Lead Auditor (QMS) Training Course
Approved Tutor for ISO 9001, ISO 14001, ISO 45001, FSSC 22000 and Food Safety Courses
Institute of Environmental Management & Assessment (IEMA) Certified Environmental Management
System Auditor
PSMB (HRDC) Accredited Trainer
Derrick Choong Wee Thiam
Qualifications
About the Trainer
Derrick is an engaging and inspiring trainer with more than 20 years’ experience in training who is able
to deliver tried and tested solutions to various sectors of industries for quality (ISO 9001), environment
(ISO 14001), occupational health & safety (ISO 45001) and food management system (HACCP,
ISO22000, FSSC22000) for manufacturing and services industries.
With his education in Food Science and Technology (1 class Hons) and work experiences as quality and
R&D manager in a global company and as consultant, Derrick has exposure across multicultural
practices and assisted more than 200 clients in achieving management systems certification. His clients
included major multinational organizations within the Asian region including Malaysia, Singapore,
Philippines, Hong Kong and mainland China.
His vast industry experience include manufacturing (semiconductors, electronics, packaging materials,
machinery, food, printing, ink & paint, aerospace parts, medical devices, chemicals, oleochemicals,
construction materials, vehicle parts & assembly, construction materials, paper, fabric & garment, toy),
oil & gas services, education, design & construction, warehouse and logistics services, carpark
management, ",Advanced Food Safety Management For Manufacturing Operations,Iso 22002 Prp On Food Safety Management,Implementing Iso 22002 Prerequisite Programmes For Food Safety Compliance,Implementing Iso 22002 Prerequisite Programmes For Effective Food Safety,Mastering Iso 22002 Prerequisite Programs For Food Safety Compliance,4.17,3.41,49.53,7.41,1.2
c-271e63424f,The Winning Attitude For Employees Course Outline.pdf,The Winning Attitude For Employees,"THE WINNING
ATTITUDE FOR
EMPLOYEES
Ignite a culture of high performance and transform your workplace dynamics
by breaking free from stagnant mindsets and embracing a motivated,
purposedriven professional outlook.
Program Overview
In today’s fastpaced corporate environment, the difference between success and
stagnation often comes down to a single factor: attitude. The Winning Attitude For
Employees is an engaging, 2day personal development masterclass designed to
recondition mindsets and eliminate the ""loser's mentality"" that drains workplace
productivity. Through critical thinking shifts, positive selfbelief, and emotional
intelligence strategies, this course empowers participants at all professional levels
to navigate change proactively. Attendees will master the leadership, supervisory,
and interpersonal skills needed to overcome difficult workplace challenges,
influence team dynamics positively, and consistently achieve their goals with
renewed motivation.
Learning Objectives
By the end of the course, participants will be able to:
Develop excellent leadership capabilities to positively influence working
relationships, navigate group dynamics, and effectively manage difficult
professional scenarios.
Alter your everyday state of mind using positive polarization frameworks and
practical goal alignment to become highly proactive when navigating
corporate change.
Build a positive personal brand and apply emotional intelligence principles to
elevate personal perception, motivate peers, and consistently drive your team
toward shared operational goals.
Duration
Two (2) FullDay Workshop
The Winning Attitude For Employees
DESCRIPTION
Module 1
The 7 C's winners' conditioning
Concept, Confidence, Concentration, Consistency,
Commitment, Character and Capacity
How to alter our state of mind by tapping into the subconscious.
Module 2
The power of focusing on positive polarization factors and
affirmations.
Programming yourself through a positive winning attitude.
How to adopt a positive perception to create a positive team
culture.
Module 3
The 3 key factors to your success program.
Setting a positive selfbelief system.
Creating a positive personal branding and window.
Summary and End of Day 1
(Day 1)
The Winning Attitude For Employees
DESCRIPTION
Module 4
Why positive attitude is an important element in leadership and
motivational skills?
The success principles that we can harness to our advantage.
Module 5
The 2 important principles that influence a winning attitude.
Why emotional intelligence is critical to a winning attitude?
Module 6
Why perception affects your emotional intelligence?
How to bring out the best in your team.
Roleplay
Case Study.
Summary and End of Course
(Day 2)
The Winning Attitude For Employees",Advanced Strategic Mindset Development For High Performance Teams,Developing A Winning Attitude For Employee Success,Winning Attitude: Transforming Workplace Mindset Through Emotional Intelligence And Proactive Leadership,"Developing A Winning Attitude: Leadership, Emotional Intelligence & Mindset Mastery",The Winning Attitude: Cultivating High Performance In The Workplace,4.09,3.18,62.15,10.75,1.65
c-2859851be2,Industry 4.0 Advanced Data Science &Data Visualization & Machine Learning with Python Course Outline.pdf,Industry 4.0 Advanced Data Science &Data Visualization & Machine Learning with Python,"G invico
INDUSTRY 4.0:
ADVANCED DATA SCIENCE Se
DATA VISUALIZATION &
MACHINE LEARNING WITH
PYTHON
Nn le
G invico
Industry 4.0: Advanced Data Science,Data Visualization & Machine Lea ython
Program Overview
This Machine Learning online course will provide you with insights into the vital roles
played by machine learning engineers and data scientists.
Upon completion of this course, you will be able to uncover the hidden value in data
using Python programming for futuristic inference.
Learning Objectives
By the end of the course, participants will be able to:
e Master the concepts of supervised and unsupervised learning,
recommendation engine, and time series modelling
Gain practical mastery over principles, algorithms, and applications of
machine learning
Implement models such as support vector machines, kernel SVM, naive
Bayes, decision tree classifier, random forest classifier, logistic regression,
Kmeans clustering and more in Python °°
e Duration Five (5) FullDay Workshop;
@
G inpico
Industry 4.0: Advanced Data Science,Data Visualization & Machine Lea ython
Time
30 Minutes Learming + Debrief:
e Short Intro on Trainer Background
® Key points
1 Hour MODULE 1: INTRODUCTION TO ARTIFICIAL INTELLIGENCE AND MACHINE LEARNING
2 Hours MODULE 2. TECHNIQUES OF MACHINE LEARNING
1 Hour Lunch
1 Hour MODULE 3. MATHEMATICS & STATISTICS REFRESHER
2 Hours MODULE 4. ACCESSING/IMPORTING AND EXPORTING DATA
30 Minutes Recap & O&A
30 Minutes Learning + Debrief:
e Shortrecap of day1
® Key points
MODULE 5. DATA CLEANING MANIPULATION MUNGING
MODULE 6 . DATA ANALYSTS VISUALIZATION
1 Hour Lunch
1 Hours MODULE 7. LINEAR REGRESSION
MODULE &. LOGISTIC REGRESSION
30 Minutes Recap & O&A
@
CS I >
G inpico
Industry 4.0: Advanced Data Science,Data Visualization & Machine L
ea ython
DAY 3
Time [Details
30 Minutes Learning + Debrief:
® Shortrecap of day2
® Key points
DAY 4
[time | etals
30 Minutes Learning + Debrief:
* Shortrecap of day3
* key points
MODULE 13. MODEL EVALUATION, IMPROVEMENTS & PERFORMANCE METRICS
MODULE 14. KERNEL LEARNING
1 Hours MODULE 15. SUPPORT VECTOR MACHINES
MODULE 16.UNSUPERVISED LEARNING: SEGMENTATION
30 Minutes Recap & Q&A
@
CS I >
G inpico
Industry 4.0: Advanced Data Science,Data Visualization & Machine Lea ython
DAY 5
30 Minutes Learning + Debrief:
Short recap of day4
Key points
ORME: AM NGUAGE PRONE 17. NATURAL LANGUAGE PROCESSING
@
G invico
Industry 4.0: Advanced Data Science,Data Visualization & Machine Lea
« Course Outline
MODULE 1: INTRODUCTION TO ARTIFICIAL
INTELLIGENCE AND MACHINE LEARNING
Course Contents:
Applications of Machine Learning
Machine learning examples
Setting up Anaconda & Python Notebooks.
Working on notebooks for Data Science
MODULE 2. TECHNIQUES OF MACHINE
LEARNING
Course Contents:
Supervised learning
Unsupervised learning
Semisupervised
MODULE 3 . MATHEMATICS & STATISTICS
REFRESHER
Course Contents:
* Concepts of linear algebra
Euclidean and NonEuclidean geometry
Introduction to Calculus
Probability and statistics
e Distributions, CDF, PDF
e Mean, Median, Mode
Standard Deviation, quartiles, percentiles
Variable Relationships & Estimation
Hypothesis Testing
MODULE 4. ACCESSING/IMPORTING A
EXPORTING DATA
Course Contents:
Importing Data from various sources (Csv, txt,
excel...etc) Viewing Data objects
Exporting Data to various formats
Important python modules: Pandas,
beautltulsoup
MODULE 5. DATA CLEANING MANIPULATION
MUNGING
Course Contents:
Cleansing Data with Python
Data Manipulation steps(Sorting& filtering&
duplicates, merging, appending, derived
variables, sampling, Data HRO*
))
Data iehcta en Peioperétors Functions,
conversions, renaming,
formatting etc)
Packages, control structures, Loops, arrays etc)
Python Builtin Functions (Text, numeric, date,
utility functions)
Python User Defined Functions
Stripping out extraneous information
Normalizing data
Formatting data
Important Python modules for data
manipulation (Pandas, Numpy, re, math, string,
datetime..etc)
@
G invico
Industry 4.0: Advanced Data Science,Da",Advanced Data Science With Python And Machine Learning Techniques,"Advanced Data Science, Data Visualization, & Machine Learning With Python",Advanced Machine Learning And Data Visualization With Python,"Industry 4.0: Advanced Data Science, Data Visualization & Machine Learning With Python","Advanced Data Science, Visualization, And Machine Learning Techniques With Python",4.32,3.65,64.08,3.29,2.29
c-2ad80a0cf0,Microsoft Power Apps Workshop - HRDF Training.pdf,55265AC Microsoft Power Apps for End Users,"55265AC
MICROSOFT
POWER APPS
FOR END USERS
Accelerate your internal business efficiency and eliminate manual data entry
barriers by learning to design, test, and deploy customized, lowcode mobile
and desktop applications across your entire corporate ecosystem.
Program Overview
Microsoft Power Apps for End Users is a highly practical, 2day instructorled workshop
engineered to help professionals transform their daily workflows without deep software
development or coding knowledge. Moving past the limitations of restrictive data forms,
this course takes users through structured, handson labs to build tailored applications
from scratch or prebuilt templates. Participants will learn to manipulate data across
cloud and onpremises storage architectures, integrate apps directly into Microsoft Teams
and SharePoint Online, and brand their designs for consistent corporate alignment. From
canvas layouts to modeldriven solutions, this technical masterclass bridges the gap
between raw data collection and mobileready business deployment.
Learning Objectives
By the end of the course, participants will be able to:
Design responsive canvas and modeldriven business applications from templates or
blank layouts using custom logos, screen colors, and layout formulas.
Link apps securely to cloud or onpremises storage systems and configure custom text
or chart controls to maximize user data entry.
Publish apps to mobile devices and seamlessly embed them into existing corporate
systems like Microsoft Teams and SharePoint Online.
Duration
Two (2) FullDay Workshop
55265AC Microsoft Power Apps
for End Users
DESCRIPTION
Module 1: An Introduction to PowerApps
What is PowerApps?
The benefits of apps
How to get PowerApps
Canvas Apps and ModelDriven Apps
License Options and Costs
Discover PowerApps with Templates
Lab: Introduction to PowerApps
Try the Cost Estimator App
Download and Review App Design
Sample App of your choice
Module 2: Getting Started with PowerApps
Building a new app from a data source
Add, edit and remove controls
Intro to Formulas
Testing an app
App Settings
Publish and Share Apps
Version History and Restore
PowerApps Mobile App
Lab: Getting Started
Create App from an existing Data Source
Publish and Share
View an app on your mobile device
(Day 1)
55265AC Microsoft Power Apps for
End Users
DESCRIPTION
Module 3: Branding and Media
Less is more
Duplicate Screens
Fonts
Screen Colours and Matching Colours
Screen Backgrounds
Buttons and Icons
Hide on Timer
Size and Alignment by reference
Show and Hide on Timer
Lab: Branding and Media
Backgrounds and icons
Import Class Data from Excel
Duplicate Screen
Module 4: PowerApps Controls
Text Controls for Data Entry and Display
Controls – Drop downs, combo box, date picker, radio button and more
Forms – Add and edit data in underlying data sources quickly
Charts – present information in pie, line and bar charts
Lab: Build Apps from Blank
Create an App from the blank template
Add Controls to collect and display data
Add Formulas to allow the controls to interact
Module 5: Data Sources and Logic
Data Storage and Services
How do I decide which database to use?
Connect to onpremises data  Gateway
What is Delegation?
Specific Data Examples
Displaying Data
Lab: Data Source and Logic
SharePoint List connect to App
Flow to collect tweets to SharePoint
Display Tweets in PowerApps using the Twitter service
Create a reply screen in PowerApps
Summary and End of Day 1
(Day 1 Continued)
55265AC Microsoft Power Apps for
End Users
DESCRIPTION
Module 5: Data Sources and Logic (Continued)
Module 6: ModelDriven Apps
What is a modeldriven app?
Where will my data be stored?
How do create a modeldriven app
Canvas vs modeldriven summary
Lab: ModelDriven App
Switch to ModelDriven mode in PowerApps
Navigate the ModelDrive app interface
Test a Sample App
Edit the Sample App
Module 7: PowerApp Integration
Embed PowerApps in Teams
Embed PowerApps in SharePoint Online
Start a Flow from a PowerApp
Lab: PowerApp Integration
Embed you",Microsoft Power Apps For End Users: Accelerate Corporate Efficiency,Microsoft Power Apps For End Users: Design And Deploy Mobile Applications,Microsoft Power Apps: Low-Code Application Development For Business End Users,Microsoft Power Apps For End Users,Microsoft Power Apps: Designing Customized Applications For Business Efficiency,6.42,3.44,68.5,1.36,1.18
c-2c40a9797c,AI Mystery Lab.pdf,AI Mystery Lab,"MYSTERY LAB
A Gamified AI Learning Experience for Practical AI
Exposure, Team Collaboration, and Soft Skills
Development
A Gamified AI Learning Experience for Practical AI
Exposure, Team Collaboration, and Soft Skills
Development
Overview
AI Mystery Lab is an interactive gamified learning program designed to help
participants learn AI in a fun, practical, and easytounderstand way. Through a
mysterybased storyline, team challenges, and guided AI activities, participants
experience how AI can support problemsolving, communication, teamwork, and
decisionmaking in a real and engaging setting.
This program is suitable for organizations that want to introduce AI in a more
engaging format instead of a normal classroomstyle session. It combines
learning, teamwork, and application in one experience.
Objective
By the end of the program, participants will be able to:
understand the basic role of AI in the workplace
identify how AI can support thinking, communication, and decisionmaking
apply simple prompting techniques to get better AI responses
experience practical use of AI through teambased activities
strengthen teamwork, communication, and problemsolving skills
Why This Program?
Many people are interested in AI, but they may find it too technical or difficult to
apply in real situations. AI Mystery Lab makes AI learning more approachable by
turning it into an active team experience.
Participants do not just listen to explanations. They work together, solve
challenges, explore AI tools, and apply what they learn in a practical way. This
helps them understand AI better while also building teamwork and confidence.
Duration
7 Hours Training
1 Hour Lunch Break
Training Methodology
AI Mystery Lab uses a practical and engaging learning approach that includes:
gamified learning
teambased challenges
trainer facilitation
guided AI exposure
group presentation
discussion and reflection
Key Benefits
Participants will gain:
better understanding of AI in a practical context
exposure to NotebookLM and prompting techniques
improved teamwork and communication
stronger critical thinking and problemsolving
a more engaging and memorable learning experience
Target Participants
executives, officers, supervisors, and team leaders
teams looking for a practical and engaging AI learning session
organizations that want to combine AI exposure with teamwork and
engagement
Course Outline & Schedule
Duration
ACTIVITY
DETAILS
Introduction and Case
Briefing
Introduction to the program and the mystery case.
Learning Outcomes:
At the end of this session, participants will be able
to:
understand the purpose and flow of the
program
identify the objective of the investigation
activity
Team Formation: Build
Investigation Unit
Formation of teams for the investigation challenge.
Learning Outcomes:
At the end of this session, participants will be able
to:
understand their team role
build teamwork and coordination
Human vs AI: Forged
Evidence Challenge
Identification of humancreated and AIgenerated
content.
Learning Outcomes:
At the end of this session, participants will be able
to:
distinguish humancreated and AIgenerated
content
improve observation and evaluation skills
Investigation Stations
Completion of five investigation stations involving
clue analysis and teamwork.
Learning Outcomes:
At the end of this session, participants will be able
to:
apply teamwork in completing tasks
strengthen problemsolving and critical thinking
skills
improve coordination under timebased
challenges
Lunch Break
Course Outline & Schedule
Duration
ACTIVITY
DETAILS
Group
Presentation
and Answer
Reveal
Presentation of findings followed by the answer reveal.
Learning Outcomes:
At the end of this session, participants will be able to:
present findings clearly
reflect on their investigation process
Introduction to
NotebookLM
and Prompting
Guidance
Introduction to NotebookLM and basic prompting techniques.
Learning Outcomes:
At the end of this session, participants will be able to:
understand the bas",Advanced Ai Application And Team Collaboration For Practical Problem Solving,Gamified Ai Learning Experience For Practical Application And Soft Skills Development,"Gamified Ai Exposure, Practical Prompting, And Team Collaboration","Gamified Ai Learning: Practical Exposure, Team Collaboration & Soft Skills Development",Gamified Ai Learning For Team Collaboration And Practical Skills,4.16,3.33,64.89,2.23,1.68
c-2d3777fed2,Crafting Team Excellence Connect and Create.pdf,Crafting Team Excellence,"Morning Sessions:

9:30 AM — Team Building Session to CONNECT
1. Team Formation
- Description: Name your team, build its identity and pride. Uncover hidden talents within members and explore new possibilities together.
- Learning Outcomes: Self Awareness & Team Talents/Strengths

2. Colored Numbers
- Description: Teams race to form the winning group, emphasizing assertiveness and agility.
- Learning Outcomes: Team Dynamics: Be Adaptable, Everyone has values to team success, whether it's a big role or a small one.

3. Likes/Dislikes
- Description: Participants explore similarities and differences, highlighting the uniqueness of each individual.
- Learning Outcomes: Team Bonding: Understand each other and then, be understood. It's an essential process to build a strong team.

10:30 AM — Art Session to CREATE
Pine Wood Slice Painting
- Description: Embark on a hands-on adventure to unleash your creativity on unconventional canvases to express your unique perspective and find beauty in unexpected materials.
- Learning Outcomes: Team Creativity: To learn and discover each unique talent as well as to de-stress which is key towards creativity.

Afternoon Session:

1:00 PM — Team Building Session to CONNECT
1. Sembang-Sembang
- Description: Team members take turns sharing about 3 areas of their life, fostering care and admiration within the group.
- Learning Outcomes: Team moments: Sharing and inspiring each other. Build confidence and trust among team members.

2. Yellow Rope
- Description: Using a yellow rope, participants prove that nothing is impossible with determination.
- Learning Outcomes: Team Achievements: Working together in overcoming obstacles together and learning from the process.

3. Beam Balance
- Description: Teams plan, design, and construct an engineering wonder, focusing on communication, planning, and execution.
- Learning Outcomes: Communication & Teamwork: Learn by doing, it's a more effective way to learn.

4. Body Gymnastics
- Description: Teams communicate to create three human shapes, emphasizing the role of physics.
- Learning Outcomes: Agility & Teamwork: Learning to be agile and nothing is impossible.

5. Whacky Hit
- Description: Using a quirky tool, tackle the challenges in this thrilling game of Whacky Hit!
- Learning Outcomes: Unity, all working towards a single mission.

6. Animal Farm
- Description: Participants find others making the same animal sound, encouraging creativity and active listening.
- Learning Outcomes: Fun & Relaxing game, to illustrate how important communication is in team dynamics.","Team Connection Through Art, Science, And Play",Team Building And Creativity Through Connection And Achievement,"Experiential Team Building: Communication, Trust, And Creative Collaboration","Team Building For Communication, Creativity, And Collaborative Problem Solving",Dynamic Team Building And Creative Collaboration Skills,4.18,3.2,73.61,11.47,1.43
c-2d59b2137b,AI-Enhanced Root Cause Analysis for Manufacturing Excellence (2 Days) Course Outline.pdf,AI-Enhanced Root Cause Analysis for Manufacturing Excellence (2 Days),"AIENHANCED ROOT
CAUSE ANALYSIS
FOR
MANUFACTURING
EXCELLENCE (2
DAYS)
Walk away with practical 'quick wins' to effectively improve your
root cause analysis skills and enhance productivity immediately.
Program Overview
Recurring manufacturing problems often consume significant engineering time, increase
operational costs, and undermine product quality. Many organizations conduct Root
Cause Analysis (RCA), yet the same issues frequently reappear because investigations
focus on symptoms rather than the true underlying causes. Effective RCA requires a
structured, datadriven approach that moves beyond firefighting toward systematic
problem solving.
This practical twoday workshop guides engineers and quality professionals through a
stepbystep methodology for identifying, validating, and eliminating root causes in
manufacturing and supply chain processes. Participants will learn how to define problems
clearly, verify failures using data, analyze patterns, and apply proven tools such as
Fishbone diagrams, 5 Whys, Pareto analysis, and process mapping.
The course also introduces the use of AI tools to accelerate problem analysis, generate
potential causes, and support corrective and preventive action planning. Through an
iterative case study and group investigation, participants will apply the full RCA process
from problem definition to sustainable preventive actions.
Learning Objectives
By the end of the course, participants will be able to learn about:
Apply a structured Root Cause Analysis methodology to investigate and resolve recurring
manufacturing and quality problems.
Define and verify problems accurately using clear problem statements, data validation,
and failure replication techniques.
Analyze process and defect data using tools such as Pareto analysis, stratification,
Fishbone diagrams, and 5 Whys to identify potential causes.
Confirm true root causes using datadriven methods and avoid common RCA
investigation mistakes.
Develop, implement, and verify effective corrective and preventive actions that eliminate
recurrence and improve process reliability.
Leverage AI tools to enhance RCA activities, including problem structuring, cause
identification, and action planning.
AIEnhanced Root Cause Analysis for Manufacturing Excellence (2 Days)
Duration Two(2) FullDay Workshop;
Topic
Module 1: Why Root Cause Analysis Fails
The hidden cost of recurring manufacturing problems
Firefighting vs structured problem solving
The 5 biggest mistakes engineers make in RCA
Quiz
Module 2:  Define and Describe the Problem
Writing a clear problem statement
5W2H approach
Defect definition and scope
Problem vs symptom
AI prompt to structure a problem statement
Activity Iterative Case Study
Module 3:  Verify the Failure
Confirming the problem exists
Data validation
Failure replication
Measurement system considerations
Using AI to suggest validation checks
Activity Iterative Case Study
Module 4: Categorize the Problem
Defect type classification
Pattern identification
Pareto analysis
Stratification methods
AI for data interpretation and categorization
Activity Iterative Case Study
Module 5:  Mapping the Process / Supply Chain
Process mapping
Where problems originate
Supplier vs internal issues
Value stream view
Activity Iterative Case Study
Module 6: Potential Causes and Screening tools
Fishbone diagram
5 Whys
Causeeffect matrix
Screening potential causes
AI to generate possible causes from problem data
Activity Iterative Case Study
Summary & Wrap Up Day 1
(Day 1)
AIEnhanced Root Cause Analysis for Manufacturing Excellence (2 Days)
Topic
Module 7: Identify Root Cause
Verifying root cause
Datadriven confirmation
Avoiding common RCA mistakes
Activity Iterative Case Study and presentation
Module 8:  Develop Corrective action
Long Term Corrective Action principles
Special cause and common cause corrective action
AI supported corrective action
Activity Iterative Case Study and presentation
Module 9:  Implementation and verification of Action Plan
Action Plan I",Ai-Driven Root Cause Analysis For Manufacturing Excellence,Aienhanced Root Cause Analysis For Manufacturing Excellence (2 Days),Ai-Enhanced Root Cause Analysis For Manufacturing Excellence,Ai-Enhanced Root Cause Analysis For Manufacturing Excellence,Ai-Driven Root Cause Analysis For Enhanced Manufacturing Efficiency,4.16,3.33,59.32,3.56,1.92
c-2efbac7384,Business Writing for Today Workplace.pdf,Business Writing for Today's Workplace,"2021
Business Writing for Today’s Workplace
Training
Introduction
Writing businessrelated documents in today's workplace requires a solid
understanding of the fundamentals behind how specific documents should be
approached, designed and edited.
Written communications in the workplace should be concise, yet thorough and well
laid out. Technology enabled communications should also be well thought out and
designed to get the correct message across, while avoiding any potential
misinterpretation.
This course targets how to create business documents in the modern workplace,
which takes into account the many forms that modern communication can take, and
teaches participants how to align their message with the appropriate medium.
Learning
Outcomes
Review Personality Types When
Communicating
Identify and Understand Your Audience
Understand Basic Writing Principles
Understand the Writing Process
Write With Clarity
Apply effective formats to meet your
purpose
Sales, Sales Support
Personnel, & Young
Professionals
Executives, Administration
Staff, & Technical
Professionals
Anyone who wants to
improve their business writing
skills
Business Owners, Managers,
Unit Leaders, & Supervisors
Who Should Attend
Module
From Social Media
to Boardroom
Everyone is a
business writer
Universal principles
of business writing
Forms and formats
The Principle of
Purpose
Rules of Good
Writing
Module
Who am I writing
for?
The Principle of
‘Audience’
Personality type
and communication
preferences
Understanding the
Audience
Writing for a Global
Audience
Module
Avoiding Common
Errors
Common
communication
barriers
Overcoming
barriers
Module
The Blank Page
Structure of various
types of documents
The Writing Process
The Principle of
Structure
Module
Writing to the
point
ABC’s of business
writing
Email structure and
etiquette
Course Outline
Learning Facilitation Methodology
Exercises
Reflections
Activities
Group Discussions
(=) Interactive Lectures
Participant’s
Learning Journal
Available in 2 Formats
Led by Gina Phan
(HRDF TTT 4413)
Online  (Inhouse or Public)
Platform: Zoom
Duration: 11 hours
Class size: Maximum 20 participants
Other requirements: Computer with camera,
audio equipment , Minimum configuration as
required by Zoom platform, Internet access
Material: Printable learning journal (softcopy)
Inhouse or Public
Duration: 1.5 days
Venue: TBD
Class size: Subject to SOP &HRDC
guidelines
Dress code: Comfortable attire
Material: Printed learning journal
(Not available until further notice)
Inperson
Online
OPTIONAL INVESTMENT
(for inhouse program)
MakeItStick 60minute
small group review &
coaching session (2 weeks
after training)",Business Writing For Effective Communication In The Modern Workplace,Business Writing Skills For Modern Communication,Business Writing Essentials For The Modern Workplace,Mastering Business Writing For Modern Workplace Communication,Effective Business Writing Skills For Modern Communication,4.1,3.16,49.87,6.72,1.29
c-2f080dd0fb,Prompt Engineering for Business Course Outline.pdf,Prompt Engineering for Business,"Walk away with practical “quick wins” to craft effective
prompts and optimize decisionmaking, automation, and
productivity immediately.
PROMPT
ENGINEERING
FOR BUSINESS
Enhance your team's efficiency and master the art of prompt
engineering to drive AIpowered solutions for business success.
Synopsis
Prompt engineering is a critical skill for businesses seeking to effectively
communicate with their customers, employees, and stakeholders. This course
provides a comprehensive introduction to prompt engineering techniques tailored
specifically for business applications. Participants will learn how to craft clear,
compelling prompts that drive engagement, elicit desired responses, and enhance
communication across various business contexts.
Prompt Engineering for Businesses
What You’ll Learn
In this oneday training course, participants will learn the fundamentals of
Conversational AI, including natural language processing principles and the
structure of GPT models. Through handson exercises and discussions, they will
gain proficiency in prompt engineering techniques, contextual prompt design, and
ethical considerations, empowering them to optimize AI language model
performance and responsibly navigate the complexities of AI interactions.
Who Should Attend
Individuals seeking to leverage ChatGPT for various tasks, including developers,
content creators, marketers, and anyone interested in utilizing AIpowered
language models for business or personal projects.
Prerequisite
No prior experience with ChatGPT is required, but a curiosity and eagerness to
learn about prompt engineering strategies are essential.
Methodology
Theoretical insights with handson practical exercises.
Duration
1day Full Workshop.
Prompt Engineering for Businesses
Duration
Details
·Introduction to Conversational AI
• Understand the basic principles of natural language processing
and GPT structure
• Why Learn Prompt Engineering
• Contextual Prompt Design and its Techniques
· Handson Exercises
• Iterative Refinement of Prompts
• ProjectPrompter: Guiding Your Project Journey
• Showcase and Discuss Session
• Best Practices in Prompt Engineering
• Ethnics Considerations and Responsibility
Course Outline & Schedule",Advanced Strategic Prompt Engineering For Business Optimization,Prompt Engineering For Business Efficiency,Prompt Engineering For Business: Mastering Ai-Powered Solutions And Team Productivity,Prompt Engineering For Business: Boost Ai-Powered Productivity,Prompt Engineering Techniques For Ai-Driven Business Success,4.1,3.1,56.59,9.35,1.25
c-30535561be,Business Intelligence Power BI.pdf,Business Intelligence: Power BI,"BUSINESS
INTELLIGENCE:
POWER BI
Connect disparate corporate data sources, build advanced relational data
models, and design stunning, interactive dashboards to rapidly transform raw
operational numbers into actionable business intelligence.
Program Overview
In today's datadriven environment, the ability to quickly consolidate information
and share corporate insights is a critical competitive advantage. This immersive 2
day course introduces analysts, engineers, executives, and Excel users to the robust
ecosystem of Power BI Desktop. Moving seamlessly from foundational data
extraction to advanced reporting, participants will gain handson experience using
Power Query and Power Pivot. Day 1 focuses on connecting data sources, shaping
queries, and managing complex data relationships. Day 2 elevates these models
through custom calculations, analytics pane clustering, and interactive dashboard
formatting. Through live demonstrations and practical casestudy labs, teams will
master data visualization techniques to automate reporting and unlock immediate
business intelligence.
Learning Objectives
By the end of the course, participants will be able to:
Connect, import, shape and transform data for business intelligence
Create an interactive dashboard based on a report in Power BI Desktop
Visualise data and automate refresh of your designed reports
Duration
Two (2) FullDay Workshop
Business Intelligence: Power BI
DESCRIPTION
Opening
Module 1
Training Overview
Introduction to Power BI
Power BI Desktop, Power Query and Power Pivot
Connecting to a Database
Basic Transformation
Managing Query Groups
Splitting Columns
Changing Data Types
Working with Dates
Removing and Reordering Columns
Conditional Columns
Merge Queries
Module 1 (Continued)
Query Dependency View
Enter Data
Query Parameters
Lab 1: Used Case
Managing Data Relationships
Creating Calculated Columns
Optimising Models for Reporting
Creating Calculated Measures
Creating and Managing Hierarchies
Time Intelligence
Manually Typing in a Data Table
Include/ Exclude, Grouping/ Binning
Lab 2: Used Case
Q&A, Summary and End of Day 1
(Day 1)
Business Intelligence: Power BI
DESCRIPTION
Recap of Day 1
Module 2
Concepts of Data Visualisation
Pie and Treemap
Hierarchiccal Axis and Concatenating
Bar Chart with Line
Analytics Pane
Clustering
Slicer
Focus Mode and See Data
Data Slicer
Map Visualisations
Table and Matrix
Scatter Chart
Waterfall
Gauge, Card and KPI
Module 2 (Continued)
Colouring Charts Shape, Textbooks and Images
Gridlines and Snap to Grid
Page Layout and Formatting
Visual Relationship
Categories with No Data
Default Summarisation and Categorisation
Positioning, Aligning and Sorting Visuals
Custom Hierarchies
Working with Excel and Direct Connectivity
Lab 3: Used Case
Q&A, Summary and End of Course
(Day 2)
Business Intelligence: Power BI",Advanced Data Visualization With Power Bi Desktop,Business Intelligence With Power Bi: Data Transformation And Dashboard Design,Business Intelligence And Interactive Dashboard Design With Power Bi,Power Bi For Business Intelligence: Data Integration And Interactive Dashboards,Business Intelligence Excellence Using Power Bi,4.38,3.23,62.98,3.99,2
c-306927903f,We Own It! The Accountable Frontline Manager Course Outline.pdf,We Own It! The Accountable Frontline Manager,"WE OWN IT!
THE ACCOUNTABLE
FRONTLINE MANGER
Walk away with practical 'quick wins' to effectively improve your
frontline managers and enhance productivity immediately.
Program Overview
Frontline Managers (FMs) are the driving force behind Manufacturing
operations. Their role demands agility, precision, decisionmaking under
pressure—and above all—effective leadership. Yet many FM teams
encounter persistent challenges:
• Miscommunication across teams and shifts
• Low morale and disengagement during demanding periods
• Ambiguity around leadership expectations
• Difficulty holding team members (and themselves) accountable
In today’s manufacturing environment, being a Frontline Manager is no
longer just about managing tasks. It’s about leading with ownership—taking
full responsibility not only for results, but for the culture, communication, and
cohesion on the production floor.
Learning Objectives
By the end of the course, participants will be able to:
Shift from “just doing my job” to actively contributing to a strong, reliable
team culture
Communicate clearly and respectfully using the 3Cs (Clarity, Consistency,
Connectiupport peers and FLMs with positive, proactive behavior that
builds trust
Give and receive feedback in a simple, respectful way that energizes team
morale
Apply all learning in a highpressure team simulation, reflecting real shift
challenges
We Own It! The Accountable Frontline Manager
Duration
One (1) FullDay Workshop;
Description
Welcome & Why “WE OWN IT” Matters Now
Module 1: From Responsibility to Ownership
• Understand the shift from task to ownership
• Recognize common behaviour traps (blame, excuse, denial)
• Explore how attitude and example set culture
Activity: Dancing Guy Video & Team Debrief
Module 2: Delegation That Builds Accountability
• Why delegating well builds stronger teams
• Practice the simplified 7Step Delegation Framework
• Micro vs macromanagement: when to support vs when to let go
Activity: Delegation Card Game
Module 3: DecisionMaking with Accountability
• Use the Eisenhower Matrix for urgent vs important decisions
• Apply the 80/20 (Pareto) principle to manage focus
• Prioritize for team efficiency and performance
Activity: Energy Waster Audit & Shift Priority Game
Continued on Page 2
(Day 1)
We Own It! The Accountable Frontline Manager
Description
Module 4: Feedback That Builds Ownership
• Shift from judgment to growth conversations
• Use a simple “Describe–Impact–Ask” model for safe feedback
• Practice feedback that builds team morale
Activity: Feedforward Fishbowl & Video Reflection (e.g. Death
Crawl)
Grand Finale: RealWorld Simulation – Journey to the West
• Put all learnings into practice under pressure
• Handle realistic FLM challenges in teams
• Practice ownership, clarity, and peer coaching in real time
Activity: Team Scenario Simulation
Commitment & “WE OWN IT” Declaration
• Personal reflection and takeaways
• Appreciation In Action
• Declare “We Own It” Leadership Actions
Activity: Commitment Card & Photo Wall
Recap & End Session
(Day 1 Continued)
We Own It! The Accountable Frontline Manager
“This is a very creative training experience. The trainer is
really good at articulating her thoughts and linking real
word examples to case studies.”
Intel Engineer
What participants are saying about this Training Programme?
“I’ve learned so much from this trainer. Very exciting
and interactive class.”
Intel Employee
“The session was conducted really well and I’ve really
enjoyed hearing the trainer’s life experience.”
Intel Employee",Advanced Leadership And Accountability For Frontline Managers,We Own It! The Accountable Frontline Manager,"Accountable Frontline Leadership: Ownership, Delegation, And Team Performance","Accountable Frontline Manager: Ownership, Communication & Delegation",Accountable Leadership For Frontline Managers In Manufacturing,4.13,3.28,66.72,12.52,1.98
c-320401822c,Deep Learning Foundation with Applications in Computer Vision.pdf,Deep Learning Foundation with Applications in Computer Vision,"DEEP LEARNING
FOUNDATION WITH
APPLICATIONS IN
COMPUTER VISION
Bridge the gap between foundational data science and advanced computer
vision by learning to program, optimize, and deploy industrialgrade neural
network models from scratch.
Program Overview
n this course, various machine and deep learning algorithms will be explored.
Starting from the basics of machine and deep learning, the participants will learn
how to construct various machine and deep learning systems from their basic
building blocks, and will understand how to apply them to realworld scenarios.
Python will be used for all examples and exercises during the handson sessions. It
is an extremely versatile programming language with clear and intuitive syntax.
Most importantly, there is a large collection of Python packages or libraries that
expedite the implementation of machine and deep learning systems.
Learning Objectives
By the end of the course, participants will be able to:
Explore typical building blocks of machine learning systems
Realize different machine learning and deep learning techniques
Discover the architecture of convolution neural networks (CNN)
Build machine learning and deep learning systems for image classification
Evaluate learning algorithms
Use of various Python packages: NumPy, pandas, matplotlib, scikitlearn,
TensorFlow, and Keras
Duration
Two (2) FullDay Workshop
Deep Learning Foundation with
Applications in Computer Vision
DESCRIPTION
Module 1: Python Quickstart & Image Processing Operations
Key Python Libraries: Numpy, Scipy, Pandas, Matplotlib, OpenCV
Basic Image Processing: Image Transformation & Manipulation
Image Analysis (Morphology, Region Processing)
Image Segmentation
Module 2: Feature Extraction in Image Processing
Lowlevel Feature Extraction (Points, Corners)
Shape & Texture Features
Higherlevel Feature Representations
Module 3: Introduction to Machine Learning & Deep Learning
Background and Motivations for Deep Learning
Current Deep Learning Advances
Revisiting Traditional Machine Learning Pipelines
Fundamental Concepts of Neural Networks: Weights, bias,
activation functions, backpropagation, gradient optimization
Module 4: Convolutional Neural Networks & Object
Classification
Overview on Convolutional Neural Networks (CNN)
Basic concepts – filters, receptive field, stride, padding
Layers – convolutional, pooling, fullyconnected
Setting Up/Using Pretrained Models
Practical Considerations for Model Selection and Usage
Use Case: Wafer Map Pattern Classification
Summary and End of Day 1
(Day 1)
Deep Learning Foundation with
Applications in Computer Vision
DESCRIPTION
Recap of Day 1
Module 5: Data Augmentation & Imbalanced Data Issues
Types of Transfer Learning Techniques (Bottlenecked Features,
Finetuning)
Hyperparameter tuning – batch size, training epochs, decay
rate, early stopping
Batch normalization, Regularization (L2/L1/Dropout)
Module 6: Convolutional Neural Networks & Object
Classification
Data Preprocessing Techniques
Data Augmentation
Handling Imbalanced Data (Class Resampling, Hard Mining)
Feasible Performance Metrics for Data Imbalance Cases
Module 7: Object Detection with Deep Learning
Overview on Object Detection
Selective search & Region proposals
Twostage detectors: RCNN and its fast variants
Single stage detectors: YOLO, SSD
Labeling & Annotation
Use Case: Text Detection
Module 8: Segmentation with Deep Learning
Data Preprocessing Techniques
Data Augmentation
Handling Imbalanced Data (Class Resampling, Hard Mining)
Feasible Performance Metrics for Data Imbalance Cases
Summary and End of Course
(Day 2)
Deep Learning Foundation with
Applications in Computer Vision",Deep Learning Foundation With Applications In Computer Vision,Deep Learning Foundation With Applications In Computer Vision,"Deep Learning Foundations For Computer Vision: Cnns, Detection, And Segmentation",Deep Learning Foundation With Applications In Computer Vision,Deep Learning Foundations And Applications In Computer Vision,4.12,3.23,71.4,1.96,1.37
c-377f9d24ac,ISO 14001_2026 Internal Auditing.pdf,ISO 14001:2026 Internal Auditing (Based on 19011:2026 Guidelines),"ISO 14001:2026
INTERNAL AUDITING
(BASED ON 19011:2026
GUIDELINES)
Master the future of environmental compliance by transforming your internal
audit process into a powerful, riskbased strategic asset that aligns
seamlessly with the latest global sustainability benchmarks.
Program Overview
ISO 14001:2026 represents the latest evolution of the Environmental Management System
(EMS) standard, building on the Annex SL harmonised structure while strengthening
alignment with sustainability and organizational strategy, whilst managing issues relating
to environmental conditions (such as pollution levels, availability of natural resources,
climate change, biodiversity or ecosystem health).
Internal auditing is an integral activity to verify the effectiveness of the EMS and it
can be a valuable tool that drives improvement. The success of an audit depends very
much on the competency of the auditors.
This 2day course provides a comprehensive training for internal auditors. It is
suitable for both new learners and existing practitioners with detailed explanation of the
methodology and activities to gain the knowledge and skills to conduct an internal audit.
Learning Objectives
This programme aims to provide delegates with the following knowledge and skills:
Planning & conducting audits against the requirements of ISO 14001:2026
Methods of conducting a process approach audit
Understanding of auditing protocols and practices based on ISO 19011:2026
Reporting audit findings clearly
Upon completion of the training, delegates will:
Have a good understanding of the importance of internal auditing in maintaining the
effectiveness of the EMS
Have a good understanding of how audit is done
Have the skills to carry out an audit
Duration
Two (2) FullDay Workshop
ISO 14001:2026 Internal Auditing
(Based on 19011:2026 Guidelines)
DESCRIPTION
Module 1: Introduction to Management Systems
Evolution of the standard
Rationale for EMS
Environmental conditions
EMS model
Module 2: Audit Overview
What is an audit?
The audit process
Principles of auditing
Roles of auditor
Audit programme — typical flow of audit
Risks and opportunities relating to the audit
Ideal auditor
Terminology
Module 3: Audit by Process Approach
Key elements of process approach
PDCA
Process interactions within system
Turtle diagram
Audit trail
Audit checklist
Module 4: Riskbased Thinking Framework – Audit Application
How to audit riskbased thinking
Summary and End of Day 1
(Day 1)
ISO 14001:2026 Internal Auditing
(Based on 19011:2026 Guidelines)
DESCRIPTION
Recap of Day 1
Module 5: Planning and Conducting the Audit
PDCA of audit cycle
Three basis of an audit
Initiating audit  contact with auditee and determining feasibility
Preparatory document review
Audit team
Audit plan
Preparing work documents including checklists
Opening meeting
Strategy for auditing
Audit techniques
Collecting audit evidence
Sampling
Interview skills
Auditing top management
Generating audit findings
Determining audit conclusions, closing meeting
Module 6: Reporting the Audit
Audit report
Writing nonconformities
Completing the audit
Module 7: Post Audit Actions
Audit Followup
Correction and corrective action
Nonconformity management flow
Summary and End of Course
(Day 2)
ISO 14001:2026 Internal Auditing
(Based on 19011:2026 Guidelines)
ISO 9001, ISO 14001, ISO 45001, Food Safety Management
System Trainer
Trainer
IRCA Certificated Principal Auditor (QMS) (Membership No. 1187941)
Approved Lead Tutor for CQI & IRCA Certified ISO 9001:2015 Lead Auditor (QMS) Training Course
Approved Tutor for ISO 9001, ISO 14001, ISO 45001, FSSC 22000 and Food Safety Courses
Institute of Environmental Management & Assessment (IEMA) Certified Environmental Management
System Auditor
PSMB (HRDC) Accredited Trainer
Derrick Choong Wee Thiam
Qualifications
About the Trainer
Derrick is an engaging and inspiring trainer with more than 20 years’ experience in training who is able
to deliver tried and tested solutions to various sectors of industries ",Iso 14001:2026 Internal Auditing: A Risk-Based Strategic Asset,Mastering Iso 14001:2026 Internal Auditing Based On 19011:2026 Guidelines,Iso 14001:2026 Internal Auditing For Environmental Management And Risk-Based Compliance,"Planning, Conducting, And Reporting Iso 14001:2026 Internal Audits",Iso 14001:2026 Internal Auditing For Environmental Management Systems,4.27,3.7,58.76,32.58,1.59
c-37e9d11a05,Fostering Team Collaboration with DISC Profiling Course Outline.pdf,Fostering Team Collaboration with DISC Profiling,"FOSTERING
TEAM
COLLABORATION
WITH DISC
PROFILING
Decode the driving forces behind human behavior and adapt your
communication dynamics to dissolve workplace conflict, align unique
strengths, and champion highperforming team collaboration.
Program Overview
Your values, motivations and personality have the power to drive your success or
your failure at work or at home. DISC is a model of human behavior that helps
people understand why they do what they do. This engaging and interactive 2day
workshop incorporates a DISC behavior assessment to give a more complete
understanding of yourself and others. It enhances your ability to use your natural
personality or communication style to better collaborate with others in order to
become a more influential professional and leader.
Learning Objectives
By the end of the course, participants will be able to:
Increase your selfknowledge: how you respond to conflict, what motivates you,
what causes you stress and how you solve problems
Recognize clues for identifying the styles of others
Appreciate each other’s unique strengths and accept each other’s limitations
Implement best practices on how to adapt one’s style to better communicate
and influence others
Facilitate better teamwork and teach productive conflict
Duration
Two (2) FullDay Workshop
Fostering Team Collaboration with DISC
Profiling
DESCRIPTION
Module 1: Introduction to Behavioral Analysis
Interpersonal Skills – exploring on Johari Window
What is DISC?
Understanding the importance of DISC style in the workplace
Module 2: Explore 4 styles of Behavior and General Preferences
The Behavioural Principles of DISC
Behavioural tendencies of the High “D” “I” “S” “C”
General Characteristics
Relational Characteristics
Occupational Characteristics
Discovering other’s personality style (Case studies)
Module 3: Discover your Personality
Interpret your personal graph (the DISC assessment)
Personal Growth Areas to manage the Weaknesses
Module 4: Communicating with Others in the Workplace
Communication styles of different personality
Role play on interacting with different styles and view the
impact
Summary and End of Day 1
(Day 1)
Fostering Team Collaboration with DISC
Profiling
DESCRIPTION
Module 5: How they prefer to be communicated?
Communication style by each personality
Adapting to their communication preference
Module 6: Working with the Difference & Conflict Management
Performance based conflict vs Relationship based conflict
Values to team of each personality
Analyse the Interaction Table – Human Relations vs Work Task
Working effectively with different styles during conflict
Module 7: Leadership  Managing the difference with the
profiling tool
Communication styles of different personality
Role play on interacting with different styles and view the
impact
Module 8: Building an effective relationship
Worksheet and Action plan
Summary and End of Course
(Day 2)
Fostering Team Collaboration with DISC
Profiling",Fostering Effective Team Collaboration With Disc Profiling For Influential Leadership,Fostering Team Collaboration With Disc Profiling,"Disc Profiling For Team Collaboration, Adaptive Communication, And Conflict Resolution",Fostering Team Collaboration With Disc Profiling,Fostering Effective Team Collaboration Through Disc Profiling,4.17,3.22,55.1,9.73,1.24
c-39c9c20ed2,Mobile Photography Course Outline.pdf,Mobile Photography,"MOBILE
PHOTOGRAPHY
Unlock the full creative potential of your smartphone camera by mastering
professional composition, lighting control, and advanced mobile editing
techniques that turn everyday snapshots into striking visual stories.
Program Overview
In a visualfirst world, the best camera is the one that is always in your pocket. Mobile
Photography is a highly practical, 1day masterclass designed for professionals, content
creators, and marketing leads looking to elevate their visual branding. This program strips
away the complexity of traditional photography, focusing on how to maximize mobile
camera sensors, leverage natural or artificial light, and apply advanced composition rules.
Through handson shooting exercises and mobile editing workshops, participants will learn
how to capture, refine, and produce highimpact, professionalgrade imagery directly
from their smartphones.
Learning Objectives
By the end of the course, participants will be able to:
Navigate advanced native camera features, exposure controls, and focal lengths to
capture sharp, highquality images in any lighting condition.
Implement fundamental design techniques—such as the rule of thirds, leading lines,
and framing—to create visually compelling and balanced photographs.
Utilize powerful mobile editing applications to correct colors, enhance details, and
polish final images for professional distribution.
Duration
One (1) FullDay Workshop
Mobile Photography
Applications
IPhone
Snapseed
Lens Distortion
PS Express
Filterstorm
ProShot
Android
Snapseed
Lens Distortion
PS Express
Manual Camera
ProShot
DESCRIPTION
Module 1: Keys to Making a Good Video
Zoom with your feet
Stability
Sound
Control
Module 2: Stability
Basic concepts of stability
Usage of Gimbal
Tripods
Hyperlapse
Module 3: Sound
Learn how to properly record audio
Shotgun mic
Lav mic
Freesound.org
Module 4: Control
Learn about the settings bar
Learn when it is appropriate to change the settings
Learn the composition of your shots
Handson Approach
ProMovie
Summary and End of Course
Mobile Photography",Unlocking Professional Mobile Photography Skills,Mobile Photography: Mastering Smartphone Imaging Techniques,Advanced Mobile Photography And Video Production For Visual Storytelling,"Professional Mobile Photography: Composition, Lighting, And Editing","Mastering Mobile Photography: Composition, Lighting, And Editing Techniques",4.08,3.14,58.82,3.31,1.38
c-3bcd19a655,Automotive Core Tools FMEA.pdf,Automotive Core Tools: FMEA,"AUTOMOTIVE
CORE TOOLS:
FMEA
Mitigate operational risks, safeguard product integrity, and master the latest
alignment protocols by embedding standard failure prevention logic directly
into your manufacturing lifecycle.
Program Overview
Automotive Core Tools: FMEA is an intensive, 1day masterclass engineered for
directors, managers, department heads, document controllers, and line leaders.
Available via facetoface physical or virtual sessions, this program provides the
practical knowledge and skills required to seamlessly implement Failure Mode and
Effects Analysis. Moving stepbystep through the AIAGVDA FMEA 1st Edition
standards, participants will learn to integrate riskanalysis structures into their
corporate ecosystems. From initial project planning to executing Design FMEA
(DFMEA), Process FMEA (PFMEA), and supplemental monitoring systems, this course
ensures your team can proactively target and neutralize potential defects.
Learning Objectives
By the end of the course, participants will be able to:
Apply AIAGVDA FMEA 1st Edition principles to embed structural risk
assessment frameworks directly into your product and process pipelines.
Drive project planning to systematically execute Design FMEA (DFMEA) for
products and Process FMEA (PFMEA) for manufacturing operations.
Implement Supplemental FMEA for Monitoring and System Response (FMEA
MSR) to establish automated tracking and continuous quality mitigation loops.
Duration
One (1) FullDay Workshop
Automotive Core Tools: FMEA
DESCRIPTION
Module 1: Introduction to Failure Mode Effect Analysis (AIAG
VDA FMEA 1 Edition)
Module 2: Integration of FMEA in the company
Module 3: FMEA for Products
Module 4: FMEA for Processes
Module 5: Project Planning
Module 6: Execution of Design FMEA
Module 7: Execution of Process FMEA
Module 8: Supplemental FMEA for Monitoring and System
Response
Summary and End of Course
(Day 1)
Automotive Core Tools: FMEA",Failure Mode And Effects Analysis (Fmea) For Automotive Manufacturers,Failure Mode And Effects Analysis For Automotive Leaders,Aiag-Vda Fmea For Automotive Product And Process Risk Mitigation,"Automotive Fmea Masterclass: Dfmea, Pfmea, And Fmea Msr Implementation",Automotive Fmea: Risk Mitigation And Quality Assurance Strategies,4.15,3.14,52.05,22.18,1.38
c-3c48f12c13,World Class Mindset.pdf,World Class Mindset: Nothing Is Impossible!,"WORLD CLASS
MINDSET:
NOTHING IS
IMPOSSIBLE!
Ignite your inner potential and reshape your professional path by shifting from
standard habits to an elite, growthoriented framework where setbacks
become your greatest competitive edge.
Program Overview
Achieving toptier performance demands a radical shift in how we approach daily
challenges. WORLD CLASS MINDSET: NOTHING IS IMPOSSIBLE! is an intensive,
experiential training program designed to break down the boundaries of a fixed
mindset and replace it with an agile, solutiondriven framework. Through a
structured blend of tactical team challenges—such as collaborative structural
builds, barrier navigation, and synchronized team showcases—participants learn to
cultivate a resilient selfimage, adapt seamlessly to structural changes, and anchor
their daily work in selfcompassion and team synchronization. This program serves
as a catalyst for individuals and manufacturing teams ready to shatter historical
limitations and align with worldclass operational standards.
Learning Objectives
By the end of the course, participants will be able to:
Shift from static thinking to an active growth model, setting higher personal
benchmarks and viewing abilities as qualities to continuously develop.
Treat failures and workplace changes as crucial learning events, applying
adaptive thinking to solve problems under resourcelimited conditions.
Transition to a unified team mentality, leveraging synchronized group strengths
to deliver aligned, customerfocused outcomes.
Duration
One (1) FullDay Workshop
World Class Mindset: Nothing is
Impossible!
DESCRIPTION
Ice Breaking
Core Activities: Start off with some interactive icebreaker questions
to get to know each other and build mutual comfort.
Learning Focus: Warming up to the occasion, aligning mindsets to the
core program objectives, and sparking an enthusiastic training spirit.
Module 1: Introduction to Positive Growth Mindset
Core Activities: Instructorled foundation presentation introducing the
foundational concepts required to cultivate an active growth mindset.
Learning Focus: Identifying personal ways to improve professional
output and studying the 7 critical mental attributes needed to think like
a champion.
Speech by Manufacturing Manager / Leader
Core Activities: Strategic keynote brief delivered directly by a senior
executive, champion, or manufacturing leader to set high performance
bars.
Learning Focus: Aligning personal behavioral shifts directly with the
concrete management expectations, target milestones, and
production goals of the organization.
Module 2: Develop a Positive SelfImage ('I love who I am')
Core Activities: Highpace execution of interactive group mechanics
including ""Rope Connect"" (rapid structural circle passing) and ""Colour
Cards"" (targeted spatial placement drills).
Learning Focus: Instilling a deep belief in personal capability, building
an inner winner identity, and developing the positive selfimage
necessary to confidently embrace calculated workspace risks.
Module 3: Set High Standards for Yourself ('I am capable for more')
Core Activities: Tactical complex team tasks including ""Hot Potato""
(collaborative workflow problemsolving) and ""Tallest Structure""
(building structural towers with strictly limited straws and supplies).
Learning Focus: Breaking historical limitations, adjusting execution
targets to reflect worldclass performance metrics, and expecting
nothing less than elite output.
World Class Mindset: Nothing is
Impossible!
** All activities are held indoor unless specified
DESCRIPTION
Module 4: Be Resilient in the Face of Setbacks ('I can overcome anything')
Core Activities: Competitive spatial problemsolving challenge via ""1 Pillar
Bridge,"" requiring teams to construct the maximum possible bridge span
balanced on a single central pivot.
Learning Focus: Eradicating discouragement, treating physical or system
setbacks as standard learning feedback, and training cognitive perseverance
under stress.
Module 5: Develop",World Class Mindset: Shifting Impossible Limitations,World Class Mindset: Nothing Is Impossible!,Cultivating Elite Growth Mindset And Resilient Team Performance,Developing A Growth Mindset For Resilient Manufacturing Teams,World Class Mindset: Transforming Challenges Into Competitive Advantages,4.22,3.34,66.04,3.23,1.38
c-3c60173fb2,Design Like A Pro Using Canva - HRDF Training.pdf,Design Like a Pro Using Canva,"DESIGN LIKE
A PRO USING
CANVA
Unlock your creative potential and elevate your corporate branding by
mastering professional, nontechnical visual design strategies that eliminate
the need to outsource your marketing media.
Program Overview
Design Like a Pro Using Canva is a comprehensive, 2day handson workshop tailored for
entrepreneurs, business owners, and digital marketers who want to produce stunning
visuals without needing advanced graphic design skills. The course bypasses dense
technical theory to focus entirely on practical execution and core features, guiding you
through layout navigation, branding toolkits, and social media content creation. Through
direct trainerguided practice, you will learn how to visually establish your corporate
identity, format eyecatching promotional items, and apply insider shortcuts. By the end of
this training, you will confidently control your business graphics inhouse, accelerating
your marketing workflows with speed and absolute precision.
Learning Objectives
By the end of the course, participants will be able to:
Confidently navigate the Canva interface, use its major components, and deploy
secret hidden shortcuts to speed up design production.
Design custom logos and essential workplace branding collateral, including company
letterheads, to maintain visual alignment across your organization.
Develop professional social media artwork, brochures, and flyers independently
without relying on or outsourcing to thirdparty designers.
Duration
Two (2) FullDay Workshop
Design Like a Pro Using Canva
Prerequisites
Stable Internet Access (At least 10Mbps above)
Valid Email ID (either Personal/Business)
Valid Canva Account (Free Or Pro)
Dual monitor will have an advantage for better learning experience
DESCRIPTION
Module 1: Getting Started & Navigating Canva
How to get started with Canva
How to navigate with Canva and its major feature
Module 2: Special Feature and Business Branding
How to use several special features in Canva.
How to use Canva for business branding, creating logos,
business needs such as letterhead and ect
Module 3: Social Media and Marketing with Canva
How to use Canva to design each social media artwork, creating
a fast and effective social media content
How to use Canva for marketing, without relay or outsource to
professional designers
Module 4: Tips & Trick and Canva’s Alternative
The tips, and tricks that are never revealed in public
The alternative to Canva
Summary and End of Day 1
(Day 1)
Design Like a Pro Using Canva
DESCRIPTION
Module 1: Getting Started & Navigating Canva (Continued)
How to get started with Canva
How to navigate with Canva and its major feature
Module 2: Special Feature and Business Branding (Continued)
How to use several special features in Canva.
How to use Canva for business branding, creating logos,
business needs such as letterhead and ect
Module 3: Social Media and Marketing with Canva (Continued)
How to use Canva to design each social media artwork, creating
a fast and effective social media content
How to use Canva for marketing, without relay or outsource to
professional designers
Module 4: Tips & Trick and Canva’s Alternative (Continued)
The tips, and tricks that are never revealed in public
The alternative to Canva
Summary and End of Course
(Day 2)
Design Like a Pro Using Canva",Designing Professional Visuals With Canva Expertise,Design Like A Pro Using Canva: Master Visual Branding And Marketing Graphics,Professional Visual Design And Corporate Branding With Canva,Professional Visual Design With Canva For Business Branding And Marketing,Mastering Visual Design And Branding Strategies With Canva,4.13,3.3,56.72,5.51,1.2
c-3e4975bde7,Mindset Shift Course Outline.pdf,Mindset Shift,"MINDSET
SHIFT
Empower organizational leaders to cultivate a growthoriented mindset,
master the psychology of change, and build highperforming, empathetic
teams rooted in trust, accountability, and creative problemsolving.
Program Overview
This program is thoughtfully designed to empower leaders to cultivate a growth
oriented mindset essential for navigating challenges and driving transformative
change in their organizations. It emphasizes the importance of selfawareness as
the foundation of effective leadership, equipping participants with the tools to
recognize their strengths, overcome personal barriers, and adopt a proactive
approach to growth.
Through an indepth exploration of team dynamics, participants will gain insights
into the psychological drivers that motivate individuals and teams, enabling them to
foster trust, empathy, and collaboration in diverse environments. Additionally, the
program delves into the creation of positive, solutionfocused work environments
where accountability and innovation thrive, ensuring participants are prepared to
inspire and lead their teams toward achieving collective goals.
Learning Objectives
By the end of the course, participants will be able to:
Adopt a growth mindset to lead change effectively.
Motivate and engage teams with empathy and emotional intelligence.
Create a culture of accountability and innovation.
Apply structured thinking and risk management in decisionmaking.
Duration
One (1) FullDay Workshop
Mindset Shift
DESCRIPTION
Module 1: Setting the Mind
Growth mindset and selfleadership
Activity: XY  Trust Game
Build selfawareness and embrace continuous growth
Continuous learning & relationship building
Think, plan & execute with excellence
Trust element
Module 2: Psychology of Leaders of Change
Attitude’s role in success, LEADITUDE, and Pyramid of
leadership & management
Activity: The Silent Opera
Understand leadership qualities for managing change
effectively
Set vision & clarity of communication
Filtration of topdown information
Commitment to your role and go beyond the expectation
Humanized process flow, team empathy, emotional
awareness
Module 3: The Team Dynamics
Motivation drivers, emotional triggers, and overcoming barriers
like ""NeedSuck Syndrome""
Activity: Need Suck Game
Identify motivators and foster team engagement
Create an empathetic workforce to sensitize to different
emotional needs
Need suck role play  Watch out for our triggers
** All activities are held indoor unless specified
Mindset Shift
DESCRIPTION
Module 4: Creating a Positive Environment
Positive redirection, accountability, and fostering a solution
focused mindset
Activity: River of Life
Create a positive and inclusive workplace culture
Power of a motivating environment
Everyone is the leader
Module 5: Building Collaborative Solutions
Analytical thinking, decisionmaking, and teamwork
Activity: Nuts and Bolts
Enhance problemsolving and decisionmaking skills
Module 6: Creative ProblemSolving
Risk management principles and handson team activity
creating creative problemsolving solutions
Activity: Balloon Furniture
Habitualize thinking of another person’s perspective
Understanding how they think in order to achieve the best
outcome
Summary & End of Course
(Continued)
** All activities are held indoor unless specified
Mindset Shift",Empowering Leaders Through Growth Mindset And Team Dynamics,Growth Mindset And Leadership Development Workshop,"Leadership Mindset Shift: Growth Orientation, Change Psychology, And High-Performing Teams",Growth Mindset Leadership: Building Empathetic Teams And Driving Innovation,Empowering Leaders: Cultivating Growth Mindset And Team Collaboration,4.08,3.2,59.33,23.58,1.4
c-3e9cb06950,"GITHUB, Copilot & Claude.pdf","GitHub, Copilot & Claude","GITHUB,
COPILOT &
CLAUDE
Empower your development teams to safely accelerate software delivery by
mastering AI governance, GitHub Copilot ecosystem integration, and Claude
Code agentic workflows.
Program Overview
In an era where software delivery velocity is paramount, modern developers must
transition from traditional manual programming to highly strategic, AIassisted
engineering. This intensive threeday masterclass guides technical professionals through
the secure adoption of advanced AI development tools, centering on GitHub Copilot and
Claude Code. Participants will establish a baseline for responsible AI governance,
learning to balance rapid delivery with mandatory humanintheloop verification and
enterprise compliance. Through rigorous handson application, engineering teams will
progress from basic inline completions to orchestrating multiagent workflows, managing
Model Context Protocol (MCP) servers, and deploying isolated background subagents. By
executing endtoend repository scaffolding, code review automation, and full capstone
execution, developers will unlock elite engineering velocity while strictly protecting
corporate data boundaries.
Learning Objectives
By the end of the course, participants will be able to:
Implement rigorous humanintheloop verification frameworks and data privacy
strategies to mitigate liability while optimizing model selection and singleagent
versus parallel methodologies.
Architect project blueprints, configure workspace indexing, utilize Copilot Agent
modes, and build custom developer templates to automate app scaffolding, testing,
and legacy code translation.
Install and optimize Claude Code surfaces using MCP servers, project instructions via
CLAUDE.md, and background worktree isolation to safely execute complex enterprise
code reviews and testfix loops.
Duration
Three (3) FullDay Workshop
GITHUB, Copilot & Claude
DESCRIPTION
Module 1: Responsible AI Use & Liability Control
AI as an Accelerator, Not a Replacement
Quality & Requirements Cannot Be Sacrificed for Speed
Mandatory Human Verification of AI Output
CrossRole Accountability
AI Output Governance
Module 2: Choosing the Right Tool, Model, and Methodology
Why This Topic Matters
Selecting the Right Tool for the Task
Navigating Claude's Surfaces: Chat vs. Cowork vs. Code
Choosing the Right Model and Thinking Effort
SingleAgent vs. Parallel Methodology
Interoperability Across Tools
Vibe Coding in Context
Core AIAssisted Workflows: Coding partner outside the IDE, requirementsto
plan, architecture generation, app scaffolding, debugging pasted errors,
explaining legacy code, writing tests, reviewing snippets, naturallanguageto
implementationplan
Module 3: Getting Started with GitHub Copilot
Setting Up GitHub Copilot and VS Code
Quick Start & Why You Should Use GitHub Copilot
Code Completions and How Copilot Integrates into the Coding Workflow
Inline Chat (Editor & Terminal) and the Copilot Chat Interface
GitHub Copilot Smart Actions
Understanding GitHub Copilot Data Privacy
Module 4: Understand Copilot Chat Modes and Context
Using Copilot Chat — Ask Mode
Editing Code with Copilot — Edit Mode
Automate Tasks with Copilot — Agent Mode
Using Chat Context for Better Responses
Module 5: Prompt Engineering
What Is Prompt Engineering?
Common Mistakes and Challenges
Best Practices for Writing Prompts
Advanced Prompting Techniques
RoleBased Prompts for Smarter Outputs
Summary & End of Day 1
(Day 1)
GITHUB, Copilot & Claude
DESCRIPTION
Module 6: Develop First Project (HandsOn, Copilot)
Popular Approaches to Build an App with Copilot
Create a Development Plan and Build the App from It
Style the App, Add Input Limits/Formatting, Replace Custom Logic with a
Formatting Library
Write and Run Unit Tests with Copilot
Generate Project Documentation with AI
Module 7: Organize Workspace with Indexing and Instructions
How Workspace Indexing Works; Managing Ignored Files with .gitignore
Custom Instructions: Concepts, Creating Your Own, and Templates for
Developer",Advanced Ai Governance And Development Tool Integration For Strategic Software Delivery,Mastering Ai Governance And Advanced Github Copilot & Claude Code Workflows,"Mastering Ai Governance, Github Copilot, And Claude Code Agentic Workflows",Mastering Ai Governance And Agentic Workflows With Github Copilot And Claude Code,Mastering Ai-Enhanced Software Development With Github Copilot And Claude,4.19,3.45,77.03,18.93,1.98
c-406b591122,DOE 2 (Factorial Experiments).pdf,DOE 2 (Factorial Experiments),"DOE 2
(FACTORIAL
EXPERIMENTS)
Analyze complex multifactor interactions, master fractional screening
strategies, and utilize advanced software modeling to optimize manufacturing
processes and drive precise engineering decisions.
Program Overview
Building on foundational comparative techniques, this intensive 2day course equips
technical professionals with the methodology to design and analyze multifactor industrial
processes. Moving beyond singlevariable testing, participants will explore the mechanics
of full and fractional factorial designs alongside screening experiments. Using JMP
software, learners will gain handson experience identifying main effects, evaluating
structural aliasing, and manipulating prediction profilers. This workshop bridges statistical
modeling with realworld application, enabling teams to isolate critical process drivers,
minimize experimental runs, and rapidly implement optimal engineering solutions.
Learning Objectives
By the end of the course, participants will be able to:
Structure full and fractional factorial experiments using JMP software to evaluate
complex variable behaviors efficiently.
Interpret advanced graphical tools—such as cube, interaction, and Pareto plots—to
separate real process signals from noise.
Apply significance tests and prediction profilers to resolve aliasing challenges, build
predictive models, and optimize manufacturing outputs.
Duration
Two (2) FullDay Workshop
DOE 2 (Factorial Experiments)
Prerequisites
Vital and Applied Stats 101, DOE 1 (Comparative Experiments). Good understanding in
basic Statistics (role of Statistics, data type, basic terms and concepts for statistical
analysis, common graphical and numerical analyses, meaning and role of X and Y
variables), hypotheses testing (αrisk, βrisk, ttest, ANOVA) and some exposure in area of
application. The understanding/exposure allows the learners to follow the class well and
be able to apply the knowledge learned on the job immediately after the class.
Participants are required to install JMP Software (SAS JMP Pro 16.2 or later) prior the
class.
DESCRIPTION
Module 1: Full Factorial Experiments
The 2² Factorial Experiment
The 2ᵏ Factorial Experiment
Module 1: Full Factorial Experiments (Continued)
JMP Lab: Design and Analysis of Replicated Full Factorial
Experiments
Module 2: Single Replicate Factorial Experiments
Single Replicate 2ᵏ Factorial Experiment
JMP Lab: Design and Analysis of Single Replicate Factorial
Experiments
Summary and End of Day 1
(Day 1)
DOE 2 (Factorial Experiments)
DESCRIPTION
Module 3: Fractional Factorial Experiments
The ½ Fraction Experiment
Screening Experiments
Module 3: Fractional Factorial Experiments (Continued)
JMP Lab: Design and Analysis of Fractional Factorial
Experiments
Summary and End of Course
(Day 2)
DOE 2 (Factorial Experiments)",Advanced Statistical Modeling For Manufacturing Optimization,Advanced Factorial Design And Analysis For Industrial Optimization,Advanced Factorial Experiment Design And Jmp-Based Process Optimization,Advanced Factorial Experiment Design And Analysis Using Jmp For Process Optimization,Mastering Factorial Experiments For Optimized Manufacturing Processes,4.1,3.21,43.68,6.36,1.26
c-4110493276,Microsoft Excel Formulas & Functions.pdf,Microsoft Excel Formulas & Functions,"MICROSOFT
EXCEL
FORMULAS &
FUNCTIONS
Master advanced syntax and calculation logic, streamline intricate multi
sheet data lookups, and deploy powerful array formulas to quickly isolate
business trends and elevate corporate efficiency.
Program Overview
Navigating large datasets efficiently is vital for today’s datacentric career roles. This
intensive 2day technical workshop equips intermediate users with the advanced skills
required to transform raw rows of numbers into actionable business decisions. Moving far
beyond simple addition, participants will dive deep into structural operators, cell
referencing techniques, and multisheet range naming methods. Through guided hands
on modules, learners will master a broad spectrum of builtin functions—spanning core
text, database, and lookup formulas—before advancing to single and multicell array
calculations. Technical professionals will leave fully prepared to optimize data readability
and dramatically accelerate daily reporting efficiency.
Learning Objectives
By the end of the course, participants will be able to:
Master mathematical operators, resolve error values, manage cell references, and
implement robust rangenaming methods across multiple worksheets.
Successfully enter and configure diverse function argument types, including advanced
text, date/time, counting, summing, and database lookup formulas.
Understand array dimensions to confidently execute singlecell and multicell array
formulas for deep, multilayered data analysis.
Duration
Two (2) FullDay Workshop
Microsoft Excel Formulas &
Functions
Prerequisites
MS Excel (IntermediateAdvance) 2016
DESCRIPTION
Module 1: About Formula
Operators in Formulas
Cell and Range Reference
Convert Formulas to Values
Hiding Formulas
Module 2: About Range Names
Naming Methods
Create Multisheet Names
Working with Range and Cell Names
Problems with Range Names
Use Functions to Name a Range
Summary and End of Day 1
(Day 1)
Microsoft Excel Formulas &
Functions
DESCRIPTION
Recap of Day 1
Module 3: About Worksheet Functions
Function Argument Types
Ways to Enter Functions
Text Functions
Data & TimeRelated Functions
Counting & Summing Functions
Lookup Functions
Database Functions
Rounding Numbers
Module 4: About Array
Introduction on Array Formulas
Dimensions of Array
Working with Array Formulas
Using SingleCell and Multicell Array Formulas
Summary and End of Course
(Day 2)
Microsoft Excel Formulas &
Functions",Mastering Advanced Microsoft Excel Formulas And Functions For Business Efficiency,Advanced Microsoft Excel Formulas & Functions,"Advanced Excel Formulas, Functions, And Array Calculations For Data Analysis","Advanced Excel Formulas: Multi-Sheet Lookups, Array Formulas & Business Analytics",Mastering Advanced Excel Formulas And Functions For Data Analysis,4.12,3.15,44.09,8.87,1.35
c-4155f58aff,AI in Action for Strategic Professionals (1 Day).pdf,AI in Action for Strategic Professionals,"AI IN ACTION
FOR STRATEGIC
PROFESSIONALS
Accelerate executive insight and deliver dataverified, frameworkdriven
business proposals by mastering advanced retrievalaugmented generation
(RAG) and multimodel verification workflows.
(1 DAY)
Program Overview
In a business climate demands rapid clarity, strategic professionals are challenged to
quickly navigate vast financial datasets, extract shifting industry trends, and produce
highimpact communications under compressed timelines. This highimpact, oneday
handson workshop bridges the gap between raw data and executive execution.
Participants bypass generic AI chat use cases to master specialized frameworks—
integrating advanced prompt mastery, RAGenabled workflows for citationbacked
insight extraction, and visual storytelling synthesis. By executing real industry data
scenarios and rigorous multimodel verification, strategists and business leaders learn to
accelerate
defensible
decision
support
and
construct
cohesive,
boardready
presentations with absolute corporate alignment.
Learning Objectives
By the end of the course, participants will be able to:
Master effective prompting
Conduct deep research and trend extraction
Perform financial and competitive analysis
Apply RAG for trusted, citationbacked insights
Verify information with multimodel cross checks
Generate narratives using strategic frameworks
Create professional slides, icons, diagrams and images
Produce BODready strategic proposals
Duration
One (1) FullDay Workshop
AI in Action for Strategic Professionals
DESCRIPTION
Module 1: Insight Extraction, Communication & Dashboarding
AI Foundations & Prompt Structure
Effective Prompting for Real Work
Prompts for analysis, communication, strategic writing
Visual prompting techniques
Common pitfalls and how to avoid hallucinations
Deep Research & RAG Workflows
Upload long PDFs & reports into ChatGPT, Gemini, NotebookLM
Extract financial ratios, trends, risk factors, cost drivers
Generate summaries with quotes & citations
Verify insights using other AI tools
Build accurate, defensible insights
Competitor & Trend Analysis
Data Verification Using Trusted AI Tools
Module 2: Strategic Thinking, Image Generation & Presentation
Strategic Prompting & Scenario Planning
Scenario development
PESTLE, SWOT & Porter 5 Forces via prompting
Risk and opportunity mapping
Strategic options matrix
Strategic recommendation & summaries
Slide Design & Visual Storytelling
Tools: Gamma, PowerPoint Copilot, ChatGPT, Gemini Images
Create: A 12slide BOD deck, Professional icons, diagrams &
graphics, Visual storytelling sequences, Multiple design variations
for adhoc needs
AI Image Generation
Capstone: BODready Strategic Presentation
Deliver: AIextracted data analysis, BODready presentation (10–12
slides), AIgenerated visuals, Verified insights, Power BI dashboard,
Scenario planning, Strategic summary
Summary and End of Course
AI in Action for Strategic Professionals",Advanced Strategic Management For Ai-Driven Business Proposals,Advanced Ai For Strategic Insight And Presentation,Advanced Rag And Multimodel Ai For Strategic Board-Ready Proposal Development,Ai In Action For Strategic Professionals,Mastering Advanced Ai Workflows For Strategic Decision-Making,4.07,3.16,73,3.12,1.56
c-41582c1456,Sales Excellence Training Program Course Outline.pdf,Sales Excellence Training Program,"SALES
EXCELLENCE
TRAINING
PROGRAM
Bridge the gap between your sales and marketing objectives, transform client
rejections into revenue, and elevate your customer relations through a unified,
highimpact persuasion framework.
Program Overview
Many organizations struggle with a costly disconnect: sales teams face frustration
and rejection, while marketing and sales misalign on lead generation and follow
up. Sales Excellence Training Program is an intensive, 2day masterclass designed
to centralize marketing and sales plans into a singular, revenuegenerating
strategy. Through handson people skills development, participants will master a
structured 5step sales flow, emotional persuasion techniques, and customer
service etiquette. By cultivating a winning mentality and a professional image
branding projection, your team will turn rejections into opportunities, protect
organizational profitability, and sustain longterm client relationships.
Learning Objectives
By the end of the course, participants will be able to:
Understand the communication styles in effective marketing
Learn to be an effective communicator and listener.
Equip yourself in the 5 step sales process with your prospects.
Learn how to handle customers during the sales process.
Improve and understand the principles of customer service.
Improve on your overall ‘image branding’ projection to the prospects
Understand how to cultivate a winning mentality and a positive mental attitude.
Duration
Two (2) FullDay Workshop
Sales Excellence Training Program
DESCRIPTION
Module 1: Winning Mentality for Sales and Marketing Personnel
What is a winning mentality
Why mental attitude building is crucial to sales and marketing
How to project professionalism through a positive outlook
3 principles of sales champions  personal presence, power and
passion!
Module 2: Planning Strategic Sales and Marketing Process
Definition of solution offered to clients  show benefits, not
features
Strategic Unique Selling Proposition  artistic creativity even
when it is technically inclined
Identify clients' marketing objectives  Building Partnering
Relationships
Module 3: Effective Communication in Sales Process
Understand what is effective communication  verbal, non
verbal and listening skills
How to study the body language and buying signals of a
customer
Identifying the principles of polarization factors in people during
communication and how to influence them
Identifying, satisfying and keeping the clients' interest in your
presentation
Summary and End of Day 1
(Day 1)
Sales Excellence Training Program
DESCRIPTION
Module 4: The Sales Pitch Process
Using the 5step sales process and why it has to go in sequence
Understand the 5 Impulse factors in people and when to use
them to your advantage
How to handle objections and when to ask the right questions
during the sales process
How to creatively define clients' benefits with value added
propositions  it's all about advertising!
Engaging the client with empathy and feelings  creating AIDA
Module 5: The Art of Persuasion in Negotiation
Eliminating egos
Managing opposition by giving it nothing to oppose
It's all about Choice, Fairness and accountability  Integrity and
Honesty Count!
Persuade by emotional language
Don't say No, Say 'Let's do this'
The persuasive skills of personal presence, passion and power
The power of suggestions  auto or subconscious
Module 6: Customer Services Etiquettes
What is effective customer service?
The 8 inner principles you have to adopt to create an effective
customer orientated service
The 3 taboos of poor customer service
Why a strong follow up action maintains a strong customer
service process
What is a customer to you?
Customer Service is an attitude and not a department!
Summary and End of Course
(Day 2)
Sales Excellence Training Program",Advanced Strategic Sales And Marketing Alignment For Business Growth,Sales Excellence Training Program: Bridging Marketing And Sales For Revenue Growth,Sales Excellence: Persuasion Frameworks And Strategic Customer Relationship Mastery,"Bridging Sales And Marketing: 5-Step Process, Persuasion And Customer Service Excellence",Sales Excellence: Mastering Persuasion And Customer Relations Techniques,4.13,3.3,62.09,6.79,1.32
c-41695b3176,Creative & Structured Problem Solving & Think Out of the Box.pdf,Creative & Structured Problem Solving & Think Out of the Box,"CREATIVE &
STRUCTURED
PROBLEM SOLVING
&
THINK OUT OF THE
BOX
Break free from restrictive thinking patterns and dismantle technical
bottlenecks by systematically blending rigid engineering logic with inventive,
outofthebox creativity.
Program Overview
Creative & Structured Problem Solving & Think Out of the Box is an intensive 2day
technical workshop engineered specifically for Equipment and Operation
Specialists to elevate their troubleshooting and process improvement capabilities.
This active learning program masterfully bridges the gap between structured
analytical data and creative ideation by introducing the worldclass TRIZ (Theory of
Inventive Problem Solving) philosophy. Through interactive handson workshops,
participants will learn to dismantle engineering contradictions, map system
functions, and challenge routine assumptions. Attendees leave equipped with
practical tools like Reverse Thinking and the 40 Inventive Principles to continuously
challenge established workplace practices and unlock innovative, realworld
solutions.
Learning Objectives
By the end of the course, participants will be able to:
Apply TRIZ Basics: Understand the history and philosophy of TRIZ to solve
complex engineering issues.
Resolve Technical Friction: Implement 5 Whys, Function Modeling, and
Contradictions to eliminate system inefficiencies without compromise.
Drive Inventive Thinking: Deploy Reverse Thinking and the 40 Inventive
Principles to challenge workplace routine and generate innovative solutions.
Duration
Two (2) FullDay Workshop
Creative & Structured Problem Solving &
Think Out of the Box
(Day 1)
DESCRIPTION
Module 1: Introduction to TRIZ & Techniques
Philosophy and History: Overview of TRIZ, its history, and the
importance of structured problemsolving.
5 Whys: Introduction to this rootcause analysis technique.
Function Model: A simplified approach to analyzing systems and
components to identify inefficiencies.
Module 2: Advanced Problem Solving Techniques
Engineering Contradiction: Identifying and resolving
contradictions in systems without compromises.
40 Inventive Principles: Practical use of TRIZ’s 40 principles to
generate innovative solutions.
Summary & End of Day 1
Creative & Structured Problem Solving &
Think Out of the Box
(Day 2)
DESCRIPTION
Recap of Day 1
Module 3: Creative Thinking — Think Out of the Box
Abnormality Detection: Identifying issues that deviate from the
norm and how to handle them.
Reverse Thinking: Encouraging participants to approach
problems from the opposite perspective.
Module 3: Creative Thinking — Think Out of the Box (Continued)
Change the Perspective: Exploring new viewpoints to reframe
problems.
Remove the Step & What if?: Simplifying processes and creating
alternative scenarios to unlock new solutions.
Summary & End of Course
Creative & Structured Problem Solving &
Think Out of the Box
TRIZ & Problem Solving Expert
Trainer
TJ Yeoh is a seasoned professional with over 30 years of extensive experience in the semiconductor
industry, having served with Intel Malaysia in diverse technical and leadership roles. He obtained his
Bachelor of Engineering (Mechanical) from University of Canterbury, New Zealand. His expertise spans
Assembly and Test Development & Manufacturing, Program & Product Management, Transfers, NPI
(New Product Introductions), Strategic Planning and Technical Problem Solving—notably through TRIZ
(Theory of Inventive Problem Solving, Level 3) and ModelBased Problem Solving methodologies.
Yeoh Tay Jin
About the Trainer
Achievement
Global Methodology Proliferation: Successfully led the global adoption and integration of TRIZ
(a structured, creative problemsolving methodology) across Intel's international manufacturing
network, specifically in Malaysia, China, Costa Rica, and the Philippines.
Talent Development: Trained and upskilled over 1,000 engineers in datadriven problemsolving
techniques.
Significant Financial Impact: Delivered an ROI exceeding USD 21 million by implementing
innovati",Creative Problem Solving With Triz: Bridging Analytical And Innovative Thinking,Creative & Structured Problem Solving & Think Out Of The Box,Triz Creative And Structured Problem Solving For Engineering Innovation,Creative And Structured Problem Solving: Think Out Of The Box,Creative Problem Solving And Innovation Through Triz Principles,4.23,3.36,59.42,10.46,1.31
c-436063a2f7,Executive One Day High Impact Team Program.pdf,Executive One-Day High Impact Program,"EXECUTIVE
ONEDAY HIGH
IMPACT TEAM
PROGRAM
Ignite organizational performance and forge unbreakable team bonds through
a highimpact blend of adrenalinefueled outdoor challenges and strategic
indoor behavioral reflection.
Program Overview
The Executive OneDay High Impact Team Program is a dynamic, fastpaced
workshop designed to transform your workforce into a cohesive, highperforming
strategic unit. Recognizing that teams are the vital core of corporate strategy, this
program balances highenergy outdoor rope and climbing courses with reflective
indoor behavioral exercises. Activities are engineered with safety at the forefront
while delivering deep insights into selfawareness, personal breakthrough, and
situational leadership. Participants will cultivate critical thinking, break down
communication barriers, and build a unified, resilient attitude to drive rapid
corporate results.
Learning Objectives
By the end of the course, participants will be able to:
Overcome mental barriers, manage highstakes risks safely, and build personal
confidence by navigating demanding physical and cognitive team challenges.
Implement S.O.U.N.D Leadership principles and T.A.L.K.S communication
strategies to drive smooth collaboration, active listening, and swift collective
agreements.
Adapt dynamically to shifting barriers by utilizing strategic planning, open
communication, and creative problemsolving under tight constraints.
Duration
One (1) FullDay Workshop
Executive OneDay High Impact Program
DESCRIPTION
Module 1: Introductions & Team Formation
Core Activities: Icebreaker and gettoknow session, including a
shared overview of core program objectives.
Learning Focus: Creating a positive team environment and aligning
personal mindsets to build a shared picture of success.
Module 2: Safety Briefing
Core Activities: Expert safety briefing covering critical measures to
ensure self and team protection during physical challenges.
Learning Focus: Knowing, observing, and actively practicing
international safety rules and protective workplace regulations.
Module 3: Monkey Business (Outdoor)
Core Activities: Challenging elevated rope course utilizing professional
climbing and balancing techniques across three progressive difficulty
levels.
Learning Focus: Achieving a personal breakthrough by overcoming a
fear of heights and significantly enhancing physical motor skills.
Module 4: Atan’s Leap (Outdoor)
Core Activities: Highaltitude leaps into the air executed under strict
supervision and precise safety staff instructions.
Learning Focus: Conquering deepseated fears, building a sense of
absolute selfresponsibility, and trusting safety measures when
calculating high risks.
Module 5: Gecko Tower (Outdoor)
Core Activities: Autobelay supported climbing wall challenge where
participants plan and execute their own strategic path to the summit.
Learning Focus: Developing physical coordination, testing personal
arm/hand strength limits, and practicing forward path planning.
Module 6: Flying Lemur (Outdoor)
Core Activities: Highspeed zipline crossing along long, elevated
cables suspended high above the forest floor tree canopy.
Learning Focus: Building ultimate selfconfidence and experiencing
psychological freedom by trusting equipment mechanics and structural
gradients.
Executive OneDay High Impact Program
** All activities are held indoor unless specified
DESCRIPTION
Module 7: Pain or Gain
Core Activities: Interactive circle workshop simulating highstress and
angry professional moments using structural props.
Learning Focus: Managing emotional reactivity, converting negative
team energy into positive solutions, and processing conflicts
professionally rather than personally.
Module 8: Team Presentation
Core Activities: Facilitatorled group discussion and debriefing where
teams compile and share empirical findings from morning activities.
Learning Focus: Developing active listening skills, cultivating respect
for diverse approaches, and gathering collaborative ideas wit",Executive Leadership Development For Enhanced Team Performance,Executive Oneday High Impact Team Program,High-Impact Executive Team Building Through Adventure Challenges And Strategic Leadership,High Impact Team Leadership: Outdoor Challenges And Behavioral Strategies,High Impact Team Building Through Outdoor Challenges And Strategic Reflection,4.1,3.27,55.01,4.74,1.76
c-43c8e32496,Employees Engagement Heart & Mind Matters Course Outline.pdf,Employees Engagement: Heart & Mind Matters,"Employees Engagement:
Heart & Mind Matters
Employees have long been identified as
the
most
valuable
asset
any
organization.
Employee engagement is the critical
driver of business success in today's
competitive marketplace. High levels of
engagement promote retention of talent,
improve organizational performance and
stakeholder value.
An engaged team is highly relevant,
fantastic performance and producing the
expected result. They are motivated, self
driven, gogetter, and selfsustaining.
In times of difficulties, the engagement
gave way to the resource constraint,
workload overwhelming and stress of
losing the job. Employees tuned into a
selfpreservation mode, avoidance, some
may loss the sense of purpose.
Employees often need more support than
usual from senior leadership, but it isn’t
always easy for leaders to leading in
difficult times to know the best ways to
meet their employees’ needs.
In this workshop, we are looking into how
leaders
can
adaptable
meet
employees’ shifting needs by fostering a
caring
and
empathetic
culture.
Meanwhile, leaders to be spot on in
identifying the matching motivation and
needs, and build TRUST with setting clear
direction and installing the strong support
system
Program
Objectives
A disengaged employee is Emotional instable, with fear, insecurity,
highly stress. They are loss the sense of Purpose and Importance.
They are stuck.
This workshop first clear the Emotional disengagement, then work
on the Reengaging them with their MPV (Mission, purpose
Values), lastly lock it in and future pace them with the Goal Setting
and Action Plan
Speak a better language of appreciation
To be the psychology first aider for selfhelp and helping others.
You are part of the Wellbeing Support System
Find your IKIGAI and the MPV ( Mission, Purpose, Values)
Identify your Motivation drivers
Feed your motivation needs
Set the SMARTER Goal and be the Goal Getter
At the end of the Workshop, you learn to
Methodology
Best Learning happens in the moment of joy. It is fun filled with good
mixture of roleplaying, quizzes, team brainstorming and group games.
Training is delivered in an experiential way in an environment that
facilitates accelerated learning and application. The trainer will facilitate
discussion of challenges of the professional and personal life of
participants.
PROGRAM VALUE
PROPOSITION
This workshop is experiential based, and you learn the most by doing it
yourself. To engage employee in times of difficulties, the insideout
approach is applied – handle the emotional first, then only the
engagement.
A number of effective tool and methodology is brought in as Love
language of Appreciation, Psychology First Aids, IKIGAI, Maslow
Hierarchy of Needs, SMARTER Model, Pleasure and Pain.
The workshop integrates knowledge from various field namely
neurolinguistic
Programming
(NLP),
psychotherapy,
Happitude
(Happiness at Workplace) to give the best learning outcome.
Participants learn to selfhelp and help others in maintaining the
psychology wellbeing, and they are able to be motivated from a higher
level of purpose, which elevates the engagement and ultimately the
performance. Participants can relate and apply the reallife scenarios to
get the maximum learning outcomes.
Course
hedule
Day i
Activities
9:00 am PROGRAM MANDATORIES
® Introduction
® Program Objectives & Outlines
Activity: Greet & Meet & Pitch
9:30 am MODULE 1 CARE: LOVE LANGUAGE OF APPRECIATION
® The 5 Power Of Appreciation  words of affirmation, acts of
service, receiving gifts, quality time, and physical touch
® LOA Importance & benefit — Statistic and data
® LOA Lab  Identify my language and language of others
Activity: Identify their own love language and language of others.
Develop strategies to detect and fulfil
(Observation, Conversation, Assessment)
10:30 am Tea Break
10:45 am MODULE 2 CARE: CULTURE OF APPRECIATION
® LOA at Work — Challenges (Time constraint, cultural
differences, personal bias)
® Model of LOA — Video review
® 5 Golden Rules  Prio",Employee Engagement: Heart & Mind Matters,Employee Engagement Through Empathy And Motivation,"Leading Employee Engagement Through Empathy, Purpose, And Psychological Wellbeing",Building Employee Engagement Through Empathy And Motivation,Enhancing Employee Engagement Through Empathy And Purposeful Leadership,6.13,3.45,72.83,27.49,1.28
c-4641af0228,SAP Crystal Report for Enterprise.pdf,BI - SAP Crystal Report for Enterprise,"BI  SAP
CRYSTAL
REPORT FOR
ENTERPRISE
Transform raw corporate data into dynamic, highimpact visual intelligence by
mastering the advanced query, design, and conditional reporting capabilities
of the SAP platform.
Program Overview
BI  SAP Crystal Report for Enterprise is an intensive, 2day technical workshop built
for Application Consultants, Business Analysts, and Power Users seeking to elevate
their data presentation. This practical course guides participants through the entire
report lifecycle—from initial data source connection and query construction to
advanced layout formatting and report distribution via the SAP BusinessObjects BI
platform. Attendees will dive deep into creating nested groups, building complex
logical formulas, and designing conditional formatting and charts. Ultimately, this
program empowers teams to deliver actionable, webready reporting solutions
embedded seamlessly into enterprise applications.
Learning Objectives
By the end of the course, participants will be able to:
Connect to data sources, build precise queries with timebased filters, and
design structural report prototypes.
Master the Formula Workshop to apply Boolean logic, IfThenElse statements,
calculations, and custom data groupings.
Implement formuladriven conditional formatting, build detailoriented charts,
and distribute webready reports via the SAP BusinessObjects BI platform.
Duration
Two (2) FullDay Workshop
BI  SAP Crystal Report for Enterprise
DESCRIPTION
Module 1: Planning a Report
Defining database concepts
Planning and developing a report prototype
Module 2: Requirement to Build a Report
Log onto SAP BusinessObjects BI platform
Select a Data Source
Module 3: Creating a Report
Connecting to a Data Source
Create a query to retrieve data from the data source
Using the Report Design Environment
Report Sections
Working with field objects
Save a report
Module 4: Report Layout and Formatting
Setting Page properties
Formatting options
Module 5: Selecting Data
Editing a query
Inserting additional filter conditions
Modifying query filters
Applying timebased filters
Module 6: Sorting, Grouping and Totaling
Sorting Data
Grouping data
Create nested and multiple groups
Create a custom group
Group on timebased data
Total grouped data
Summary and End of Day 1
(Day 1)
BI  SAP Crystal Report for Enterprise
DESCRIPTION
Module 7: Additional Report Objects
Predefined Objects
Graphical Objects
Module 8: Formulas
Formulas overview
Working with the Formula Workshop
Creating and modifying formulas
Applying Boolean formulas
Applying IfThenElse formulas
Applying date calculations
Applying numeric calculations
Applying string manipulation
Module 9: Conditional Formatting
Formatting Objects conditionally
Formatting Fields conditionally with formulas
Formatting Sections
Formatting Sections conditionally
Drill down on Sections
Module 10: Charting
Charting Concepts
Charting on grouped data
Creating a chart on detailed data
Formatting Charts
Module 11: Distributing Reports
Exporting a report.
Saving to SAP BusinessObjects Business Intelligence Platform
Summary and End of Course
(Day 2)
BI  SAP Crystal Report for Enterprise",Advanced Reporting With Sap Businessobjects Bi For Enterprise Solutions,Advanced Sap Crystal Report For Enterprise Reporting,Advanced Sap Crystal Reports For Enterprise Business Intelligence,"Advanced Sap Crystal Reports For Enterprise: Data Query, Formatting And Distribution",Mastering Sap Crystal Reports For Dynamic Data Visualization,4.1,3.18,48.44,1.61,1.3
c-4642fbdd8c,Growth Mindset 2 Course Outline.pdf,Growth Mindset 2,"GROWTH
MINDSET 2
GROWTH
MINDSET 2
Reframe Challenges, Redefine Success,
Reinvent Yourself.
Reframe Challenges, Redefine Success,
Reinvent Yourself.
Overview
This program is thoughtfully designed to empower organizations to
cultivate a growthoriented mindset essential for navigating challenges &
driving transformative change in their organizations. It emphasizes the
importance of selfawareness as the foundation of growth mindset,
equipping participants with the tools to recognize their strengths,
overcome personal barriers & adopt a proactive approach to growth.
Through an indepth exploration of team dynamics, participants will gain
insights into the psychological drivers that motivate individuals & teams,
enabling them to foster trust, empathy & collaboration in diverse
environments. The program delves into the creation of positive, solution
focused work environments where accountability & innovation thrive,
ensuring participants are prepared to inspire & lead.
Learning Objectives
By the end of the course, participants will be able to:
Adopt a growth mindset to lead change effectively
Motivate and engage teams with empathy and emotional intelligence
Create a culture of accountability and innovation
Apply structured thinking and risk management in decisionmaking
Who Should Attend
This course is ideal for emerging and experienced leaders who aim to:
✔ Shift their mindset to embrace challenges as opportunities for growth
✔ Inspire and empower their teams to achieve high performance
✔ Foster a positive and innovative work culture
Duration
Course Outline & Schedule
Topic
Registration & Breakfast
Introduction to growth mindset concepts
Learning Outcomes:
Build selfawareness by recognizing that abilities and mindset can be
intentionally developed (Individual Growth)
Develop continuous learning for personal and professional growth
Apply growthoriented thinking to plan and execute tasks with purpose and
excellence
Understand trust as a key enabler of learning, collaboration, and growth within
teams (Team Growth)
Communication Activity: Sorting Color
Exploration of attitude's role in success to growth mindset
Learning Outcomes:
Understand how attitude and effort influence resilience and adaptability
during change (Individual Growth)
Set vision & clarity of communication
Develop commitment to your role and go beyond expectations
Practice empathy and emotional awareness to support team effectiveness and
shared success (Team Growth)
Communication Activity: Human RingRing
Understanding motivation drivers & emotional triggers
Learning Outcomes:
Identify personal and team motivators that drive engagement and sustained
effort (Individual & Team Growth)
Foster empathy by understanding diverse emotional needs within the
workplace
Apply emotional awareness to create a psychologically safe and growth
supportive environment (Organizational Growth)
Communication Activity: Boggling Time
Lunch & Rest
All Activities Are Done Indoor Unless Specified Otherwise
Course Outline & Schedule
Topic
Building Team Spirit through Growth Mindset
Learning Outcomes:
Strengthen collaboration by applying growth mindset principles in team
challenges (Team Growth)
Enhance adaptability and quick decisionmaking skills
Build an adaptable growth mindset and maintain focus during fastpaced
challenges
Develop effective communication under pressure
Foster a spirit of healthy competition and shared achievement (Organizational
Growth)
Communication Activity: Handcuffed
Shaping Growth: A Reflective Journey through Challenges
Learning Outcomes:
Recognize the importance of adaptability when facing fastchanging
situations
Cultivate growth mindset by embracing both wins and setbacks as learning
moments
Experience how stepping into unfamiliar activities encourages selfdiscovery
and growth (Individual Growth)
Translate reflection into insights that support team learning and innovation
(Team & Organizational Growth)
Communication Activity: Mechanical Keyboard
Wrap Up With Recap of Learni",Advanced Strategic Growth Mindset For Inspiring Transformation And High-Performing Teams.,Embrace Growth Mindset For Leadership And Team Success,Advanced Growth Mindset For Leading Change And Team Transformation,Reframing Challenges And Cultivating A Growth Mindset For Leadership Success,Cultivating A Growth Mindset For Transformative Leadership,4.19,3.3,70.46,3.26,1.09
c-47a33d722c,Personal Influence & Psychology of Interaction Course Outline.pdf,Personal Influence & Psychology of Interaction,"PERSONAL
INFLUENCE &
PSYCHOLOGY OF
INTERACTION
Gain practical strategies you can apply
immediately to enhance your influence and build
stronger, more impactful connections within your
organization!
Program Overview
Communication is one of the most important tools in any business
environment, and it's no surprise that innovation often follows better
communication. When employees are able to interact effectively, they can
discuss ideas and strategies  that can improve processes, increase
efficiency, and result in new products and services. In this session, we'll
discuss how better communication leads to innovation, including a look at
the potential benefits for any organization.
Learning Objectives
Setting the platform for how everybody wins attitude can be achieved.
Identifying current strengths and areas we can create greater influence.
Learning to tune in and complement twoway communication.
Making ourselves flexible to increase personal and group dynamics.
Staying cool, calm and collected when we need to.
Applying humility in the workplace when we have to.
Taking the team out for creative sessions when we should do.
Personal Influence & Psychology of Interaction
Duration
One (1) FullDay Workshop;
Anyone looking to improve themselves
Who Should Attend
Method Used
Transactional analysis (TA) is a powerful tool to aid in the development of
innovative ideas and solutions. TA was developed over 50 years ago by Dr. Eric
Berne as a way to understand interactions between individuals and groups. It
has since been widely used to improve communication, relationships, and
problemsolving skills.
DAY 1
TIME
ACTIVITY
DETAILS
LEARNING
09:00 a.m.
9:15 a.m.
Introduction to
the course and
Transactional
Analysis
Giving you a bigpicture idea of
what will be achieved during the
session and the tool we will be using
to help you along the way.
Learn the concepts and methods of intentional
leadership.
9:15 a.m.
10:00 a.m.
Intentional
Leadership
Leadership is an invaluable skill,
especially in today's everevolving
society. Focuses on actively
engaging people with a purpose.
Strategies for intentional leaders.
Learn the concepts and methods of intentional
leadership.
10:00 a.m.
10:45
a.m.
Increasing
Influence
Explore how successful people
achieve goals, the styles and
personalities they use, and how to
make objectives easier to
accomplish.
Learn how to increase your influence by making small
but meaningful changes.
10:45 a.m.
11:00 a.m.
Morning Tea
Break
11:00 a.m.
11:45 a.m.
Interaction
Secrets
Learn to maximize interactions with
clients, colleagues, and groups.
Discover secrets to a Win/Win
relationship and effective
conversations.
Learn tips and tricks in interaction and how to
influence said interaction.
11:45 a.m.
12:30 p.m.
Interacting
Powerfully
Explore how to present yourself in
varied ways to influence more
people. Learn how to adapt your
approach and style to any situation.
Learn how to interact with others freely and adapt to
the situation.
12:30 p.m.
1:30 p.m.
Course Outline
Personal Influence & Psychology of Interaction
DAY 1 CONTINUED
1:30 p.m.
2:15 p.m.
Assertive Advantage
Assertive communication involves speaking
clearly, directly, and respectfully to
achieve outcomes. Learn how to build
assertiveness.
Learn how to voice your
thoughts in a respectful
and effective manner.
2:15 p.m.
3:00 p.m.
The Leader Coach
(Individual/Team)
Innovation is key to success but can be
daunting. Learn strategies to foster an
innovative spirit and communicate ideas
effectively.
Learn to communicate with
your team and come up
with new ideas to different
problems.
3:00 p.m.
3:15 p.m.
Afternoon Tea Break
3:15 p.m.
5:00 p.m.
Facilitating Creativity
Creativity often comes from effective
communication. Learn techniques to
improve team communication, ensuring
smoother workflows and better results.
By learning effective
communication, ideas in
the team will flow more
smoothly, producing better
results.
5:00 p.m.
Session ends after Q&A,
feedback, and evaluation
Cour",Advanced Strategic Communication For Personal And Professional Influence,Personal Influence And Interaction Psychology,Personal Influence And The Psychology Of Effective Workplace Interaction,Personal Influence And Psychology Of Interaction,Personal Influence And Effective Communication Strategies,4.18,3.25,57.31,5.42,1.97
c-4886288c14,AI Foundation & Custom GPT for Engineers Course Outline.pdf,AI Foundation & Custom GPT for Engineers,"Walk away with practical “quick wins” to effectively integrate
AI and Custom GPT into your engineering workflows and
enhance productivity immediately.
AI FOUNDATION
& CUSTOM GPT
FOR ENGINEERS
Enhance your engineering processes by mastering AIdriven
automation and optimization strategies, improving efficiency and
performance.
Overview
AThis oneday training program is specifically tailored for manufacturing
engineers, providing a comprehensive introduction to the foundational principles
of Artificial Intelligence (AI) and Generative Pretrained Transformers (GPT). The
course aims to bridge the gap between theoretical understanding and practical
application by equipping participants with the knowledge and skills to leverage
these technologies effectively. Through this program, participants will learn to
craft effective AI prompts and develop a custom GPT model tailored to their
unique workflows. The focus is on enabling automation and optimization of tasks
to enhance efficiency and productivity. To support learning, examples of prompts
will be provided, ensuring participants have practical tools to apply in realworld
scenarios. This handson approach ensures that engineers walk away with
actionable insights and the capability to integrate AI solutions into their work
seamlessly.
AI Foundation & Custom GPT for Engineers
Learning Objectives
To understand the foundational principles of Artificial Intelligence (AI) and
Generative Pretrained Transformers (GPT).
To learn how to craft effective AI prompts for manufacturing workflows.
To develop a custom GPT model tailored to specific engineering applications.
To explore automation and optimization strategies using AI in engineering
tasks.
To apply AIdriven solutions for enhancing efficiency and productivity in
manufacturing.
AI Foundation & Custom GPT for Engineers
Methodology
Practical exercises and quizzes. Case studies, interactive discussions, and
presentations.
You’ll need :
Laptop capable of accessing OpenAI models.
● Account with OpenAI Chat GPT.
● Stable internet connection.
● Group work for custom GPT application.
Duration
1day Full Workshop.
Learning Outcome
Understand the basics of AI and generative models.
● Master techniques for crafting effective prompts.
● Apply Custom GPT in work settings.
● Gain handson experience in building and utilizing a custom GPT model
tailored to departmental needs.
AI Foundation & Custom GPT for Engineers
Duration
Details
Module 1: Understanding AI and Generative Models
Overview of AI and its applications in various industries.
Introduction to generative models, focusing on GPT and its
evolution.
Capabilities of AI: Efficiency, automation, and decisionmaking
support.
Limitations of AI: Bias, data dependency, and interpretability
challenges.
Module 2: Prompting AI for Success
Understanding the difference between oneliner prompts and
structured prompts.
Techniques for crafting effective prompts tailored to specific tasks.
Handson exercises to refine promptwriting skills using realworld
examples.
Common mistakes to avoid when interacting with AI models.
Module 3: Introduction to Custom GPT
What is a Custom GPT, and why is it critical for engineers?
Foundational principles for designing a Custom GPT model.
Exploring realworld applications in manufacturing and engineering
processes.
How to ensure data quality for training a reliable GPT model.
Course Outline & Schedule
AI Foundation & Custom GPT for Engineers
Duration
Details
Module 4: HandsOn: Building Your Custom GPT
Setting up a knowledge base tailored to your specific engineering
tasks.
Stepbystep process to train a Custom GPT model using
departmental data.
Testing the trained model for realworld scenarios and
problemsolving.
Troubleshooting common issues during model deployment.
Group Presentation and WrapUp
Team presentations showcasing their custom GPT model designs and
applications.
Feedback and discussions on the presented models and their
potential.
Summary of key takeaways and open Q&A sessi",Advanced Ai-Driven Automation And Optimization Strategies For Manufacturing Engineers,Ai Foundation & Custom Gpt For Engineers,Ai Foundation And Custom Gpt Development For Engineering Workflows,Ai And Custom Gpt Integration For Engineering Productivity,Ai-Driven Automation And Custom Gpt For Engineering Productivity,4.13,3.24,51.16,5.13,1.28
c-493724d2f6,"Growth Mindset Building the Habits to Learn, Adapt & Thrive in a Changing Workplace.pdf","Growth Mindset Building the Habits to Learn, Adapt & Thrive in a Changing Workplace","FUTURE READY™ MINDSETS
Building the Habits to
Learn, Adapt & Thrive
in a Changing Workplace
Develop a Growth Mindset
to embrace change,
overcome setbacks and
create your best future.
A PRACTICAL
WORKSHOP
FOR HIGH PERFORMANCE
& FUTURE READINESS
THE 5 GROWTH PRACTICES™ ————
000
3. ADAPT BETTER™
Replace limiting Be curious, seek Embrace change, Learn from others
beliefs and see feedback and build resilience and create a culture
possibilities. keep growing. and stay agile. that helps all grow.
GROW TODAY. ADAPT TOMORROW.
Empowering individuals. Strengthening teams. Building future ready organisations.
Build habits for
continuous
improvement.
PART OF THE
FUTURE READY™
DEVELOPMENT ECOSYSTEM
PAGE 2
TODAY’S WORKPLACE REALITIES
RAPID CHANGE & DISRUPTION
Technology, Al and market shifts are
transforming the way we work.
HIGHER EXPECTATIONS
Organisations expect more agility,
innovation and continuous improvement
from everyone.
UNCERTAINTY IS THE NEW NORMAL
We face constant change, new challenges
and situations we have never experienced
before.
NEED FOR LEARNING AGILITY
The ability to learn, unlearn and relearn
is a key differentiator for individuals and
teams.
WELLBEING & RESILIENCE
A growth mindset builds confidence,
strengthens resilience and supports
mental wellbeing.
fay bo,
Ee)
GROWTH MINDSET™ | BUILDING THE HABITS TO LEARN, ADAPT & THRIVE
WHY GROWTH MINDSET
MATTERS TODAY
The world of work is changing faster than ever.
Growth Mindset is no longer optional — it is essential.
THE IMPACT OF A GROWTH MINDSET
6069
STRONGER PERFORMANCE
Embrace challenges, learn faster and
deliver better results.
INNOVATION & CREATIVITY
Open to new ideas, explore possibilities
and drive continuous improvement.
GREATER RESILIENCE
Bounce back from setbacks, stay positive
and keep moving forward.
BETTER RELATIONSHIPS
Encourage collaboration, trust and
mutual support within teams.
FUTURE READY
Adapt to change with confidence and
thrive in a dynamic environment.
In a world of constant change, those who
grow will not just survive, they will lead.
Growth Mindset is the foundation for
personal success and organisational growth.
GROWTH IS A CHOICE.
LET’S CHOOSE IT TOGETHER.
This workshop equips you with practical
mindsets, tools and habits to learn, adapt
and thrive — every day.
GROWTH MINDSET™ | BUILDING THE HABITS TO LEARN, ADAPT & THRIVE
THE 5 GROWTH PRACTICES”
A SIMPLE FRAMEWORK. POWERFUL IMPACT.
These five practices form the foundation of a Growth Mindset.
Master
THINK
BETTER™
LEARN
BETTER™
ADAPT
BETTER™
RELATE
BETTER™
GROW
BETTER™
them and you will be better equipped to learn, adapt and thrive
in any situation.
REPLACE LIMITING BELIEFS |
: , KEY OUTCOMES
Your mindset shapes your reality. =f
« Understand Fixed vs Growth Mindset * More positive selftalk
* Challenge selflimiting beliefs * Greater confidence to try
* Reframe challenges with possibility thinking * See challenges as opportunities
* Embrace the power of “Not Yet""
BECOME A CONTINUOUS LEARNER
pa serene KEY OUTCOMES
Curiosity turns experience into growth,
* Cultivate curiosity and a love for learning  Learn faster and retain more
* Seek and use feedback constructively + Improve through feedback
* Develop learning agility
* Turn mistakes into valuable lessons
* Develop a habit of learning
BECOME COMFORTABLE WITH CHANGE
Adaptability is a key to future readiness. KEY GUTCOMES
* Embrace uncertainty and ambiguity
* Build resilience under pressure
* Stay flexible and open to new ways
* Bounce back stronger from setbacks
Handle change with confidence
* Recover quickly from setbacks
* Stay calm, agile and resilient
LEARN THROUGH OTHERS
KEY OUTCOMES
We grow stronger together.
* Learn from colleagues and different perspectives * Stronger collaboration
* Build trust and psychological safety * Better relationships
* Give and receive feedback with respect * A supportive growth culture
* Support and encourage others to grow
BUILD SUSTAINABLE HABITS
Small steps. Consistent action. Big results. KEY OUTCOMES
* Focus on",Future Ready Growth Mindset For High Performance,"Building The Growth Mindset To Learn, Adapt & Thrive","Growth Mindset: Building Habits To Learn, Adapt & Thrive In A Changing Workplace","Growth Mindset: Learning, Adapting & Thriving Through Habit Formation","Growth Mindset Workshop: Build Habits To Learn, Adapt, And Thrive",4.45,3.76,64.55,11.19,3.42
c-4a1aeb9eee,Design of Experiment Using JMP.pdf,Design of Experiment Using JMP,"DESIGN OF
EXPERIMENT
USING JMP
Master the principles of Design of Experiments with JMP through handson
activities, realworld case studies, and practical modeling techniques to
optimize processes with confidence.
Program Overview
Design of Experiments (DOE) is a methodology for planning and conducting a
series of experimental runs in which controlled changes are made to inputs in order
to observe and identify causes for changes in the outputs of a system or process.
This interactive activity filled course is created with the purpose of:
Apply systematic experimentation
Find important factors impact process output
Optimize a specific process output
Learning Objectives
By the end of the course, participants will be able to:
Understand DOE concept and terms
Able to design an experiment using JMP
Use JMP to conduct & find modelling
Finalize what are the critical parameters impact a process
Duration
Two (2) FullDay Workshop
Design of Experiment Using JMP
PreRequisites
Student already have some basic knowledge on JMP software
DESCRIPTION
Module 1: Introduction to Design of Experiments (DOE)
Experimentation and Processes
DOE Terminology
Objectives of DOE
Plan and Run an Experiment
Common Methods of Experimentation
Different Types of DOE
Comparison of Experimental Procedures
Module 2: Full factorial DOE
Introduction to Full Factorial Design
Examples of Full Factorial Experiments
Twolevel Full Factorial Experiments
Generate a Full Factorial Design
DOE Methodology
A Twolevel Full Factorial Design generation in JMP
Replication in Design experiments
Replication vs. Repeated Observations
Activity on experimentation
Summary and End of Day 1
(Day 1)
Design of Experiment Using JMP
DESCRIPTION
Module 3: Analyze Results of Experimentation
DOE Methodology –Analyze, Optimize, Report
Objectives of Experimentation
Process Steps to Analyze an Experiment
Results of the Experiment
Calculating effect of main factor
Calculating an Interaction Effect
Group Exercise
Module 4: Regression Analysis
Simple Linear Regression
Regression Coefficients and Factor Effects
Model Building and Analysis
Determine the potential significate factor
Improve and Select the best model
Validate Model and residual analysis
Determine optimum setting
Confirmation run
Group Exercise
Summary and End of Course
(Day 2)
Design of Experiment Using JMP",Design And Optimization Using Design Of Experiments With Jmp,Design Of Experiments Using Jmp: Optimizing Processes Through Practical Modeling Techniques,Design Of Experiments Using Jmp For Process Optimization And Statistical Modeling,Design Of Experiments Using Jmp For Process Optimization And Modeling,Design Of Experiments For Process Optimization Using Jmp,4.12,3.23,43.13,13.75,1.23
c-4a7325fcfd,Infographic using PowerPoint.pdf,Creating Infographics Quickly with PowerPoint,"CREATING
INFOGRAPHICS
QUICKLY WITH
POWERPOINT
Transform dense, textbased data into visually stunning, highly shareable
infographics using advanced PowerPoint drawing tools, strategic data
storytelling, and dynamic custom animations.
Program Overview
In recent years, the term infographic has typically come to mean an easily
shareable information visual with multiple illustrations in one graphic. These seem to
have a way of going viral because they give the viewer that exciting feeling of
understanding complexity in just a single image file. Many learners describe
themselves as ""visual learners."" This means that they would rather get a simple,
concise image or chart that conveys information. Data means to the most to this
crowd when there are charts and graphs that drive the message home. All this can
be done within Microsoft PowerPoint, the most used Presentation Application.
Learning Objectives
By the end of the course, participants will be able to:
Craft a visual representation of a textbased information.
Understand and Use drawing tools in PowerPoint Effectively.
Use Image, Graphics, and Illustration with a purpose (Data Storytelling)
Expose to the Creative world of Infographics.
Duration
Two (2) FullDay Workshop
Creating Infographics Quickly with
PowerPoint
Prerequisites
Participants should be able to use a PC at the beginner level
Basic knowledge and functionality of Microsoft Excel
Microsoft Office 2013 and above
DESCRIPTION
Module 1: PowerPoint Infographic Overview
Unpack an Infographic
Start a New Project
Setting up your Theme
Module 2: Working with Basic Diagram
Understanding SmartArt
Ungroup and Modify SmartArt
Adding a twist to the Shapes
Module 3: Build your own Infographic
Discover the Power of Drawing Tools
Be amaze with the Merge Shapes.
Check out the shape effects.
Put Drawing together and build Infographic.
Module 4: PowerPoint Icon Graphics
Inserting a PowerPoint icon
Formatting the icon
Converting the icon to a shape
Aligning icons
Summary and End of Day 1
(Day 1)
Creating Infographics Quickly with
PowerPoint
DESCRIPTION
Recap of Day 1
Module 5: Picture Speaks a Thousand Word
Research for Quality Images
Break down and Modify the Image.
Enhance the Image Like a Pro
Put Images into Shape
Module 6: Static Graphic vs Motion Graphic
Making a Graphic come to live.
Be the director of your Show.
Bring your Story to live.
Module 7: Crafting an Infographic (Assignment)
Topic Selection
Organize the Data.
Story Boarding
Prepare Graphics
Module 8: Final Touches of the Assignment
Group discussion (Breakout Session)
Fine Tune the Presentation Flow
Final Check and Distribute
Summary and End of Course
(Day 1)
Creating Infographics Quickly with
PowerPoint",Creating Effective Infographics Using Microsoft Powerpoint,Creating Infographics Quickly With Powerpoint,Advanced Infographic Design And Visual Data Storytelling In Powerpoint,"Creating Engaging Infographics In Powerpoint: Design, Animation & Data Storytelling",Creating Stunning Infographics With Powerpoint: Advanced Techniques And Storytelling Skills,4.08,2.9,56.56,1.2,1.48
c-4bf1e54041,Technical Troubleshooting and Decision Making a Structured Approach to Solution.pdf,Technical Troubleshooting and Decision Making: A Structured Approach to Solution,"TECHNICAL
TROUBLESHOOTING
AND DECISION
MAKING A
STRUCTURED
APPROACH TO
SOLUTION
Sharpen your diagnostic logic, isolate complex system faults with systematic
precision, and execute rational, datadriven decisions to maximize equipment
reliability and operational safety
Program Overview
Technical Troubleshooting and Decision Making: A Structured Approach to Solution
is an intensive, 2day technical workshop engineered for multidisciplinary
engineering and operations teams. Because the quality of your operational results
depends entirely on the quality of your decisions, this course delivers a rigorous
framework to analyze systemic failures, protect component safety, and maintain
peak functionality. Moving beyond trialanderror methods, participants will explore
sophisticated failure classifications, PF curve prioritization, and root cause analysis
toolkits like the 5 Whys and Ishikawa diagrams. By merging diagnostic reliability
tools with lean errorproofing and predictive maintenance strategies, this program
empowers technical personnel to systematically isolate faults, resolve issues
rationally, and drive continuous performance improvements.
Learning Objectives
By the end of the course, participants will be able to:
Classify sporadic versus chronic failures and utilize PF curves to systematically
isolate faulty components.
Apply Ishikawa diagrams, the 5 Whys, and datagathering methods to trace
symptoms back to their true root causes.
Make rational, databacked decisions to close out problems using PokaYoke
errorproofing and predictive maintenance strategies.
Duration
Two (2) FullDay Workshop
Technical Troubleshooting and Decision Making
a Structured Approach to Solution
DESCRIPTION
Module 1: Introduction to define and understand Problem Solving
What is a Problem?
Be creative about your problem definition.
Turn problems into opportunities
Steps in defining Problem Solving”
Are all “Decisions” really a “decision?”
Do we “need “to solve problem?
What is Decision Making
How problem differs from decision
Team Exercise: Problem Solving in Action
Module 2: Failure Classification
Identification of failures
Sporadic failures
Chronic failures
Understanding the critical 6 Losses
PF Curves
Team Exercise: Prioritizing Failures using PF Curves
Module 3: Creative toolkits and Techniques for Problem Solving
Thinking out of the box
Five Why Technique
Fish Bone Diagram / Ishikawa/ Cause and Effect
The Root Cause Analysis
Pareto Technique
Creative thinking
Team Exercise: Creating Fish Bone Diagram / Ishikawa/ Cause and
Effect diagram
Summary and End of Course
(Day 1)
Technical Troubleshooting and Decision Making
a Structured Approach to Solution
DESCRIPTION
Recap of Day 1
Module 4: Perform Root Cause Analysis
Step 1: Observe or collect the relevant data.
Data gathering
Factfinding
Step 2: Analyze the data and look for relationships
Data analysis
Historical analysis
Think outside the box
Step 3: Identify Possible Causal Factors
5 Whys – Ask ""Why?""
Step 4: Identify the Root Cause
Step 5: Recommend and Implement Solution
Module 5: Key Lean Manufacturing Tools
Quick Changeovers
Introduction to Poka Yoke Error Proofing
Kaizen Improvement Process
Introduction to SMED & Examples
Steps Involved in Internal & External Activities
Maintenance “a reliability function”
Importance of good decision making
Key points for effective decision making
Maintenance Strategies
Preventive maintenance
Predictive Maintenance
Diagnostic Tools
Vibration
Thermography
Developing SMART objectives
Summary and End of Course
(Day 2)
Technical Troubleshooting and Decision Making
a Structured Approach to Solution",Technical Troubleshooting And Decision Making: A Structured Approach To Solving Complex System Failures,Technical Troubleshooting And Decision Making: A Structured Approach To Solution,Structured Technical Troubleshooting And Data-Driven Decision Making For Equipment Reliability,Technical Troubleshooting And Decision Making: A Structured Approach To Solution,Technical Troubleshooting And Decision Making: A Structured Approach To Solutions,4.18,3.3,57.25,2.95,2.01
c-4c451c9778,Prep-Course for CTFL - HRDF Training.pdf,Prep-Course for CTFL,"PREPCOURSE
FOR CTFL
Master the core methodologies of international software verification and
accelerate your engineering capabilities by aligning theoretical testing
principles with rigorous, realworld execution strategies.
Program Overview
In the era of Industry Revolution 4.0, Software Development and Testing are key skill set
needed by many companies and organization across the world. The good news is we have
a comprehensive Software Testing Syllabus to develop Software Testing skill set among IT
and Software Professionals as well as anyone who are interested to learn this skill set.
In this technical workshop, we will combine the theories of Software Testing as well
to provide handson practices to ensure participants fully understand and acquired the
required skill set. Our experience trainer(s) will also share their industry experiences so
that participants can get real life experiences for this workshop.
Learning Objectives
By the end of the course, participants will be able to:
Demonstrate practical knowledge of the fundamental concepts of software testing.
Use a common language for efficient and effective communication with other testers
and project stakeholders.
Understand established testing concepts, the fundamental test process, test
approaches, and principles to support test objectives.
Design and prioritize tests by using established techniques; analyze both functional
and nonfunctional specifications (such as performance and usability) at all test levels
for systems with a low to medium level of complexity.
Execute tests according to agreed test plans, and analyze and report on the results of
tests.
Write clear and understandable incident reports.
Effectively participate in reviews of small to mediumsized projects.
Duration
Four (4) FullDay Workshop
PrepCourse for CTFL
DESCRIPTION
Module 1: Fundamentals of Testing
What is Testing?
Why is Testing Necessary?
Seven Testing Principles
Test Process
The Psychology Of Testing
Module 2: Testing Throughout the Software Development
Lifecycle
Software Development Lifecycle Models
Test Levels
Test Types
Maintenance Testing
Summary and End of Day 1
(Day 1)
PrepCourse for CTFL
DESCRIPTION
Recap of Day 1
Module 3: Static Techniques
Static Testing Basics
Review Process
Module 4: Test Techniques
Categories Of Test Techniques
BlackBox Test Techniques
Summary and End of Day 2
(Day 2)
PrepCourse for CTFL
DESCRIPTION
Recap of Day 2
Module 4: Test Techniques (Continued)
WhiteBox Test Techniques
ExperienceBased Test Techniques
Module 5: Test Management
Test Organization
Test Planning And Estimation
Test Monitoring And Control
Summary and End of Day 3
(Day 3)
PrepCourse for CTFL
DESCRIPTION
Recap of Day 3
Module 5: Test Management (Continued)
Configuration Management
Risk and Testing
Defect Management
Module 6: Tool Support for Testing
Test tool considerations
Effective Use Of Tools
Summary and End of Course
(Day 4)
PrepCourse for CTFL",Mastering Software Testing For Ctfl Certification,Mastering Software Testing Fundamentals And Techniques,Software Testing Fundamentals And Techniques For Ctfl Certification,Software Testing Fundamentals: Ctfl Certification Preparation,Comprehensive Software Testing Methodologies For Industry Professionals,4.08,3.17,45.82,29.58,1.89
c-4ecfa07aad,Nurturing Positive Energy.pdf,Nurturing Positive Energy,"NURTURING
POSITIVE
ENERGY
Ignite a highperformance culture across your technical teams by unlocking
personal strengths, mastering selfmotivation, and building the verbal
confidence required to uplift daily workplace collaboration.
Program Overview
""Nurturing Positive Energy"" is a oneday intensive workshop designed to foster
selfawareness, motivation, and positivity among technicians. Through a series of
interactive activities, discussions, and reflective practices, participants will explore
how to harness and enhance their personal strengths, cultivate a supportive team
environment, and confidently communicate to uplift themselves and their
colleagues. The training aims to transform the workplace into a thriving, energetic,
and supportive setting where every team member feels valued and empowered.
Learning Objectives
By the end of the course, participants will be able to:
Enhance SelfAwareness: Identify personal strengths and areas for improvement.
Motivate Themselves: Learn techniques to selfmotivate and maintain a positive
outlook.
Embrace and Discard: Develop skills to focus on positive traits while addressing and
mitigating negative behaviours.
Speak Up with Confidence: Gain confidence in expressing thoughts and ideas
constructively.
Foster Team Growth: Understand and implement strategies to support and
encourage peer growth.
Duration
One (1) FullDay Workshop
Nurturing Positive Energy
DESCRIPTION
Introduction & Icebreaker
Module 1: Understanding SelfAwareness
Activities to map personal strengths and weaknesses
Discussion on the impact of selfawareness in the workplace
Module 2: Strategies for SelfMotivation
Workshop on identifying personal motivators
Techniques to maintain a positive mindset in challenging
situations
Module 3: Embracing the Good and Addressing the Bad
Group activities to practice positive reinforcement techniques
Roleplaying scenarios to learn how to deal with personal and
professional setbacks constructively
Module 4: Building Confidence to Speak Up
Exercises to build verbal and nonverbal communication skills
Practicing assertiveness in everyday conversations
Module 5: Encouraging Team Growth
Group discussion on what makes a supportive team member
Collaborative exercises to practice encouragement and
constructive feedback
Summary and End of Course
Nurturing Positive Energy",Nurturing Positive Energy For High-Performance Technical Teams,Nurturing Positive Energy: Enhancing Self-Awareness And Team Motivation,Nurturing Positive Energy: Self-Motivation And Confidence For Technical Teams,"Cultivating Positive Energy: Building Self‑Awareness, Motivation, And Confident Team Communication",Nurturing Positive Energy For High-Performance Technical Teams,4.04,3.25,46.94,3.39,1.54
c-4ef96a96f2,Speaking Up For Progress.pdf,Speak Up for Progress,"SPEAK UP
FOR
PROGRESS
Break the cycle of workplace silence, articulate your ideas with absolute
clarity, and assert your perspective confidently to drive meaningful
organizational progress.
Program Overview
Remaining silent in the workplace can inadvertently signal approval and stifle
organizational growth, yet speaking up often requires deep tactical skill. This
comprehensive 1day workshop empowers middle to seniorlevel executives
to confidently find their voice and make a lasting impact. Participants will
explore why people stay quiet, assess their own communication styles, and
discover the secrets of great speakers. By mastering proactive planning,
precise articulation, and the C.R.A.V.E. formula, you will learn to navigate
critical workplace situations while remaining cool, calm, and collected—
transforming your ideas into actionable progress.
Learning Objectives
By the end of the course, participants will be able to:
Identify the benefits of Speaking Up for Progress
Comprehend the threats posed by keeping silent
Apply the Speaking Up By Planning skills Apply the
Speaking Up By Articulating skills
Apply the Speaking Up By Staying Cool, Calm & Collected
Duration
One (1) FullDay Workshop (7 Hours)
Speak Up for Progress
DESCRIPTION
Module 1: Speaking Up Progress
Formula for speaking Up
Consequences of not speaking Up
When is it better to remain quiet?
Examples of Workplace Situations When People Remain Quiet
Why Do Some Choose To Remain Quiet?
Module 2: Benefits of Speaking Up
Silence Is Deemed As Approval
People Are Not Mind Readers
It Promotes Awareness
It Will Inspire Others
You May Not Be Alone
It Will Relieve You Of Stress
Module 3: Assessment of Self
Speaking Up against Workplace Culture Concerns
If you had a critical situation that requires you to speak up, what
would that situation be?
What change do you wish for?
Module 4: How it Works
What great speakers do?
Secrets of the best
Enhancing SelfEsteem Skills
C.R.A.V.E Formula
Summary and End of Course
Speak Up for Progress",Effective Communication Strategies For Executive Leadership,Speak Up For Progress: Empowering Workplace Advocacy,Assertive Workplace Communication: Speaking Up To Drive Organizational Progress,Speak Up For Progress: Mastering Workplace Communication And Confidence,Mastering Effective Communication For Organizational Impact,4.01,3.16,47.54,3.51,1.56
c-51f2c112d1,Practical VDA 6.3 Process Audit Workshop (2023 Edition).pdf,Practical VDA 6.3 Process Audit Workshop (2023 Edition),"PRACTICAL
VDA 6.3 PROCESS
AUDIT WORKSHOP
(2023 EDITION)
Align your manufacturing standards with premium German automotive
expectations by mastering the scoring metrics, questionnaires, and core
competencies of the VDA 6.3 process audit framework.
Program Overview
This 2day course is designed with the basics of understanding and implementing the
VDA 6.3 Process Audit (2023) with performing process audits by according to
requirements, considering the processoriented approach and customer specific
requirements for comprehensive application in the automotive industry.
VDA 6.3 has been widely used and mandated by certain vehicle makers within the
German Automotive supply chain and being specified as their Customer Specific
Requirements for implementation.
This course will be adequate to provide the delegates with the knowledge of
understanding the standard on audit requirement, understanding and interpretation of the
VDA 6.3 questionnaires from P1 to P7. It will be very useful for any organization in
preparation of VDA 6.3 to be audited by their customers. In additional, it will be helpful
for the organization to conduct an internal audit or perform the selfassessment
according to VDA 6.3 Process Audit standard clauses requirement which has frequently
been requested by customers. Organization can apply this standard for the purpose of
qualifying their new potential suppliers or regular 2nd party audit to the existing suppliers
Learning Objectives
This training aims to provide delegates to:
Perform process audit with approach and methodology aligned with German
Automotive supply chain.
Explain the use of VDA 6.3 Process Audit questionnaires and numbering scoring
system.
Comprehend of VDA 6.3 Process Audit questionnaires understanding and
interpretation.
Duration
Two (2) FullDay Workshop
Practical VDA 6.3 Process Audit
Workshop (2023 Edition)
Prerequisites
Participants to bring laptop for the training.
DESCRIPTION
Module 1: Introduction to VDA 6.3 Process Audit
Overview of the VDA (Verband der Automobilindustrie) and its
standards
Purpose and scope of VDA 6.3
Key concepts of process audits
Differences between VDA 6.3 and other audit standards (e.g.,
ISO 9001, IATF 16949)
Module 2: Structure of VDA 6.3 Process Audit
VDA 6.3 Process Audit phases; P1 to P7
VDA 6.3 phases application  and its relationship with supply chain and
MLA (Maturity Level Assurance for New Parts)
Understanding the VDA 6.3 Process Elements for relevant the process
audit method
Module 3: VDA 6.3 Process Auditor Competencies and Audit
Methodology
VDA 6.3 Process Auditor competencies requirements for Internal
Auditor, Supply Auditor and Certified Process Auditor
Roles and responsibilities of the auditor
Risks Based Thinking approach of auditing
Interview techniques and communication skills
Document review and evidence collection
Module 4: VDA 6.3 Questionnaires Structure, Evaluation and Scoring
Method
Understanding the VDA 6.3 Questionnaires Structure and relevant
terminology
Application of VDA 6.3 Analysis Tools
Understanding the scoring system (010 scale)
Criteria for scoring: Relevance, maturity, and effectiveness
Calculating the overall process capability
Identifying strengths, weaknesses, and improvement opportunities
Module 5: VDA 6.3 Questionnaires for Each Process Elements
P1: Potential Analysis
Summary and End of Day 1
(Day 1)
Practical VDA 6.3 Process Audit Workshop (2023 Edition)
DESCRIPTION
Recap of Day 1
Module 5: VDA 6.3 Questionnaires for Each Process Elements
(Continue 1)
Process Elements: P2 to P6
Understanding and interpretation
Important criteria and other applications
Relationship with AIAGAPQP process and VDAMLA
Module 5: VDA 6.3 Questionnaires for Each Process Elements
(Continue 2)
Process Elements: continue P6 to P7
Module 6: Reporting and FollowUp
Writing audit reports
Developing corrective action plans
Followup audits and verification of improvements
Summary and End of Course
(Day 2)
Practical VDA 6.3 Process Audit Workshop (2023 Edition)",Mastering The Vda 6.3 Process Audit Framework For Manufacturing Standards,Practical Vda 6.3 Process Audit Workshop,Practical Vda 6.3 Process Audit For German Automotive Supply Chain,"Vda 6.3 Process Audit: Scoring System, Questionnaires & Automotive Application",Practical Vda 6.3 Process Audit Techniques For Automotive Excellence,4.17,3.3,49.1,3.92,1.79
c-5321c46109,FSSC 22000 Internal Audit Training (Based on ISO 22002-1&100 and Version 7).pdf,FSSC 22000 Internal Audit Training (Based on ISO 22002-1&100 and Version 7),"FSSC 22000
INTERNAL AUDIT
TRAINING
(BASED ON ISO 220021 &
100 AND VERSION 7)
Ensure the integrity of your food safety management system by mastering risk
based internal auditing techniques aligned with the latest FSSC 22000
requirements.
Program Overview
FSSC 22000 is a GFSI recognized certification for Food Safety Management System
(FSMS) that includes ISO 22000:2018 based on the ISO High Level Structure of
Management Systems, sector specific PRP, additional requirements supported by the
latest Board of Stakeholders (BoS) decisions.
Auditing is an integral activity to verify the effectiveness of the FSMS and it can be a
valuable tool that drives improvement. The success of an audit depends very much on the
competency of the auditors. This training course is designed with detailed explanation of
the methodology and activities for delegates to obtain the knowledge and skills to
conduct an internal audit.
This programme is designed for personnel who is new to internal auditing, as well as a
refresher to those currently tasks for internal auditing. It is recommended that delegates
attend a course in FSSC 22000 Requirements Interpretation prior to attending this course
to fully appreciate the benefits of the training.
Learning Objectives
The course is for Food Chain Categories with PRPs based on ISO 220021&100.
This programme aims to provide delegates with the following knowledge and skills:
Process approach with riskbased thinking applied in audit perspective
Audit principles and performing the audit process: Planning, Conducting, Reporting &
Closing (Followup) of audit.
Upon completion of the training, delegates will:
Have a good understanding of the importance of internal auditing in maintaining the
effectiveness of the FSSC FSMS
Have a good understanding of how audit is done
Have the skills to carry out an audit
Duration
Two (2) FullDay Workshop
FSSC 22000 Internal Audit Training
(Based on ISO 220021&100 and Version 7)
DESCRIPTION
Module 1: Introduction to FSSC FSMS
Requirements for organizations
FSSC scheme latest updates
The food chain and FSSC categories
Overview of food safety culture
ISO 22000 basic principles
Process approach
Overview of HACCP/TACCP/VACCP
Evolution of ISO 22000
Internal audit requirements
Module 2: Overview of Auditing
What is an audit?
The audit process
Audit programme, typical flow of audit
Principles of auditing
Risks and opportunities relating to the audit
Ideal auditor
Terminology
Module 3: Audit by Process Approach
Key elements of process approach
Process interactions within system
Turtle diagram
Audit trail, audit checklist
Module 4: Riskbased Thinking Framework – Audit Application
How to audit riskbased thinking
Module 5: Conduct the Audit  Part 1
PDCA of audit cycle
Three basis of an audit
Initiating audit  contact with auditee and determining feasibility
Preparatory document review
Summary and End of Day 1
(Day 1)
FSSC 22000 Internal Audit Training
(Based on ISO 220021&100 and Version 7)
DESCRIPTION
Recap of Day 1
Module 5: Conduct the Audit  Part 2
Audit plan
Preparing work documents including checklists
Opening meeting
Strategy for auditing
Audit techniques
Collecting audit evidence
Interview skills
Generating audit findings
Determining audit conclusions, closing meeting
Module 6: Reporting the Audit  Part 1
Audit report
Writing nonconformities
Completing the audit
Module 6: Reporting the Audit  Part 2
Module 7: Post Audit Actions
Audit Followup
Correction and corrective action, nonconformity management flow
Summary and End of Course
(Day 2)
FSSC 22000 Internal Audit Training
(Based on ISO 220021&100 and Version 7)",Advanced Food Safety Management System Internal Auditing,Internal Audit For Fssc 22000 Compliance,Fssc 22000 Version 7 Risk-Based Internal Audit For Food Safety Management,Fssc 22000 Internal Audit Training: Process Approach & Risk‑Based Auditing,Fssc 22000 Internal Auditing Techniques For Food Safety Management Systems,4.1,3.33,47.14,2.79,2.4
c-541cb1c0bf,Lean Manufacturing with Generative AI Applications.pdf,Lean Manufacturing with Generative AI Applications,"LEAN
MANUFACTURING
WITH GENERATIVE
AI APPLICATIONS
Improving Flow, Reducing Waste & Driving Continuous Improvement in
Manufacturing
Program Overview
Lean Manufacturing is a practical improvement approach that focuses on creating customer
value by reducing waste, improving process flow, and building a culture of continuous
improvement. In today’s manufacturing environment, organizations are facing increasing pressure
to improve productivity, reduce cost, shorten lead time, and respond faster to customer
requirements. This 2day programme introduces participants to the core concepts and tools of
Lean Manufacturing, including valueadded analysis, 7 wastes, Value Stream Mapping, flow, pull
system, 5S, Kaizen, standard work, onepiece flow, and visual management. To enhance the
practical application of Lean, this course also introduces the use of Generative AI tools such as
ChatGPT, Gemini, Copilot, or similar AI platforms to support waste identification, process
analysis, improvement idea generation, problem statement writing, action planning, and
communication of Lean improvement proposals.
The course is designed to help participants apply Lean thinking in daily manufacturing
operations while using AI as a productivity assistant to accelerate analysis and improvement
planning.
Learning Objectives
By the end of the course, participants will be able to:
Explain the purpose, principles, and business benefits of Lean Manufacturing in a
manufacturing environment.
Differentiate between valueadded, nonvalueadded, and necessary nonvalueadded
activities from the customer’s perspective.
Identify the 7 wastes using the TIMWOOD framework and relate them to daily manufacturing
operations.
Develop a basic Value Stream Map to visualize material flow, information flow, waiting time,
bottlenecks, and waste in a manufacturing process.
Apply basic Lean tools such as 5S, Kaizen, standard work, onepiece flow, visual
management, flow improvement, and pull system.
Use Generative AI prompts to support waste analysis, process observation, improvement
brainstorming, root cause questioning, and Lean action planning.
Prepare a simple Lean improvement proposal with prioritized actions, expected benefits,
ownership, and followup plan.
Duration
Two (2) FullDay Workshop
Lean Manufacturing with Generative AI
Applications
DESCRIPTION
Module 1: Introduction to Lean Manufacturing
What is Lean Manufacturing?
History and evolution of Lean
Lean as a culture of continuous improvement
Lean principles:
Customer value, Value stream thinking, Flow, Pull, Perfection,
Respect for people
Why Lean is important in today’s manufacturing environment
Common manufacturing challenges:
Long lead time, Excess inventory, Rework, Waiting, Poor flow,
High operating cost, Customer complaints
Activity: Group discussion: “Where do we see waste in our daily
work?”
Module 2: Understanding ValueAdded and NonValueAdded
Activities
Definition of value from the customer’s perspective
Valueadded activity
Nonvalueadded activity
Necessary nonvalueadded activity
Why most processes contain high levels of waste
How nonvalueadded activities affect cost, lead time,
productivity, and customer satisfaction
Examples from manufacturing operations:
Inspection, Waiting, Searching, Approval, Material handling,
Rework, Storage, Data entry
AI Application: Using AI prompts to classify process steps into
valueadded, nonvalueadded, and necessary nonvalueadded
activities.
Activity: Participants analyze a sample manufacturing process
and classify each step as VA, NVA, or necessary NVA.
(Day 1)
Lean Manufacturing with Generative AI
Applications
DESCRIPTION
Module 3: Identifying the 7 Wastes Using TIMWOOD
Overview of the 7 wastes:
Transportation, Inventory, Motion, Waiting, Overproduction,
Overprocessing, Defects
Manufacturing examples of each waste
Hidden waste in daily operations
How waste affects productivity, quality, delivery, and cost
Introduction to observationbased waste identification
AI Application: Using AI to c",Advanced Lean Manufacturing With Generative Ai Applications For Enhanced Productivity And Continuous Improvement,Lean Manufacturing With Generative Ai Applications: Improving Flow And Reducing Waste,Lean Manufacturing With Generative Ai For Flow And Waste Reduction,Lean Manufacturing With Generative Ai: Improving Flow And Reducing Waste,Lean Manufacturing Integration With Generative Ai For Continuous Improvement,4.25,3.51,55.71,21.07,1.5
c-55de08e6a5,Finding Your Colored Brain - HRDF.pdf,Finding Your Colored Brain,"Finding Your Colored
Brain
Unlock
Your
Genetic
Thinking
Process to Master Communication &
Team Synergy
Finding Your Colored Brain
Welcome to a transformative workshop designed to revolutionize how
you understand and interact with your team. Discover the hidden
forces that drive communication, collaboration, and conflict within
any organization.
Training Needs We Address
Communication Friction: Misunderstandings
between departments or team members due to
different processing styles.
Inefficient Management: Spending too much time
resolving ""people issues"" rather than executing
strategy.
Low Influence: Difficulty in persuading others or
getting buyin for your ideas.
Team Disconnect: Diverse teams that are high in
talent but low in synergy and alignment.
Solving PeopleCentric Challenges Content:
Finding Your Colored Brain
Why This Workshop Matters
Stop Managing People Issues, Start Leading Performance.
The Struggle:
You are highly skilled but stumble over people
management or building professional
relationships.
The Mismatch:
You find it difficult to actualize your full
potential or boost your team's peak
performance.
The Solution:
Colored Brain is a scientific tool that uncovers
your genetic mental processing style, helping
you reduce friction and increase influence.
Finding Your Colored Brain
Target Audience
Strategic Leaders & Managers
Technical Teams (Engineers/Analysts)
Corporate Communication Teams
HR & Talent Professionals
Who Should Attend?
Finding Your Colored Brain
Workshop Objectives
Participants will:
Expand the Circle of Tolerance:
Increase your ability to work with
people who process information
differently.
Identify Danger Zones:
Learn to recognize triggers that
lead to conflict or mental ""blocks.""
Identify Your Color:
Discover your unique genetic
brain color (Red, Green, Blue, or
Purple).
Drive Synergy:
Apply brain color dynamics to
build a highperforming ""A
Team.""
Finding Your Colored Brain
What Makes This
Workshop Unique
The Difference
Scientific Foundation: Based on Directive
Communication (DC) Psychology and neuro
scientific research.
The CBCI Profile: Each participant receives an
official Colored Brain Communication Inventory
(CBCI) report.
Actionable ""Quick Wins"": Move beyond theory
with immediate tools you can use in the office
the next day.
: A hasslefree corporate
training solution (No PO needed).
Finding Your Colored Brain
Day 1 Overview
Module 1: The World of Work
Module 3: Your Colored Brain
Module 2:  Brain Processor
Module 4: Building an ATeam
What will you learn after joined the workshop:
Finding Your Colored Brain
Methodology
Reflective Coaching
The CBCI Assessment
Experiential Simulations
Interactive Case Studies
Action Mapping
Participants learn through
Q&A sessions for realworld troubleshooting
Finding Your Colored Brain
Key Takeaways
Participants leave with:
The ATeam Blueprint
Deciphering Others
Circle of Tolerance (COT)
The CBCI Profiling
Report
Ambiguity Relief Tools
Finding Your Colored Brain
Testimonials
Good example that shared by the trainer, able to connect us with our
result. I've learned how different colored person worked and how
should i work with them
Intel Employee
Trainer was very well knowledged and uses a lot of real life use
cases as examples, making the training content easier to relate and
absorb, thank you!
Intel Employee
Learn a lot of things that im not aware on how to present and
influence.
Intel Employee
Love the training! It was definitely eyeopening and I will be
helpful for me when for when I present in a formal presentation
or in a normal conversation.
Intel Employee
Keep it up, i would love to repeat this course next year and see
how I have improved
Intel Employee
Finding Your Colored Brain
Sunnie Toh is a Lead Consultant and Certified Colored Brain Specialist at Elite
Indigo, recognized for her expertise in decoding complex interpersonal systems
and mentoring highpotential leaders. As a strategic behavioral specialist,
Sunnie’s work is rooted in Directive Communica",Finding Your Colored Brain For Enhanced Team Synergy And Performance,Mastering Colored Brain Dynamics For High-Performance Teams,Colored Brain Communication For Mastering Team Synergy And Influence,Unlocking Your Colored Brain: Genetic Thinking For Team Synergy,Unlocking Team Synergy Through Genetic Thinking: Mastering Communication Dynamics,4.21,3.36,59.96,4.94,1.56
c-56a44e8300,Master Resilient Leadership & Overcome Obstacles Course Outline.pdf,Master Resilient Leadership & Overcome Obstacles,"MASTER RESILIENT
LEADERSHIP & OVERCOME
OBSTACLES
Walk away with a list of key “quick wins” cases
you can start right away in the organization!
G inpico
Master Resilient Leadership & Overcome Obst
Program Overview
Leadership isn’t just about skills and strategies—it’s about resilience. It’s
about staying clearheaded when everything feels uncertain, making tough
calls under pressure, and guiding your team through challenges without
burning out. The truth is, no leader is immune to setbacks, but resilient
leaders know how to adapt, recover, and keep moving forward.
If you've ever felt overwhelmed by change, struggled to maintain energy
and focus, or found it hard to lead effectively when things don’t go as
planned, this program is for you. Resilient leadership isn’t about avoiding
stress—it’s about building the inner strength to thrive despite it.
This program isn’t just theory—it’s a handson, interactive experience
designed to help you develop realworld resilience. Through engaging
activities, real case studies, and practical strategies, you'll learn how to stay
calm under pressure, manage emotional reactions, and create a team,
culture where people feel safe, motivated, and ready to take on challenges.
Learning Objectives
By the end of the course, participants will be able to:
e Recognize the impact of resilience on leadership and identity personal
strengths & gaps in handling setbacks.
Apply the Resilience Formula to navigate uncertainty, overcome challenges,
and make decisions under pressure.
Demonstrate emotional intelligence and selfregulation to stay composed
and communicate effectively in tough situations
e Duration two (2) FullDays Workshop;
&
as |
G invico
Master Resilient Leadership & Overcome Obs
e Course Content
Duration Content & Activity
30 minutes Program Kickoff & Setting the Stage
Welcome & Objectives
Learning Outcomes
The Unique Challenges of Technical Leaders
Activity: Leadership Icebreaker — “What Leadership Means to Me”
45 minutes Module 1: The Resilient Leadership Mindset
The Shift from Comfort to Unknown: What is in between?
Resilience in Leadership: Why It Matters
The Resilience Formula: How to Lead Under Pressure
Activity: The Change Game”  Stepping Out of the Comfort Zone
15 minutes Tea Break
1 hour 15 minutes Module 2: Leading Through Change
Psychology of Change: Beyond Uncertainty & Complexity
The Point of Power Shift: Reacting vs. Responding
Expand The Comfort Zone: Navigate the Fear Zone
Activity: “Crisis Leadership Simulation” — Handling Unexpected Challenges
1 hour Lunch Break
1 hour 30 minutes Module 3: Managing Stress & Energy
Stress vs, Burnout Recognizing the Signs
Mental Agility: Staying Focused Under Pressure
Personal Resilience Strategies and Stress Relief Techniques
Activity: “Energy Audit""  Identifying Personal Stress Triggers & Strengths
15 minutes Tea Break
1 hour 30 minutes Module 4: Psychological Safety
How to Build a Culture of Trust VulnerabilityBased Trusi
The Role of Empathy in Team WellBeing
Psychological Safety: Creating a Supportive Environment
Activity: Team Resilience Mapping"" — Identifying Strengths & Gaps in Your Team
1 hour Wrapup & Reflection
Q&A, Summary of Learnings, Key Takeaways
G invico
Master Resilient Leadership & Overcome Obs
« Course Content
Day 2
Duration Content & Activity
30 minutes Revision & Reflective Learning
Recap of Key Learnings
Sharing Insights from Day 1
Activity: “Resilient Leadership Storytelling” — Lessons from Personal Experience
1 hour Module 5: Powerful State Management
The Power of Listening: Clarity & Connection
Staying Calm: Communicate with Confidence Under Pressure
~ State Management: Posture & Movement
Activity: “Listen Like a Leader” — Active Listening & HighStekes Role Play
1 hour Module & Constructive Communication — Giving Constructive Feedback
SMART Feedback Model
Sandwich vs. Direct Approach
Handling Difficult Conversations with Confidence
Activity: “Tough Conversations” — Role Play an Giving & Receiving Feedback
1 hour Module 7: Bou",Master Resilient Leadership & Overcome Obstacles,Master Resilient Leadership & Overcome Obstacles,Resilient Leadership: Overcoming Obstacles And Thriving Under Pressure,Mastering Resilient Leadership: Overcoming Obstacles With Confidence,Mastering Resilient Leadership: Strategies To Overcome Challenges And Thrive,4.13,3.34,43.18,3.41,2.12
c-573f77fc5c,Effective Implementation of Total Productive Maintenance Towards Zero Losses.pdf,Effective Implementation of Total Productive Maintenance Towards Zero Losses,"EFFECTIVE
IMPLEMENTATION OF
TOTAL PRODUCTIVE
MAINTENANCE
TOWARDS ZERO
LOSSES
Eliminate operational equipment failures, optimize manufacturing efficiency,
and build a culture of shared responsibility by embedding the foundational
pillars of Total Productive Maintenance into your daily facility operations.
Program Overview
Effective Implementation of Total Productive Maintenance Towards Zero Losses is a
comprehensive, 2day practical masterclass designed for plant managers,
maintenance engineers, production supervisors, and operational excellence leads.
This program uncovers the core methodology of TPM, focusing on the strategic
elimination of the ""Six Big Losses"" that drain manufacturing productivity. Moving
stepbystep through the primary pillars—including Autonomous Maintenance (AM),
Planned Maintenance (PM), and Focused Improvement—participants will learn to
measure and calculate Overall Equipment Effectiveness (OEE) accurately. Through
interactive workshops and realworld case studies, this course equips technical
teams with the tools needed to shift from reactive firefighting to a proactive, zero
breakdown asset strategy.
Learning Objectives
By the end of the course, participants will be able to:
Define TPM philosophy, identify the ""Six Big Losses,"" and accurately calculate
Overall Equipment Effectiveness (OEE) to isolate operational bottlenecks.
Establish Autonomous Maintenance (AM) frameworks for operators and design
structured Planned Maintenance (PM) schedules to prevent equipment
breakdown.
Implement rootcause analysis (WHYWHY) and crossfunctional Focused
Improvement (Kobetsu Kaizen) projects to permanently eliminate machinery
defects.
Duration
Two (2) FullDay Workshop
Effective Implementation of Total Productive
Maintenance Towards Zero Losses
DESCRIPTION
Module 1: Introduction to TPM
Objectives of Equipment Maintenance.
The origins of Lean Thinking
TPM Principles
TPM a Paradigm Shift
Key goals of TPM
Zero unscheduled breakdowns
Zero Quality Defects
Zero Accidents
The origins of TPM
Why Maintenance program fails
Module 2: Understanding basic concepts of TPM  The 8 Key Pillars
Focussed Improvement (Kobetshu Kaizen)
Autonomous Maintenance (Jishu Hozen)
Planned Maintenance.
Initial Phase Management (Maintenance Prevention)
Quality Maintenance
Training and Education Development
Office TPM Administrative and Indirect departments
Safety and Health Environment Management
Module 3: 5S and Waste
Focuses on putting everything where it belongs and keeping the workplace clean
and reduce waste
Five Steps Of Workplace Organization
SisihSet
SusunSort
SapuShine
SeragamStandard
Sentiasa AmalSustain
The 7 Wastes of Lean Eliminating wasteful activities
Module 4: Understand 6 Major Plant Losses and how to address their root
causes
Breakdowns
Setups and adjustment
Idling and minor stoppages
Speed
Quality defects and rework
Startup (loss of yield)
Understand Sporadic Losses
Understand Chronic Losses
Summary and End of Day 1
(Day 1)
Effective Implementation of Total Productive
Maintenance Towards Zero Losses
DESCRIPTION
Module 5: Losses in production process Overall Equipment Effectiveness (OEE)
Concept of Overall Equipment Efficiency (OEE).
What is OEE?
Implication of OEE.
Measuring OEE?
The Simple OEE Formulas
Availability
Performance
Quality
Overall Equipment Effectiveness
A Real Example of Calculating Simple OEE
Interpreting your OEE rating
Benchmarking of OEE
Defining World Class OEE?
Addressing the 6 Major equipment Losses.
Machine Breakdowns
Machine Adjustments/Setups
Machine Stops
Machine Reduced Speeds
Machine Start Up Bad Parts
Machine Production Bad Parts
Understanding Chronic losses and Sporadic losses
Mean Time Between Failures (MTBF): MTBF is a measure of equipment reliability to
zero breakdowns
Mean Time To Repair (MTTR): MTTR is a measure ofrepair of equipment and the
efficiency and resources time
Module 6: Deciding right Maintenance Strategies  How to Implement the 7
steps Preventive Maintenance Priority Model
Breakdown Maint",Effective Implementation Of Total Productive Maintenance Towards Zero Losses,Effective Implementation Of Total Productive Maintenance Towards Zero Losses,Strategic Total Productive Maintenance For Zero Losses Manufacturing,Effective Implementation Of Total Productive Maintenance Towards Zero Losses,Effective Total Productive Maintenance For Maximizing Operational Efficiency,4.17,3.39,53.87,1.73,1.58
c-5904065e98,Team Development Program.pdf,Team Development Program,"TEAM
DEVELOPMENT
PROGRAM
Transform organizational synergy and strengthen corporate alignment by
blending active outdoor problemsolving with targeted indoor resilience
strategies to build a cohesive, highly motivated unit.
Program Overview
In successful organizations, teams serve as the vital building blocks that drive core
strategies, efficiency, and performance. This fullday Team Development Program is
specifically structured around a balanced blend of 60% indoor and 40% outdoor activities
engineered to enhance how colleagues operate together. Designed with safety,
reflection, and humor in mind, the training shifts participants from individual focus to
collective alignment. By addressing realworld problemsolving, workplace stress, and
diverse character attributes, this interactive session empowers teams to overcome daily
obstacles, build resilient mindsets, and foster an unyielding, unified attitude toward
organizational success.
Learning Objectives
By the end of the course, participants will be able to:
Partner effectively with colleagues to navigate physical and mental obstacles,
accelerating team trust and situational flexibility.
Recognize common warning signs of mental stress in the corporate environment and
deploy practical fortitude and mindfulness techniques.
Embrace distinct personality types and character traits within the group to
communicate persuasively, align targets, and achieve rapid mutual agreements.
Duration
One (1) FullDay Workshop
Team Development Program
DESCRIPTION
Module 1: Ice Breaker & Team Formation
Core Activities: Welcome brief at Penang ATV covering the day's
agenda, safety rules, and quick icebreaker games before breaking
the group into individual teams with their own leader, name, and
slogan.
Learning Focus: Warming up with enthusiasm, instilling a shared team
identity in a new setup, and building pride in unity to get off the
ground quickly.
Module 2: Team Journey Starts
Core Activities: Commencing an active team journey paired up with 2
persons per team to physically navigate and overcome various outdoor
obstacles along the route.
Learning Focus: Building foundational peer support and demonstrating
the direct collaborative benefits of working closely together.
Module 3: Fortitude Sessions
Core Activities: Engaging in a structured sequence of six indoor
exercises including Quick Draw, family profile storytelling, mindfulness
discussion maps, rock painting, and framing challenges positively.
Mental Sress Warning Sign
Quick Draws
Siblings
Personal Goodness
Gratitude Mapping
Rock Solid
Switch & C.R.A.V.E
Learning Focus: Identifying mental stress warning signs, driving
spontaneous creativity, building open communication, practicing
actionable mindfulness, managing focus calmly, and closing with peer
compliments and gratitude.
Summary & End of Course
Team Development Program",Team Development For Enhanced Synergy And Resilience,Team Development Program: Blending Outdoor Challenges And Indoor Resilience Strategies,"Blended Team Development: Active Problem-Solving, Resilience, And Organizational Alignment",Team Development: Building Cohesion Through Outdoor Problem Solving And Resilience Strategies,Effective Team Development Through Outdoor Challenges And Resilience Strategies,4.04,3.24,64.26,6.26,1.66
c-59afbf8ddc,Commonality Analysis Course Outline.pdf,Commonality Analysis (CA),"COMMONALITY
ANALYSIS
(CA)
Find the true causes of production defects, use basic data charts to spot
system shifts, and prevent costly manufacturing yield losses.
Commonality Analysis (CA)
Program Overview
In advanced manufacturing, identifying the exact source of a product defect among
thousands of overlapping variables is a critical challenge. This technical 2day course
equips engineers, statisticians, and yield analysts with the structured framework of
Commonality Analysis (CA) to confidently validate root causes. Moving from initial
problem signal detection to advanced statistical modeling, participants will learn how to
systematically prepare datasets and navigate interpretation issues. By mastering data
visualization and baseline shift detection algorithms, teams will leave fully capable of
deploying automated analysis tools to protect yield and stabilize operations.
Learning Objectives
By the end of the course, participants will be able to:
Apply systematic Commonality Analysis workflows to isolate variables responsible for
manufacturing defects and yield excursions.
Implement statistical data algorithms to flag subtle baseline shifts and accurately
capture problematic subentity signals.
Leverage advanced data visualization methods to correctly interpret complex
datasets and avoid common analysis errors.
Prerequisites
Good understanding in basic Statistics (basic terms and concepts for statistical analysis,
common graphical and numerical analyses, role of Statistics, data type, meaning and role
of X and Y variables), hypotheses testing (αrisk,βrisk, ttest, ANOVA) and some
exposure in area of application. The understanding/exposure allows the learners to follow
the class well and be able to apply the knowledge learned on the job immediately after
the class. Participants are required to install JMP Software (SAS JMP Pro 16 or later) prior
the class.
Duration
Two (2) FullDay Workshop
DESCRIPTION
Opening
Module 1: CA Introduction
(Space Shuttle Challenger, Definition, Applications, Goals, CA
Elements, Root Cause Validation, CA Flow)
Describe the purpose, concepts, and applications of
Commonality Analysis (CA)
Explain the CA workflow and its role in root cause investigation
Recognize key elements required for effective root cause
validation
Module 2: Problem Signal Detection, Data Collection and
Preparation
Identify problem signals requiring further investigation
Apply appropriate approaches for data collection and
preparation
Recognize the importance of data quality in analysis accuracy
Module 3: CA Methods and Examples
Apply suitable Commonality Analysis methods to investigation
scenarios
Differentiate between analysis techniques based on problem
characteristics
Perform analysis using practical examples and case studies
Summary and End of Day 1
(Day 1)
Commonality Analysis (CA)
DESCRIPTION
Recap of Day 1
Module 4: CA Interpretation Issues and the Importance of Data
Visualization
Interpret Commonality Analysis results effectively
Identify common pitfalls and challenges in data interpretation
Utilize data visualization techniques to support decisionmaking
and communication
Module 5: Baseline Shift Detection Algorithms
Explain the concept of baseline shifts in manufacturing
processes
Apply detection algorithms to identify abnormal variations or
changes
Evaluate analysis outcomes to support investigation activities
Module 6: Backup: Statistical Algorithms for CA
Recognize statistical techniques commonly used in Commonality
Analysis
Interpret statistical outputs to support root cause identification
Select suitable statistical approaches for analysis scenarios
Summary and End of Course
(Day 2)
Commonality Analysis (CA)",Advanced Commonality Analysis For Manufacturing Yield Optimization,Advanced Commonality Analysis For Root Cause Validation In Manufacturing,Commonality Analysis For Manufacturing Defect Root Cause Validation And Statistical Yield Protection,Commonality Analysis For Manufacturing Defect Root Cause Identification,Mastering Commonality Analysis For Root Cause Identification In Manufacturing,4.1,3.23,47.46,6.03,1.78
c-5a0812b22f,Automotive Core Tools APQP & PPAP.pdf,Automotive Core Tools: APQP & PPAP,"AUTOMOTIVE
CORE TOOLS:
APQP & PPAP
Production Part Approval Process (PPAP) is intended to provide the evidence
that all customer engineering design record and specification requirements
are properly understood by the organization
Program Overview
Advanced Product Quality Planning (APQP) is a methodology used from early planning,
design phase, or process analysis in accordance with requirements of the customer. It
aids an organization to product a product quality plan which will support the
development of a product or service that will satisfy the customers.
Production Part Approval Process (PPAP) is intended to provide the evidence that all
customer engineering design record and specification requirements are properly
understood by the organization and that the manufacturing process has the potential to
produce product consistently meeting the requirements during an actual production run at
the quoted production rate.
Learning Objectives
By the end of the course, participants will be able to:
Outline the purpose of APQP
Describe the 5 phases of APQP process
List the necessary steps for an APQP program
Understand Control Plan Methodology
Outline the purpose of PPAP
Understanding the processes of PPAP
How to complete PPAP documentations requirements
Understand PPAP filing requirements
Duration
One (1) FullDay Workshop
Automotive Core Tools: APQP &
PPAP
DESCRIPTION
• Introduction to Advanced Product Quality Planning (AIAG APQP
3rd Edition)
• Phase 0 Inputs
• Phase1 Plan and Define
• Phase 2 Product Design & Development Tools
• Phase 3 Process Design & Development Tools
• Phase 4 Product and Process Validation
• Phase 5 Feedback Assessment and Continuous
• Control Plan Methodology (AIAG CP 1st Edition)
• Introduction to Production Part Approval Process (AIAG APQP 4th
Edition)
• PPAP Process Requirements
• Notification & Submission Requirements
• Submission to Customer Levels of Evidence
• Part Submission Status
• Record Retention
• Q&A session & Recap
(Day 1)
Automotive Core Tools: APQP &
PPAP",Advanced Product Quality Planning And Production Part Approval Process For Automotive Industry Professionals,Advanced Product Quality Planning & Production Part Approval Process For Automotive Professionals,Automotive Apqp And Ppap Quality Planning Process,Automotive Core Tools: Advanced Product Quality Planning And Production Part Approval Process,Automotive Core Tools For Quality Control: Apqp And Ppap Mastery,4.06,3.19,44.37,1.74,1.73
c-5bf2657eb3,Vital & Applied Stats 101.pdf,Vital & Applied Stats 101,"VITAL & APPLIED
STATS 101
""From Data to Decisions: Building Your Statistical
Confidence One Step at a Time!""
Overview
The objective of this course is to provide participants with basic terms and
concepts for statistical data analysis, understand common graphical and
numerical analyses, learn practical statistical analysis skills and JMP skills, learn
how to make valid reports and conclusions based on statistical data. Topics
include describing single variables, relationships between multiple variables,
and sampling to prepare participants for taking more advanced statistics
courses.
Delivery Mode
PowerPoint presentation, handson activities, and Q&A
Duration
3 Days, 8Hours/day
Targeted Group
Engineering, Quality & Reliability, Statistician, Integration, Materials, Industrial
Engineering, Information Technology, Manufacturing
Prerequisites
None. Vital and Applied Stats 101 is the prerequisite to all other statistical
application courses. It’s simple and powerful as you can apply the knowledge to
solve > 50% of engineering/manufacturing problems daily. Participants are
required to install JMP Software (SAS JMP Pro 16.2 or later) prior the class.
Training Aid
Laptop and Zoom (or equivalent) presentation mode for online session. Projector
for facetoface session.
Course Outline & Schedule (Day 1)
TIME
ACTIVITY
DETAILS
Registration & Breakfast
Registration starts at 8:30am together with
breakfast
Module 1:
Definitions & Modeling
Types
Course Contents/Activities:
Introduction.
Populations and Samples.
The Importance of Variation.
Data and JMP Modeling Types
Module 2:
JMP Lab: Introduction to
JMP
Course Contents/Activities:
The JMP home window, menu bar, and help
menus.
How to open a .jmp data table.
Data table structure: table panel, rows panel,
columns panel.
A review of modeling types from Module 1.
Row and column selection and deselection.
Adding new columns and initializing data.
Building a small data table in JMP.
Module 3:
Summary Statistics and
Graphs for Single
Variables
Course Contents/Activities:
Data Distributions andHistograms.
Summary Statistics for Continuous Data.
Box Plots.
Summary Statistics for Nominal Data and Bar
Charts.
Module 4:
Good Sampling
Practices and Statistical
Distributions
Course Contents/Activities:
Good Sampling Practices.
Population Parameters and an Introduction to
the Normal Distribution.
Introduction to the Binomial Distribution.
Course Outline & Schedule (Day 2)
TIME
ACTIVITY
DETAILS
Registration & Breakfast
Registration starts at 8:30am together with
breakfast
Module 5:
JMP Lab: Single Variable
Graphs
Course Contents/Activities:
The Distribution platform, custom summary
statistics, and the recall button.
The Pareto Plot within the Quality and Process
platform, and red triangle menu options.
JMP ""live window"" and row selection features.
Navigation methods between windows, the
home button, and arrange menu.
Introduction to File>>Preferences.
Reading data into JMP from Excel or other
formats and the Excel Wizard.
Introduction to capture and replay to make a
table script.
Saving JMP output in a Journal, Report, or other
format such as Word, html, pdf, etc.
Module 6:
Relationship Between
Two Variables
Course Contents/Activities:
Scatter Plots, Correlation, Fitting a Line, and R2.
Side by Side Box Plots.
Mosaic Plots.
Logistic Plots.
Graphical Excellence.
Course Outline & Schedule (Day 3)
TIME
ACTIVITY
DETAILS
Registration & Breakfast
Registration starts at 8:30am together with
breakfast
Module 7:
JMP Lab: Fit Y by X
Platform, Rows, Cols,
and Tables Menu
Course Contents/Activities:
The Fit Y by X Platform output including:
Bivariate, One way, Contingency, and Logistic
graphs.
Adding row legends and other graph right click
menu options.
Data filters and local data filters.
Graph axis settings and Graph tools menu.
The Rows Menu and use of Hide, Exclude, Label,
Color, and Marker.
The Columns Menu and use of Hide, Exclude,
Label, Scroll Lock, Grouping Columns, and
Columns Viewer.
Various Table Operations ",Building Statistical Confidence Through Practical Applications,From Data To Decisions: Building Your Statistical Confidence With Jmp,Applied Statistics Fundamentals With Jmp For Data-Driven Decision Making,Fundamental Statistical Data Analysis With Jmp: From Data To Decisions,Fundamental Statistical Analysis And Jmp Skills For Effective Decision-Making,4.11,3.37,56.21,3.15,2.09
c-5c99b07fe5,Advanced ESD.pdf,Advanced ESD,"ADVANCED
ESD
Equip yourself with essential knowledge and handson skills in Electrostatic
Discharge (ESD) control and ANSI ESD S20.20 compliance.
Program Overview
This 2day Advanced ESD training program provides indepth understanding of
Electrostatic Discharge (ESD) control principles and ANSI ESD S20.20 Revision
2021 compliance requirements. Participants will learn key technical concepts
including static charge generation, grounding, Faraday shielding, ionization,
surface resistivity, and ESD testing methods. The course also covers Human Body
Model (HBM), Charge Device Model (CDM), ESD protection systems, and
practical implementation of ESD control programs through case studies,
measurements, and handson activities in manufacturing environments.
Learning Objectives
By the end of the course, participants will be able to:
Understand the fundamentals and causes of Electrostatic Discharge (ESD).
Learn how ESD damages sensitive electronic components and systems.
Identify effective ESD prevention, protection, and grounding methods.
Gain practical knowledge on implementing and auditing ESD control
programs.
Understand ANSI ESD S20.20 Revision 2021 requirements and industry best
practices.
Duration
Two (2) FullDay Workshop (14 Hours)
Advanced ESD
DESCRIPTION
Module 1: Introduction to ESD
What is ESD?
Definition of ESD
Why is ESD event often ignored?
Concept of “cradle to grave” requirement
What is the confusion of EOS over ESD?
Differences between EOS and ESD
Importance of ESD
Difference between catastrophic versus latent failure
What worsens ESD as technology advances?
Module 2: Fundamentals of ESD
Basics of static electricity
Effects of grounding on insulators versus conductors
Concepts of Faraday cage
Law of induction
Charge suppression
Basic grounding requirements
Relationship of charge,capacitance and voltage
Methods of electrostatic voltage generation (contact and
contactless methods)
Triboelectric series
Effects of humidity on ESD charges
Helmoltz method of generating ESD charges
How ESD damages sensitive components?
Component/board direct and indirect charging
Concept of virtual grounding
ESD device susceptibility
Level of sensitivity of device, board and system versus voltages
How does dielectric breakdown and meltdown occurs?
How to distinguish between EOS and ESD failures?
(Day 1)
Advanced ESD
DESCRIPTION
Module 2: Fundamentals of ESD (Continued)
Common causes of ESD
Human negligence and poor ESD controls
Proliferation of automated systems without proper ESD control
considerations
First case study of ESD damage caused by trim and form
machine
Second case study of ESD damage caused by plastic pick and
place suction cup
Module 3: ESD Prevention and Protection
Understand your product sensitivities
ESD Event Detection
Classification of product sensitivities
Human Body Model
Charge Device Model
Machine Model
IEC 8012 system model
ESD protection schemes employed by integrated circuits
Eliminate any potential electrostatic voltage sources
Role of materials in ESD protection
Classification of material ie conductive, dissipative and
insulative materials
How is surface resistivity measured?
Surface resistance and resistivity classifications
Surface resistivity versus discharge times
Resistivity scale
How to control unavoidable electrostatic voltage sources?
Theory of ionization
Concept of Faraday Shielding
Use of antistaticity chemical agents
Summary and End of Day 1
(Day 1 Continued)
Advanced ESD
(Day 2)
Advanced ESD
DESCRIPTION
Module 4: ESD Control Program
Primary ESD controls which are absolutely necessary in order to
ensure minimum ESD
control
Secondary ESD controls which are additional controls which will
assist in further
minimizing potential ESD damage
How to accurately measure charges using Faraday Cup?
Advantages and disadvantages of ESD shoes, booties and
heelstraps
Use of wrist straps and safety requirements
Conductive smocks
Conductive flooring
How to install an ESD protective workstation
Use of air ionizers
Requirements",Advanced Esd Training For Manufacturing Environments,Advanced Esd Control And Ansi Esd S20.20 Compliance Training,Advanced Electrostatic Discharge Control And Ansi Esd S20.20 Compliance,Advanced Esd Control And Ansi S20.20 Compliance Training,Advanced Electrostatic Discharge Control And Ansi S20.20 Compliance Training,4.15,3.42,56.27,11.01,1.83
c-601a459e68,Situational Leadership at the Workplace Workshop.pdf,Situational Leadership at the Workplace Workshop,"SITUATIONAL
LEADERSHIP AT
THE WORKPLACE
WORKSHOP
Nf Lal
Program Overview
This interactive twoday Situational Leadership Workshop provides managers and
supervisors with a robust understanding and practical application of Situational
Leadership principles. The workshop is designed to empower leaders to effectively
adapt their leadership styles to the unique needs of their team and dynamic
workplace situations
Learning Objectives
Situational Leadership at the Workplace Workshop
Two (2) FullDay Workshop;
By the end of the course, participants will be able to:
•Comprehensively understand the Situational Leadership model.
•Recognize and adapt to different leadership styles (Directing, Coaching, Supporting,
Delegating).
•Assess and match their leadership approach to employee maturity and readiness.
•Apply practical strategies for performance management and team development.
•Enhance communication through targeted conversations and feedback mechanisms
Duration
Training Outcome
Participants will gain insights in the following areas:
• Flexibly apply the four leadership styles effectively in various scenarios.
• Diagnose employee competence and commitment accurately.
• Set SMART goals and measure progress effectively.
• Confidently handle performance issues and motivate team members.
• Establish actionable leadership development plans for continuous improvement.
(Day 1)
Description
Registration & Introduction
Module 1: Welcome and Inclusion Activity
• Icebreaker activity: ""Your Leadership Journey""
• Sharing roles and admired leadership traits
Module 2: Foundations of Situational LeadershipVision Mapping
• Interactive lecture: ""What is Situational Leadership?""
• Group discussion on traditional vs. situational leadership approaches
• Storytelling session: ""Reallife leadership scenarios""
Module 3: Discover Your Leadership Style
• Assessment: Identifying personal leadership styles
• Partner discussion: Sharing insights about leadership strengths and areas
for improvement
Module 4: Diagnosing Team Readiness
• Lecture and group exercises: Assessing competence and commitment
• Role play activity: Practicing diagnostic conversations
Module 5: Matching Leadership Style to Team Development Needs
• Interactive activity: Matching styles to scenarios
• Group discussion: ""Flexibility and adaptability in leadership""
Reflection & Group Discussion
Day 1 Key Takeaways, Group Sharing
Situational Leadership at the Workplace Workshop
(Day 2)
Description
Registration & Recap
Module 6: Practical Application and Goal Setting
• Setting SMART goals aligned with team capabilities
• Group case studies: Applying goal setting, diagnosing, and matching
Module 7: Managing Performance
• Strategies for addressing underperformance
• Role play: Redirect conversations and feedback delivery
Module 8: Six Essential Leadership Conversations
• Alignment conversation
• Style conversation
• Oneonone conversation
• Partner exercise: Planning a targeted conversation with a team member
Module 9: Role Play and Case Studies
• Realworld scenarios: Applying situational leadership techniques
• Group presentations and peer feedback
Module 10: Developing a Personal Action Plan
• Reflective activity: Creating an actionable leadership improvement plan
• Group sharing and feedback
Reflection & Group Discussion
Day 2 Key Takeaways, Group Sharing
Situational Leadership at the Workplace Workshop",Advanced Strategic Leadership Development For Managers,Situational Leadership At The Workplace Workshop,Situational Leadership In Practice: Adapting Styles For High-Performance Teams,Situational Leadership At The Workplace: Adaptive Management Strategies,Situational Leadership Principles For Effective Workplace Management,4.1,3.19,48.69,2.35,1.22
c-6021338849,Data Science (Intermediate to Advanced).pdf,Data Science (Intermediate to Advanced),"DATA SCIENCE
(INTERMEDIATE
TO ADVANCED)
Bridge the gap between raw data and predictive intelligence by mastering
advanced Python modeling, deep learning architectures, and scalable web
application deployments.
Program Overview
Data Science (Intermediate to Advanced) is an intensive 5day technical program tailored
for software engineers, computer science engineers, and data analysts with prior Python
knowledge. Divided into an intermediate segment (2 days) and an advanced segment (3
days), this workshop scales capabilities from foundational software engineering best
practices to complex AI deployment. Participants will master supervised and unsupervised
machine learning algorithms, deep neural networks, timeseries forecasting, and Natural
Language Processing (NLP). Through practical projects, learners will build predictive
models, design A/B testing frameworks, and successfully deploy completed data science
solutions to web applications.
Learning Objectives
By the end of the course, participants will be able to:
Use principles of statistics and probability to design and execute A/B tests and
recommendation engines to assist businesses in making dataautomated decisions
Build Machine Learning Models & make predictions
Deploy a data science solution to a web app
Manipulate and analyse distributed datasets using Apache Spark
Communicate results effectively to stakeholders
Duration
Five (5) FullDay Workshop
Data Science
(Intermediate to Advanced)
Prerequisites
Python Programming
DESCRIPTION
Module 1: Software Engineering  I
Clean & Modular Code
Refactoring Code
Writing Clean Code
Efficient Code
Documentation
Inline Commenting
Docstrings
Version Control
Module 2: Software Engineering  II
Testing, Unit Tests
Logging
Code Review
Summary and End of Day 1
(Day 1  Intermediate)
Data Science
(Intermediate to Advanced)
DESCRIPTION
Recap of Day 1
Module 3: Supervised Learning
Machine Learning Bird's Eye View
Linear Regression
Perception Algorithm
Decision Trees
Naive Bayes
Support Vector Machines
Ensemble Methods
Model Evaluation Metrics
Training and Tuning
Module 4: Unsupervised Learning
Clustering
KMeans clustering
Hierarchical and Density Based Clustering
Gaussian Mixture Models and Cluster Validation
PCA
Random Projection and ICA
Project: Identify Customer Segments
Summary and End of Day 2
(Day 2  Intermediate)
Data Science
(Intermediate to Advanced)
DESCRIPTION
Recap of Day 2
Module 5: Time Series Analysis& Forecasting
Identify trends, seasonality, and cyclic behaviors in sequential
historical datasets.
Apply statistical and mathematical algorithms to forecast future
data points and business trends.
Module 6: Natural Language Processing
Tokenisation
Stop Words
Speech Tagging
Named Entity Recognition
Stemming and Lemmatisation
Feature Extraction
Bag of Words
TFIDF
OneHot Encoding
Word Embeddings
Modeling
Summary and End of Day 3
(Day 3  Advanced)
Data Science
(Intermediate to Advanced)
DESCRIPTION
Recap of Day 3
Module 7: Deep Learning
Introduction to Neural Networks
Implementing Gradient Descent
Training Neural Networks
Keras
Deep Learning with PyTorch
Image Classifier Project
Module 8: Deploying Model on Web / Dashboard
FrontEnd, HTML, Flask
Deploying Model
Summary and End of Day 4
(Day 4  Advanced)
Data Science
(Intermediate to Advanced)
DESCRIPTION
Recap of Day 4
Module 9: Experimental Design & Recommendations
Introduction to Experiment Design and Recommendation
Engines
Experiment Design & A/B Testing
Concepts in Experiment Design
Types of Experiment
Types of Sampling
Measuring Outcomes
Creating Metrics
Controlling Variables
Checking Validity
Checking Bias
Ethics in Experimentation
A SMART Mnemonic for Experiment Design
Statistical Considerations in Testing
A/B Testing Case Study
Module 10: Recommendation Engines
Construct collaborative or contentbased filtering algorithms to
predict user preferences.
Deploy functional recommendation models to drive personalized
customer experiences and automate datadriven decisions.
Summary and End ",Mastering Data Science With Advanced Python Modeling And Scalable Deployments,"Advanced Data Science: Python Modeling, Deep Learning, And Web Deployment","Advanced Data Science: Machine Learning, Deep Learning, Nlp, And Scalable Web Deployment","Advanced Data Science: Machine Learning, Deep Learning & Web Deployment",Mastering Advanced Data Science Techniques With Python And Ai Deployment,4.17,3.32,66.84,1.5,1.79
c-602225c04f,Statistical Process Control (SPC).pdf,Statistical Process Control (SPC),"Statistical Process
Control (SPC)
Statistical Process Control for Quality
Excellence
A 2Day Technical Workshop for Engineers & Quality
Teams
Statistical Process Control (SPC)
Why This Workshop Matters
Modern manufacturing environments demand precision,
consistency, and rapid detection of variation.
Product quality issues escalate quickly — affecting
yield, cost, delivery, customer trust, and longterm
competitiveness.
This workshop equips participants with the statistical
thinking and SPC tools needed to:
Understand where variation comes from
Detect deviations with control charts
Stabilize processes before defects occur
Improve capability indices (Cp, Cpk)
Reduce cost of quality and rework
Strengthen organizationwide quality performance
Statistical Process Control (SPC)
Training Needs We Address
Based on industry challenges, the workshop helps solves
Unstable processes that produce
inconsistent result
Weak understanding of capability
metrics (Cp,Cpk,DPM)
Ineffective or outdated control chart
practices
Inability to differentiate common vs. special
cause variation
Incorrect or manual calculation of control
limits
Lack of skills to revise control limits properly
Difficulty identifying root causes of process
instability
Inconsistent documentation of SPC findings
Statistical Process Control (SPC)
Target Audience
Engineers (Process, Manufacturing,
Equipment)
Statisticians & Data Analysts
Technicians
Quality & Reliability Engineers
Statistical Process Control (SPC)
Anyone responsible for implementing SPC or monitoring process performance
Workshop Objectives
Participants will:
Revise control limits using valid
statistical guidelines
Perform process stability and
capability analysis (Cp, Cpk)
Develop the skills to implement
SPC as part of a factorywide
strategy
Construct control charts for
continuous and binomial data
Interpret process signals using
trend rules and SPC best practices
Statistical Process Control (SPC)
Understand SPC roles in
production and technology
development
Differentiate stability vs.
capability in realworld scenarios
Understand variation, types of
variation & impact on quality
What Makes This
Workshop Unique
A highly practical, industrybacked SPC program
incorporating
• Real factory data examples
• Handson control chart construction
• Stepbystep capability analysis
• Builtin Excel templates for limits, Cp/Cpk & DPM
calculations
• Bestknownmethods (BKM) for process stability
• Live demonstrations of 3sigma logic
• Clear interpretation guides for trend rules
• A complete endtoend SPC strategy
Participants gain immediately applicable, jobready
SPC skills.
Statistical Process Control (SPC)
Day 1 Overview
Foundations of Variation, SPC Concepts & Continuous Data Control
Charts
Module 1: What is Variation?
Module 3: Control Charts for Continuous Data
Module 2: SPC /PCS Overview
Homework #1 (Reinforcement exercise)
Statistical Process Control (SPC)
Day 1 Key Learning Points
Sources & types of variation
Relationship between variation and
quality
SPC fundamentals & process control
strategies
Proper reactions to special vs. common
cause variation
Risks of tampering and ignoring signals
Xbar, Individuals & Standard Deviation
charts
Screening outliers & computing
moving range
Data requirements for reliable control
limits
Applying trend rules correctly
Day 2 Overview
Binomial Data, Control Limit Revision,
Capability Analysis & PCS Strategy
Module 4: Control Charts for Binomial Data
Module 5: Control Limits Revision Guidelines
Module 6: Process Stability & Capability
Analyses
Homework #2
Module 7: Overall PCS Strategy
Statistical Process Control (SPC)
Day 2 Key Learning Points
pchart fundamentals & minimum data
requirements
Trend rules BKM for binomial charts
CLSR & OCI indicators for assessing limit
validity
Online vs. offline control limits
Stability vs. capability
Cp and Cpk interpretation
Cpk ↔ DPM relationships
Actual vs. estimated OOS
PCS roles in factory & technology
development teams
Methodology
Structured worksheets & pr",Statistical Process Control For Quality Excellence,Statistical Process Control For Quality Excellence,Statistical Process Control And Capability Analysis For Manufacturing Quality Excellence,Statistical Process Control For Quality Excellence,Statistical Process Control For Quality Improvement In Manufacturing,4.16,3.35,53.21,2.09,2.44
c-614e097094,Measurement System Analysis (MSA).pdf,Measurement System Analysis (MSA),"MEASUREMENT
SYSTEM
ANALYSIS
(MSA)
Quantify measurement variations, validate metrology capabilities, and
harness datadriven statistical methodologies to ensure total accuracy and
precision across manufacturing operations.
Program Overview
In highprecision manufacturing, the integrity of your data dictates the quality of your
product. This comprehensive course introduces engineering and quality professionals to
the vital concepts and methodologies of Measurement System Analysis (MSA). Moving
beyond basic statistics, participants will learn how to systematically plan, execute, and
analyze measurement capability studies. By isolating and quantifying the exact sources of
measurement variation, assessing gauge repeatability and reproducibility (GR&R), and
evaluating tool matching, you will acquire the critical insights needed to optimize
metrology systems. Ultimately, this program equips teams to eliminate testing errors,
reduce production costs, and maintain a highly stable, competitive quality framework.
Learning Objectives
By the end of the course, participants will be able to:
Identify and isolate individual sources of variation to accurately calculate total system
capability.
Apply mathematical models to determine if multiple manufacturing gauges are
properly correlated and matched.
Establish tracking strategies and control charts to maintain longterm reliability in
testing environments.
Duration
Two (2) FullDay Workshop
Measure System Analysis (MSA)
Prerequisites
Vital and Applied Stats 101. Good understanding in basic Statistics (role of Statistics, data
type, basic terms and concepts for statistical analysis, common graphical and numerical
analyses), and some exposure in area of application. The understanding/exposure allows
the learners to follow the class well and be able to apply the knowledge learned on the
job immediately after the class. Participants are required to install JMP Software (SAS
JMP Pro 16.2 or later) prior the class.
DESCRIPTION
Opening
Module 1: Introduction
What is MSA?
What do we measure?
Why do we measure?
How do we measure?
Measurement system elements
Impact of measurement variability
Why do measurements vary?
Sources of variation
Module 2: MSA Accuracy Procedures
Accuracy and Bias
Objective
Data Collection Strategy
Dynamic vs. Static Repeatability
Decision Matrix
Statistical Significance
Technical Significance
Significance of the Bias
Example and Interpretation
Module 3: MSA Linearity Procedures
Linearity Study
Linearity in Accuracy
Linearity in Precision
Linearity in Accuracy Evaluation
Linearity in Precision Evaluation
Example and Interpretation
(Day 1)
Measure System Analysis (MSA)
DESCRIPTION
Module 4: MSA Repeatability and Reproducibility Procedures
Precision
Accuracy vs. Precision
Two Components of Precision
Measurement System Capability
Repeatability
Objective
Data Collection Strategy
Decision Matrix
Combining with Accuracy Evaluation
Analysis Strategy
Example and Interpretation
Reproducibility
Objective
Data Collection Strategy
Variance Component Analysis
Decision Matrix
Why P/T ratio < 30%
Analysis Strategy
Example and Interpretation
Summary and End of Day 1
(Day 1 Continued)
Measure System Analysis (MSA)
DESCRIPTION
Recap of Day 1
Module 5: Metrology Correlation and Matching
Introduction: Correlation and Matching
Objective
Preliminary Requirements
Sample Selection
Data Collection Strategy
Decision Matrix
Analysis Strategy
Example and Interpretation
Module 6: MSA Accuracy Procedures
Metrology Stability
Importance of Metrology Monitor
Sampling Plan
Sample Material
Sample Size
Sampling Frequency
Control Charts
Setting Control Limits
OOC Implications
Response Flow Checklist (RFC), Dispo
Offline PCS Analysis
Module 7: Attributes MSA for Pass/Fail Data
Introduction
Objective
Data Collection Strategy
Computation Algorithm
Decision Matrix
Example and Interpretation
Summary and End of Course
(Day 2)
Measure System Analysis (MSA)",Advanced Measurement System Analysis For High-Precision Manufacturing Operations,Measurement System Analysis For Accurate Metrology And Quality Control,Measurement System Analysis And Metrology Validation For Precision Manufacturing,Measurement System Analysis: Quantifying Variation And Ensuring Metrology Accuracy,Comprehensive Measurement System Analysis For Quality Professionals,4.12,3.28,58.97,10.58,1.21
c-615deb8603,Microsoft Excel Basic to Intermediate.pdf,Microsoft Excel Basic to Intermediate,"This course is designed to provide participants with a comprehensive understanding of Microsoft Excel, from basic to intermediate levels. Participants will learn how to efficiently set up and manage worksheets, format data, use formulas, print data, and utilize various features to enhance productivity. By the end of the course, participants will be equipped with the skills needed to navigate and use Excel for various tasks, including data analysis and presentation.

Outline:

Day 1: Basic Excel Skills

Module A: Setting Up a Worksheet
- Identify the Elements of the Excel Interface
- Creating a New Worksheet with Data
- Using AutoFill for Data Entry
- Making Changes to Data
- Navigating and Selecting Cell Ranges Quickly
- Splitting Windows Horizontally or Vertically
- Freezing Windows Screen

Module B: Modifying Excel Worksheet
- Inserting, Deleting, Copying Worksheets
- Renaming and Coloring Worksheet Tabs
- Changing Order of Worksheets
- Working with Multiple Sheets
- Navigating Worksheets in a Workbook
- Hiding/Unhiding Worksheets

Module C: Formatting Data
- Formatting Data in a Worksheet
- Making Worksheet Contents Less Crowded by Changing Column Width and Row Height
- Inserting or Copying Columns/Rows with Insert or Paste Options
- Adding Comments to Data

Module D: Writing Formulas
- Entering Simple Formulas in Worksheet
- Using AutoSum to Calculate Total, Average, Max, Min, etc.
- Using AutoCalculate as a Calculator

Module E: Printing Data
- Printing Worksheets
- Changing Page Orientation, Margin, and Scaling
- Inserting Headers & Footers
- Inserting Page Breaks

Day 2: Intermediate Excel Skills

Module F: Sign In to Office and OneDrive
- Sign In
- Saving a Workbook to OneDrive

Module G: Protecting Workbook
- Protecting Worksheets, Workbooks, and Files
- Exercise: Protecting Worksheets with Hidden Formulas
- Exercise: Protecting Workbooks and Files

Module H: Analyzing Your Data Instantly
- Analyze Your Data Instantly

Module I: Presenting Data in Charts
- Creating Charts
- Modifying Charts
- Recommended Charts

Module J: Working with Sparklines
- Types of Sparklines
- Creating Sparklines
- Changing the Appearance of Sparklines
- Changing the Display Range",Comprehensive Microsoft Excel Fundamentals And Productivity Skills,Advanced Excel Skills For Data Analysis And Presentation,"Comprehensive Microsoft Excel For Data Management, Analysis, And Presentation","Microsoft Excel Fundamentals: Worksheets, Formulas, Data Analysis & Visualization",Comprehensive Microsoft Excel Skills For Data Management And Analysis,4.15,3.17,45.47,12.29,1.49
c-61d4d2ecf3,Tufting & Indoor Adventure Course Outline.pdf,Tufting & Indoor Adventure (Hotel),"TUFTING &
INDOOR
ADVENTURE
(1 DAY)
Unleash your team's creative potential, patience, and collaborative
communication through an immersive, handson crafting experience designed
to push individuals outside their comfort zones.
Program Overview
Tufting & Indoor Adventure is an interactive, fullday workshop meticulously
designed for corporate leaders, managers, and project teams. This refreshing
program leverages unique, tactile crafting mediums to spark critical thinking and
break down communication barriers. Participants will master the mechanics of
textile tufting, experiment with multilayered sand art candle chemistry, and
engage in creative straw bag painting. By stepping outside their typical workplace
routines into a supportive studio environment, teams will cultivate deep mutual trust,
learn to respect diverse perspectives, and master the adaptability required to
navigate new corporate situations.
Learning Objectives
By the end of the course, participants will be able to:
Understand the various technique of tufting
Learn the differences and similarities of different threads and when to use them
Know how to effectively communicate your ideas and respect other's opinions
Learn patience and step out of your comfort zone.
Learn to adapt to new situations
Confidence, respect and trust in each other will move us outside our comfort
zones and reach our goals.
Duration
One (1) FullDay Workshop
Tufting & Indoor Adventure (1 Day)
DESCRIPTION
Module 1: Tufting
Core Activities: Handson textile manufacturing where
participants insert thread into a primary base to craft their own
masterpieces. Completed items can be upgraded to cushions,
bags, or mirrors.
Learning Focus: Cultivating creative thinking skills, deep
patience, and rigorous task followthrough.
Module 2: Sand Art Castle
Core Activities: Designing a custom wax candle set into a
unique shell made of sand. Participants select their own scents
and colors to mix using delicate sand layering techniques.
Learning Focus: Strengthening collaborative communication,
respecting diverse ideas, and building essential teamwork skills.
Module 3: Straw Bag Painting
Core Activities: Studiobased design and custom painting of
sturdy straw bags woven from materials like corn husks, regular
straw, crocheted paper, or beachstyle Raffia.
Learning Focus: Expanding creative perspectives, developing
individual leadership skills, and taking team responsibility.
Summary and End of Course
Tufting & Indoor Adventure (1 Day)
** All activities are held indoor unless specified",Advanced Strategic Collaboration And Creative Problem Solving For Corporate Teams,Tufting & Indoor Adventure Workshop,Creative Tufting And Collaborative Crafting For Corporate Team Building,Creative Team Building Via Hands‑On Textile And Craft Workshops,Creative Team Building Through Tufting And Hands-On Crafting,4.1,3.16,58.13,15.23,1.25
c-64778e09b2,Managing Strategic Teams The Sun Tzu's Way.pdf,Managing Strategic Teams The Sun Tzu's Way,"Programme Objective
STRATEGIC
THE
TEAMS
SUN
TZU'S
MANAGING
Sun Tzu’s Art of War is one subject that has never ceased to
arouse interest among people, nations and also the business
professionals. It is best remembered for what perhaps the
world’s earliest secrets of success on the battlefield, and it is
as relevant to both military and business strategists today.
Introduction
This training workshop expounds a compact set of
principles essential for victory in business battles by
adopting the Sun Tzu’s Way and with combination of
essential Blue Ocean Strategies. It covers vital areas of
management
and
leadership
and
this
includes
establishing business vision as well as a departmental
vision, strategies, managing team’s discipline plus
sustaining team’s morale, adopting diplomacy during
times of conflict and embracing change towards
effective team and business management.
This programme is crucial for senior executives and
managers who are looking into different ways and
methods
improve
their
bottom
line
the
organization.
WAY
At the end of this programme, participants should be able to:
Identify the 4 quadrants of leadership styles
Set a departmental vision to focus for the financial year
Perform SWOT analysis on their team
Develop strategies to achieve their business goals
Identify the 5M required to overcome the challenges
Identify areas in the organization that requires changes which
includes elimination, reduction, creation and expansion
Key Content
FOR MORE INFORMATION,
CONTACT US AT:
1.1   Revisiting a little piece of History
1.2  Ancient Art vs Modern Art of War
1.3  The Modern Strategist and the 5 Fundamentals
1.4  Intro of the 5 Fundamentals
MODULE 1 – INTRODUCTION
MODULE 2 – OUR STRATAGEMS
2.1   How can we relate to the Art of War?
2.2  How do our current 5 fundamentals look like?
2.3  What changes can we make to our existing fundamentals?
MODULE 3 – THE INFLUENCE & KNOWING THE STRONG & WEAK
3.1   Clear Instructions
3.2  Firm Instructions
3.3  Enforcement
3.4  Discipline
MODULE 4 – TACTICS
4.1  What are our current Tools and Discipline?
MODULE 5 – MARKET CHANGES
5.1   Finding a New “Tree”
5.2  Getting Close to the Market
5.3  Market Intelligence
5.4  Deep Dive Strategy
MODULE 6 – THE TERRAINS
6.1  Strategic Group
6.1.1  Case Study 1
6.2  Emotional Appeal
6.2.1 Case Study 2
6.3  Alternatives
6.3.1 Case Study 3
MODULE 7– MANOEUVRING & TERRAINS
7.1   What are our current Pathways?
7.2  What are our new Pathways?
3.5  Authority
3.6  Respect
3.7  Focusing Energy to get Results
5.5  Capture the Market
5.5.1   Case Study A
5.5.2   Case Study B
5.5.3   Case Study C
5.5.4   Group Discussion B –
“Which is our new Tree?”
6.4 Chain of Buyers
6.4.1 Case Study 4
6.5  Elimination
6.6  Reducing
6.7  Raising
6.8  Creating
MODULE 8 – THE PATHWAY TO SUCCESS
8.1   The Elimination Process
8.2  The Reduction Process
8.3  The Raising Process
8.4  The Creation Process
MODULE 9 – OVERCOMING WEAKNESSES & THREATS
9.1   PDCA Strategy
9.2  SCORE Methodologies of Managing Resources
9.3  5M Resources in Overcoming Challenges
Programme Duration
TWO (2) Days
Who Should Attend?
Highly recommended for senior executives and managers and
executive who are involved in strategic planning process.
Email:
Tel:  (Mr Koay)
Website:
*
Programme Methodology
Videos
Case Studies
Group Discussion
Personal Reflection
Activities
Group Presentation",Advanced Strategic Management With Sun Tzu's Art Of War And Blue Ocean Strategies,Sun Tzu's Art Of War For Business Strategy,Strategic Business Leadership And Competitive Strategy Using Sun Tzu's Art Of War,Strategic Business Leadership Inspired By Sun Tzu’s Art Of War,Strategic Leadership And Management Through Sun Tzu's Art Of War,4.18,3.31,53.5,5.12,1.27
c-671b25ebd5,Mental Well-Being Program (Half day).pdf,Mental Well-Being Program,"Walk away with a list of  “quick wins” cases
you can use right away in the organization!
MENTAL
WELLBEING
PROGRAM
Upskill you and your team’s Mental Wellbeing and Learn how
to bring your projects to the next level
Program Overview
Mental health, a crucial aspect of global wellbeing, faces unique challenges
and manifestations in different regions, including Malaysia. Understanding
when a mental health problem escalates into a mental illness is vital,
particularly in how it impairs an individual's functioning in daily roles. Common
mental illnesses such as depression, anxiety disorders, psychosis, as well as
issues like suicide, nonsuicidal selfinjury, and substance use disorders,
significantly affect millions worldwide.
Recognizing the signs and knowing when to seek help is essential. Selfhelp
strategies and Mental Health First Aid can serve as initial steps to manage
mental health issues. However, professional help becomes necessary when
conditions persist or worsen, impairing one’s ability to function effectively.
Course Objectives
MENTAL WELLBEING PROGRAM (1/2 DAYS)
By the end of the programme, participants will be able to:
Create better awareness on mental health and mental wellbeing.
Be able to recognise common mental health problems to seek early help.
Be able to apply some selfhelp strategies to keep oneself mentally well.
To know when, where and how to seek professional help when needed.
Preacquisition
None
Duration
HalfDay Workshop(4 Hours Total)
In DIG
Mental WellBeing Program (1/2
e Course Outline
Activity
Learning + Debrief:
Understanding Mental
Health and Illness
9.00am10_00am
Common Mental
Health Disorders
11.0am12.00pm | First Response and
SelfHelp Strategies
Seeking and Providing
Professional Help
Definition of mental health and its importance in overall
wellbeing.
Distinction between mental health problems and mental illnesses.
Overview of how mental health issues impact individual role
functioning and societal productivity.
Global statistics vs. mental health trends in Malaysia.
Learning + Debrief:
Detailed exploration of depression, anxiety disorders, peychosis,
suicide and nonsuicidal selfmjury, and substance use problems.
Signs and symptoms of each mental health disorder.
Potential causes and nsk factors, with a focus on how these
disorders manifest differently across diverse populations.
Learning + Debrief:
Introduction to selfhelp methods for mental wellbemg, such as
nundfulmess, exercise, and healthy eating.
Basic Mental Health First Aid training — understanding and
applying the inttial steps to help someone m a mental health
crisis.
Differentiating when selfhelp suffices and when to seek
professional assistance.
Learning + Debrief:
Overview of professional mental health resources available
globally and in Malaysia.
Steps to take when seeking professional help — from primary care
to specialized mental health services.
Understanding the roles of different mental health professionals
(psychiatrists, psychologists, counselors).
Community resources and how to leverage them for support and
advocacy.
cis",Mental Wellbeing For Individuals And Organizations In Malaysia,Mental Wellbeing Program: Managing Mental Health In The Workplace,"Practical Mental Wellbeing: Recognition, Self-Help Strategies, And Professional Support Navigation","Mental Health And Wellbeing: Recognition, Self‑Help Strategies, And Professional Support",Mental Wellbeing Program: Strategies For Awareness And Support,4.12,3.26,60.49,5.74,2.72
c-6a5f56075d,Power Up Your Team.pdf,Power Up Your Team,"POWER UP
YOUR TEAM
Ignite a highenergy ""Winner's Mindset"" and unlock peak collaborative
performance by navigating your team through the five vital stages of the Team
Collaboration Life Cycle.
Program Overview
Power Up Your Team is a highimpact, oneday active learning program structured
around a 20% classroom and 80% experiential gamebased delivery model. The
program addresses a critical workplace gap: underdeveloped collaboration skills.
By mapping team progress directly to the five phases of the Team Collaboration
Life Cycle (Knowing, Forming, Storming, Norming, and Performing), this training
challenges
selflimitations
and
bridges
personal
behavioral
differences.
Participants will build deep trust, replace toxic assumptions with collective synergy,
and return to work with a resilient Winner's Mindset to drive superior organizational
outcomes.
Learning Objectives
By the end of the course, participants will be able to:
Bridge Behavioral Gaps: Profile peer differences and similarities to eliminate
assumptions and build a unified team identity.
Dismantle Conflict Barriers: Resolve stormingphase friction by cultivating
deep trust and aligning behind shared organizational goals.
Sustain Peak Performance: Internalize a Winner's Mindset to cooperate under
a single cadence and contribute maximum individual effort.
Duration
One (1) FullDay Workshop
Power Up Your Team
DESCRIPTION
Module 1: Knowing  Who am I
Understanding yourself is the first step to understand others, and
understanding others is the foundation to build a good working
relationship with them. Behavioural Profiling allow you to see the
similarities & differences with each other, and how do we bridge the
differences.
Activity: Assessment, Group Work & Presentation
Module 2: Forming  Power up Your USP
Tell and Sell your value to form the best team so that it becomes
worthy to your team. A great team is a team with similarities &
differences. Form the best team and create the strong team identity
with the USP
Activity: Values Card, Power up You USP
Module 3: Storming  What is Bigger than Trust?
As a team, do you trust each other's? Can you trust your leader? What
is bigger than trust?
Activity: XY Game
Module 4: Norming  Imposible Possible
Winners' Mindset: Impossible is nothing when we keep producing
results. How do we get to this stage?
Activity: Mind Over Matter
Module 5: Norming  To Lose to Win
Winners' Mindset: Being right is the right things for the best team
performance? Sometimes, we need to lose to win
Activity: Word Maze
Module 6: Performing  Have You Give Your Best?
Winners' Mindset  a performing teamwork in the same cadence, same
direction. Each team member contributes in their own best way to
make the group win. Have you given your best? Or you think other
should give their best?
Activity: Magic carpet (or Escape From The Camp)
Summary and End of Course
Power Up Your Team
** All activities are held indoor unless specified",Power Up Your Team's Winner's Mindset,Power Up Your Team: Navigating The Team Collaboration Life Cycle,Building High-Performing Teams Through The Collaboration Life Cycle And Winner's Mindset,Team Collaboration Life Cycle: Building Trust And A Winner's Mindset,Empowering Teams Through The Five Stages Of Collaboration,4.07,3.26,48.69,4.32,1.72
c-6acd55508d,ISO 370012016 Awareness Training.pdf,ISO 37001:2016 Awareness Training,"ISO 37001:2016
AWARENESS
TRAINING
Safeguard your organization’s integrity and foster a culture of compliance by
mastering the international standards required to detect, prevent, and
respond to bribery risks.
Program Overview
ISO 37001:2016 Awareness Training is an essential 1day course tailored for top
management, QMS teams, department managers, and supervisors. Available
through both facetoface and virtual formats, this program delivers a practical
breakdown of the AntiBribery Management System (ABMS) framework.
Participants will unpack the core clauses of the ISO standard—from leadership
commitments and risk planning to financial controls and performance evaluation. By
mapping out the PlanDoCheckAct (PDCA) lifecycle, this course equips corporate
leaders with the insights needed to establish, maintain, and continually improve a
highly secure, compliant operational environment.
Learning Objectives
By the end of the course, participants will be able to:
Understand the fundamental principles of ISO 37001:2016 to recognize the
structural requirements of an AntiBribery Management System.
Establish bribery risk criteria, execute strategic risk analyses, and deploy
rigorous financial and nonfinancial operational controls.
Oversee internal audits, manage incident investigations, and apply corrective
actions to optimize your organization's ethical defenses.
Duration
One (1) FullDay Workshop
ISO 37001:2016 Awareness Training
DESCRIPTION
Management System 7 Principles
Module 1: Scope
Module 2: Normative References
Module 3: Terms and Definitions
Module 4: Context of the Organization
PDCA Layout of MS & PDCA Improvement
SWOT & Needs of Interested Parties
Module 5: Leadership
Establishing AntiBribery Policy
Governing Body role
Roles, Responsibilities & Authorities
AntiBribery Compliance Function
Delegated Decision Making
Module 6: Planning
Establishing Risk Criteria, conducting Risk Analysis, and outlining AntiBribery
Objectives & Management Action Plans
Module 7: Support
Resources, Competence, Employment processes, Awareness, and
Communication.
Module 8: Operation
Planning
Due Dilligence
Controls  Financial & Nonfinancial
Implementation of Anti Birbery Controls
AntiBirbery Commitments
Gifts, Hospitality, and Donations etc
Managing AntiBirbery Controls
Raising Concerns
Investigation
Module 9: Performance Evaluation
Data Analysis, Internal Auditing, and Management Reviews (Top Management,
Governing Body, and AntiBribery Compliance Function)
Module 10: Improvement
Nonconformity, Corrective Action, and Continual Improvement
Summary and End of Course
ISO 37001:2016 Awareness Training",Anti Bribery Management System Framework For Corporate Compliance,Understanding And Implementing Iso 37001:2016 Anti-Bribery Management System,Iso 37001:2016 Anti-Bribery Management System Awareness Training,Iso 37001:2016 Anti-Bribery Management System Awareness Training,Iso 37001:2016 Anti-Bribery Management System Awareness Training,4.06,3.35,58.59,1.97,1.61
c-6d3da80d79,LLM & Agentic AI Concepts to Application Course Outline.pdf,LLM & Agentic AI: Concepts to Application,"LLM &
AGENTIC AI:
CONCEPTS TO
APPLICATION
Walk away with practical 'quick wins' to effectively integrate
LLMs and Agentic AI into your engineering workflows and
enhance productivity immediately.
Program Overview
This oneday training program is specifically tailored for engineers, providing
a underlying foundation in principles of Artificial Intelligence (AI) and
Generative Pretrained Transformers (GPT) and their applications. The
course aims to bridge the gap between theoretical understanding and
practical application by equipping participants with the knowledge and skills
to leverage these technologies effectively.
Through this program, the class will understand the fundamentals of AI which
will help them understand better the foundations of LLM engine today.
Following that the class will also be introduced to better application of AI
through prompts, agentic AI and basics of AI tool development. These tools
help the class to improve their daily work especially in the areas of research
and planning.
This handson approach ensures that engineers walk away with actionable
insights and the capability to integrate AI solutions into their work
seamlessly.
Learning Objectives
By the end of the course, participants will be able to:
Provide foundation understanding of AI and its foundational mechanics
Evolution from traditional AI to Large Language Models
Comparisons between a few common Large Language Models
Current Progress in AI
LLM & Agentic AI: Concepts to Application
Duration
One (1) FullDay Workshop;
Category
Description
Introduction
Theory/
Practical
Module 1:
AI Fundamentals
Capabilities and Limitations of AI
Creating Effective Prompts
Theory
Module 2:
Various LLM  OpenAI, Perplexity etc.
Approach to evaluate AI
Theory
Module 3:
LLM Fundamentals
Considerations and Risk
Theory
Module 4:
Various recommended LLM applications in
corporation
Fundamentals of RAG
Example
On device LLM Model
Agentic vs Non Agentic
Practical
Module 5:
Building an Agentic LLM tool
Discussion
Recap and Discussion
LLM & Agentic AI: Concepts to Application",Effective Integration Of Large Language Models And Agentic Ai For Engineering Applications,Advanced Llm And Agentic Ai Integration For Engineers,Llm And Agentic Ai For Engineers: From Concepts To Application,Practical Llm And Agentic Ai Integration For Engineering Workflows,Integrating Llms And Agentic Ai Into Engineering Workflows,4.09,3.17,47.88,6.89,1.2
c-6d937d838f,Master Workplace Wellness & Performance.pdf,Master Workplace Wellness & Performance,"G inpico
MASTER WORKPLACE
WELLNESS &
PERFORMANCE
Nn Li
‘e
Program Overview
Stress, fatigue, and burnout are no longer just personal struggles—they are
workplace nightmares! Employees are often juggling highpressure work
environments with tight deadlines, and constant problemsolving, leaving little time
for selfcare, mental clarity, and energy optimization
Research shows that around 1 in 6 people (14.7%) experience mental health
problems in the workplace.
Nearly half (48%) of employees say their mental wellbeing declined in 2022, and
28% said they are miserable in their workplace. 60% of employees also reported
feeling emotionally detached at work.
When mental health is compromised, relationship impaired, productivity and
creativity rocks bottom.
Learning Objectives
Master Workplace Wellness & Performance
Two (2) FullDay Workshop;
By the end of the course, participants will be able to:
• Map & manage stress triggers with customized coping strategies to effectively
handle workplace triggers and prevent burnout.
• Reset physical and mental tension using grounding, movement, and posture shifts
• Develop mental agility and resilience through quick focus reset tools that enhance
clarity and decisionmaking.
• Enhance cognitive flexibility & problemsolving skills through micromindfulness and
cognitive reframing.
• Implement smarter time management strategies such as priority mapping, time
blocking, and the Swiss Cheese Method.
• Optimize energy levels naturally by understanding circadian rhythms and sleep
chronotypes.
• Build sustainable selfcare habits that integrate seamlessly into a demanding work
schedule.
• Cultivate happiness & workplace motivation using the science of Dopamine,
Oxytocin, Serotonin, and Endorphins.
Duration
Methodology
This workshop is highly interactive, experiential, and resultsdriven, ensuring
participants gain practical tools they can apply immediately.
Course Methodology:
• Interactive Discussions – Engaging workplace scenarios & case studies.
• Experiential Learning – Handson activities, mindfulness exercises & movement
based techniques.
• Cognitive & Emotional Anchoring – Psychological techniques to reinforce
learning.
• Reflection & Application – Selfassessments, guided reflections & action
planning.
• Live Demonstrations & RolePlaying – Realtime application of techniques in a
corporate setting.
The goal is to not only understand wellness concepts but to experience and
integrate them into daily work life for longterm transformation.
Program Value Proposition
Actionable, sciencebacked methods – No fluff, just real tools for real
workplace challenges.
• Engaging, experiential learning – Interactive activities, movementbased
stress relief, and mindfulness integration.
• Customfit for highperformance professionals – Designed for managers,
engineers, and executives who need wellness strategies that work within
demanding schedules.
• Sustainable, longterm impact – A holistic approach to productivity, focus,
and worklife balance.
Master Workplace Wellness & Performance
Target Audience
This program is ideal for individuals who struggle with workplace stress,
burnout, or maintaining worklife balance, as well as leaders looking to
enhance team wellbeing and engagement.
(Day 1)
Description
Welcome & Introduction
• Setting the Stage for Workplace Wellness
• Overview of workplace stress, resilience, and wellbeing
• Icebreaker: SelfCheck – “How do you feel today?”
• PreAssessment Quiz
Module 1: Workplace Stress & Energy Drains
• Stress Awareness: Is Stress bad? Stress Performance Curve
• Workplace stressor & triggers: Stress Personality & Threshold
• Burnout early detection: Are You Stressed?
• Activity: Workplace stress mapping: Participants list key stressors
Module 2: Stress In Body & Tension Release
• Recognize how stress affects physical and the symptoms
• Physical Stress Release & Reset: Grounding Practice, Dynamic
Movement, Shake Off Stress
• Activity: Pair Exercise: Guided Tension Release
Module 3: Instant Emo",Mastering Workplace Wellness & Performance,Mastering Workplace Wellness & Performance Through Stress Management And Resilience,"Workplace Wellness And Peak Performance: Stress Mastery, Resilience, And Energy Optimization",Mastering Workplace Wellness And Performance: Stress Management And Resilience,Mastering Wellness And Performance In High-Pressure Work Environments,4.18,3.5,75.18,5.92,1.49
c-6e4b2eeb58,Heritage Hunt Challenge Course Outline(Full Day) (1).pdf,Heritage Hunt Challenge,"Heritage Hunt
Challenge
Join our teambuilding today!
‘e
Program Overview
Who Should Attend
Duration Fullday workshop;
Learning Objectives
The myriad sites within the Cultural Enclave define the history of George Town in richness
and variety. Within the enclave, you will find the sites that span the breadth and depth of the
multicultural melting pot that make George Town what is it today. From the Street of
Harmony to clan kongsis and associations, this is the place that begs to be explored.
Middle to seniorlevel executives from all divisions
Aftercompleting theworkshop,participants will beable to:
Learn to listen and take feedback from others
Learn to effectively communicate your ideas and thoughts
Learn how to manage your time in pressure situations
Learn to come out of your comfort zone
Heritage Hunt Challenge
Time
Description
Introduction & Briefing (Indoor)
• Setting the Stage for Heritage Hunt Activity
• Group Photo
Heritage Hunt  Amazing Race (Outside Training Room)
Activities :
1) Walk Hunt (20 qns)
Participants to answer questions from cryptic clues. Answers found
on signboards along the route.
2) Photo challenge along route (5x)
Participants to take a team photo where the background is given in
the clue. Examples : specific street art drawing or famous structure.
3) 3 treasures (optional)
Participants buy or collect specific physical items to be submitted
to the marshal at the end of the hunt.
4) Five Pitstop Challenges
Team members to stop at specific locations to complete a
challenge. Examples : play a traditional game, complete a puzzle,
paper folding, etc
Flying Ball(Inside Training Room)
Participants stand in a line and pass aball down the line to the last
person. Once the ball reaches the last person, the direction is
reversed to return the ball to the starting point.
Nuts & Bolts (Inside Training Room)
Teams receive a package of ""nuts"" and ""bolts"" and must build the
longest and most stable structure. Participants use a “bolt”
(represented by a satay stick) to move the “nuts” together to
construct the structure.
Balloon Furniture (Inside Training Room)
Teams use balloons and tape to create a stable structure resembling
furniture. One participant must lie on the balloon structure for 20
seconds. The team with the sturdiest design that uses the fewest
balloons wins.
Recap & Photo Session & Evaluation
Course Outline",Advanced Strategic Management For Corporate Leadership Development Through Teambuilding And Cultural Exploration.,Heritage Hunt: Team Building Challenge For Executives,Heritage Hunt: Cultural Team Building Challenge For Corporate Executives,"Heritage Hunt Challenge: Developing Communication, Time Management, And Teamwork Skills",Heritage Hunt: Team Building Through Cultural Exploration And Challenge,4.13,3.21,57.86,2.78,1.75
c-70aaa616a3,Unlocking Innovation Through Lego Serious Play.pdf,Unlocking Innovation Through LEGO® SERIOUS PLAY®,"UNLOCKING
INNOVATION
THROUGH LEGO®
SERIOUS PLAY®
Break organizational silos and dismantle traditional thinking constraints by
utilizing the kinesthetic, 3D prototyping mechanics of the LEGO® SERIOUS
PLAY® methodology.
Program Overview
This immersive twoday workshop leverages the LEGO® SERIOUS PLAY®
methodology to enhance creative thinking and problemsolving skills, fostering
innovation in a collaborative environment. Participants will engage in handson
activities to build and share their ideas using LEGO bricks, gaining insights and
developing strategies to tackle realworld challenges.
Learning Objectives
By the end of the course, participants will be able to:
Apply creative and adaptive thinking techniques to develop innovative solutions
that respond to changing environments.
Leverage the iterative nature of the LEGO® SERIOUS PLAY® methodology to
enhance team collaboration, foster open communication, and build shared
understanding.
Utilize both individual and sharedlevel thinking to visualize, explore, and solve
complex business problems.
Develop actionable strategies and prototypes for addressing realworld
challenges,
integrating
multiple
stakeholder
perspectives
and
interdependencies.
Duration
Two (2) FullDay Workshop
Unlocking Innovation Through LEGO®
SERIOUS PLAY®
DESCRIPTION
Module 1: Foundational Skill Building
Activity: Building a Tower
Icebreaker focusing on storytelling and reflection through
individual tower models
Learning focus: Introduction to storytelling within LSP
methodology
Module 2: Creative Thinking Challenge
Activity: Individual models on a given problem statement (e.g.,
personal challenges or opportunities)
Reflection & Sharing: Discuss insights from individual models
Outcome: Establish creative confidence using LEGO® element
Module 3: Application Technique 1 (AT1) – Collaboration
Exercise
Activity: Individual Model Building
Collaborate on a shared vision or goal using individual
models
Purpose: Enhance teamwork and foster communication
Module 4: Deepening AT1 with Reflection and Story Refinement
Activity: Model Adjustments
Participants improve their models based on group
discussions and insights
Group discussion: Learn how shared models evolve through
interaction
Summary and End of Day 1
(Day 1)
Unlocking Innovation Through LEGO®
SERIOUS PLAY®
** All activities are held indoor unless
specified
DESCRIPTION
Recap of Day 1
Module 5: Advanced Application Technique 1 (AT1) Collective
Understanding
Activity: Teams build sharedmodels representing the strengths
of the team in their business context
Debrief: Discuss the effectiveness of models and refine them
Module 6: Advanced Application Technique 1 (AT1) Refinement
Activity: ScenarioBased Group Problem Solving
Teams build models representing potential challenges and
solutions in their business context
Debrief: Discuss the effectiveness of models and refine them
Module 7: Introduction to Application Technique 2 (AT2) –
Shared Models
Activity: Building Collective Solutions
Participants visualize the interdependencies and dynamics
of sharedmodel relevant to their business
Debrief: Discuss the effectiveness of models and refine them
Module 8: Deepening AT2 through Iterative Building
Activity: ScenarioDriven Changes to Shared Models
Introduce disruptions or opportunities, and participants
modify models in response
Reflection: How adaptive thinking can lead to better solutions
Summary and End of Course
(Day 2)
Unlocking Innovation Through LEGO®
SERIOUS PLAY®
** All activities are held indoor unless
specified",Unlocking Innovation Through Collaborative Problem Solving With Lego Serious Play,Unlocking Innovation Through Lego® Serious Play®: Creative Thinking And Problem Solving,Unlocking Innovation And Collaboration Through Lego Serious Play,Unlocking Innovation Through Lego® Serious Play®,Unlocking Creativity And Collaboration Through Lego® Serious Play®,4.14,3.32,48.11,3.56,1.29
c-73e1a14d1f,Employees' Self-Motivation Program – Handling Tough Times.pdf,Employees' Self-Motivation Program – Handling Tough Times,"EMPLOYEES' SELFMOTIVATION
PROGRAM – HANDLING
TOUGH TIMES
Walk away with a list of key “quick wins” cases
you can start right away in the organization!
Program Overview
This motivation program is designed specifically for workers at any level to
practice self motivation by improving oneself with professional motivation
skills such as developing positive self belief system, adopting a winning
attitude and practicing proven success methods that influence selfesteem,
character building and realize their true inner potential.
Learning Objectives
By the end of the course, participants will be able to:
Adopt self esteem blocks that increase motivation and inspiration.
Implement attitude guidelines that encourage self accountability.
Identify steps to change a demotivating culture into a motivating one.
Identify how to encourage each other during tough times.
Employees' SelfMotivation Program – Handling Tough Times
Duration
One (1) FullDay Workshop;
All levels of employees
Who Should Attend
Activities, case studies and group discussions.
Methodology
Course Content
Employees' SelfMotivation Program – Handling Tough Times
Module 1:
If It Is To Be, It Is Up To Me!
The ""Why Not"" mentality and not ""Why Me?""
The key of understanding your own potential
Module 2:
Fundamentals of positive belief system  It's all a STATE of Mind.
Maintaining creative energy for productivity and avoiding performance
paralysis
Seek, Understand, Create, Collaborate, Energize, Synergize and Selfless
SUCCESS
Module 3:
How to alter our state of mind by tapping into the subconscious mind
Reconditioning your inner self through a positive mental attitude
How to adopt a positive perception to condition yourself to success.
The 3 key factors to your success program.
Module 4:
The 2 important Fines of handling tough times – Define and Refine
There are no bad weather – only different types of weather, its how you
look at the situation",Employees' Self-Motivation To Overcome Tough Times,Employees' Selfmotivation Program – Handling Tough Times,Self-Motivation And Resilient Mindset For Navigating Tough Times,Developing Positive Mindset And Self-Motivation Strategies For Tough Times,Self-Motivation Techniques For Thriving During Tough Times,4.09,3.15,57.72,1.74,1.07
c-75b7c07dad,Introduction to SAP Business.pdf,Introduction to SAP BusinessObjects BI Solutions,"INTRODUCTION
TO SAP BUSINESS
OBJECTS BI
SOLUTIONS
Unlock the full analytical potential of your enterprise data by mastering the
strategic onpremise reporting, design, and visualization tools of the SAP
BusinessObjects suite.
Program Overview
Introduction to SAP Business Objects BI Solutions is a highlevel, 2day foundational
course tailored for Application Consultants, Business Analysts, Power Users, and
Solutions Architects. This program delivers a comprehensive overview of SAP's
strategic onpremise analysis and reporting infrastructure. Participants will evaluate
the primary features, target demographics, and specific business use cases for
each tool in the BI suite. From navigating local and enterprise data sources to
exploring platforms like SAP Lumira Designer, Web Intelligence, Analysis for
Microsoft Office, and SAP Analytics Cloud, attendees will learn how to strategically
match organizational data needs with the right reporting solution.
Learning Objectives
By the end of the course, participants will be able to:
Distinguish between local and enterprise data sources while utilizing prompts
and data hierarchies.
Command platforms like SAP Lumira, Web Intelligence, Crystal Reports, and
Analysis for Microsoft Office to build dynamic enterprise workbooks and
applications.
Execute document scheduling and distribution on the BI Platform, deploy
reports to mobile devices, and integrate SAP Analytics Cloud.
Duration
Two (2) FullDay Workshop
Introduction to SAP BusinessObjects BI
Solutions
DESCRIPTION
Module 1: Overview of SAP BusinessObjects Business
Intelligence
Module 2: Data Sources and Common Reporting Features of
SAP BusinessObjects BI Reporting Tools
Describing Enterprise Data Sources for SAP Bi Reporting Tools
Describing Local Data Sources for BI Reporting Tools
Explaining Prompts in SAP BI Tools
Explaining Hierarchies in Data Analysis
Explaining Insight to Action
Module 3: The Components of the SAP BusinessObjects BI
Platform
Module 4: SAP Lumira Designer
Positioning SAP Lumira Designer
Creating Visualizations and Applications in SAP Lumira Designer
Module 5: SAP BusinessObjects Analysis, Edition for Microsoft
Office
Positioning SAP BusinessObjects Analysis, Edition for Microsoft
Office
Creating Workbooks with SAP BusinessObjects Analysis, Edition
for Microsoft Office
Summary and End of Day 1
(Day 1)
Introduction to SAP BusinessObjects BI
Solutions
DESCRIPTION
Module 6: SAP BusinessObjects Web Intelligence
Positioning SAP BusinessObjects Web Intelligence
Creating Documents with SAP BusinessObjects Web Intelligence
Module 7: SAP Crystal Reports and SAP Crystal Reports for
Enterprise
Positioning SAP Crystal Reports
Creating Reports in SAP Crystal Reports for Enterprise
Creating Reports in SAP Crystal Reports and SAP Crystal
Reports for Enterprise
Module 8: Mobile and Cloud Options for the SAP
BusinessObjects BI Platform
Describing the Methods of Making Reports available on Mobile
Devices
Positioning SAP Analytics Cloud
Module 9: SAP BusinessObjects BI Platform Scheduling and
Report Distribution
Scheduling documents and applications in the SAP
BusinessObjects BI Platform
Summary and End of Course
(Day 2)
Introduction to SAP BusinessObjects BI
Solutions",Advanced Sap Businessobjects Bi Solutions For Strategic Reporting And Visualization.,Introduction To Sap Businessobjects Bi Solutions Analysis And Reporting,"Foundational Sap Businessobjects Bi Reporting, Visualization, And Enterprise Analytics",Introduction To Sap Businessobjects Bi Solutions,Mastering Sap Businessobjects Bi For Data Analysis And Reporting,4.08,3.23,55.02,1.42,1.69
c-767e680cb6,Constructive Conversation Giving & Receiving Feedback Course Outline.pdf,Constructive Conversation: Giving & Receiving Feedback,"CONSTRUCTIVE
CONVERSATION:
GIVING &
RECEIVING
FEEDBACK
Break through workplace communication barriers, articulate your ideas with
absolute bravery, and master the art of giving and receiving constructive
feedback to accelerate your career advancement.
Program Overview
In many workplaces, the fear of saying the wrong thing or delivering poorly
received feedback creates a culture of silence—a form of ""speaking
constipation"" that stymies both personal excellence and career progression.
This dynamic 1day workshop offers an immediate antidote by equipping
professionals with the tools to speak with clarity, bravery, and variety.
Participants will discover how to rapidly build rapport to establish deep
workplace trust, project confidence using their voice and body language, and
flexibly navigate difficult interactions with versatile personal dynamics.
Ultimately, you will walk away with actionable techniques to master the
strategic art of asking empowering questions and delivering constructive
feedback.
Learning Objectives
By the end of the course, participants will be able to:
Learn to listen and take feedback from others
Learn to effectively communicate ideas and thoughts
Learn to manage time in pressure situations
Learn basic techniques golfers use to focus at a high level
Learn to step out of the comfort zone
Duration
One (1) FullDay Workshop
Constructive Conversation:
Giving & Receiving Feedback
DESCRIPTION
Activity: Similarity & Uniqueness Breakaway
Module 1: Build Confidence with Comfydence
Build comfydance with space, stance, posture, hand gesture, and
Movement
Power of VOCAL VARIETY: Fake it till you make it
Communication in virtual setting: How to make your presence felt
Activity: Mini Presentation with Personal Feedback
Module 2: Listen to Understand
Active listening: Whole body listening with intention
Set 4 ears for different listening intention: State Creation
Listening to the SAID and UNSAID
Impactful listening in a virtual setting
Activity: Storytelling and Active Listening Exercise
Module 3: Constructive Feedback
What is positive, negative, and constructive Feedback?
Making negative feedback constructive: Sandwiches method
The Do and Don'ts: beware of the choice of words, use the 3A
approach (Acknowledge  Appreciate  And)
Activity: Role Playing with Scenarios
Module 4: Ask Good Questions
What is Telling, Listening, and Asking Questions?
Type of questions to ask, or should not be asked
How to ask the RIGHT questions to get the EMPOWERING answers
Activity: Choudhary Maze Challenge Game
Summary and End of Day 1
Constructive Conversation:
Giving & Receiving Feedback",Effective Communication For High-Performing Teams,Constructive Conversation: Giving & Receiving Feedback,Mastering The Art Of Giving And Receiving Constructive Feedback,Mastering Constructive Feedback And Effective Communication Skills,Mastering Constructive Feedback For Enhanced Workplace Communication,6.09,3.27,57.25,2.18,1.6
c-76a4e1558e,FSSC V7 Upgrading & Key Changes.pdf,FSSC Upgrading & Key Changes (Version 7),"FSSC
UPGRADING
AND KEY
CHANGES
Master the FSSC 22000 v7 changes and auditing requirements to ensure a
seamless transition for your organization.
(Version 7)
Program Overview
FSSC 22000 contains a complete Certification Scheme for Food Safety Management
Systems aligned with the ISO Management System approach and the ISO Harmonized
Structure. The certification scheme FSSC 22000 version 7 was published on 1 May 2026
due to the following reasons:
Incorporating the new ISO 22002x series on prerequisite programs
Aligning of the Scheme with the GFSI benchmarking requirements 2024
Strengthening the requirements to support organizations in their contributions to
meeting the Sustainable Development Goals (SDGs)
Providing a more defined structure for the division of food chain (sub)categories
Editorial changes and amendments as part of continuous improvement
This 1day transition course focuses exclusively on the main changes to the v7 edition.
Designed for experienced practitioners, this course highlights the changed requirements
for implementation and auditing. You will gain the specific insights needed to upgrade
your existing FSMS with the new version for a seamless certification audit.
Learning Objectives
This course aims to provide delegates with the following knowledge:
Describe the purpose and structure of FSSC 22000
Explain key Food Safety concepts and principles
Recognize the main changes to the v7 requirements
At the end of the course, participants will be able to confidently plan and support the
upgrading of FSSC 22000 v7 within their organization.
Duration
One (1) FullDay Workshop (7 Hours)
FSSC Upgrading & Key Changes
(Version 7)
DESCRIPTION
Module 1: Evolution of FSSC 22000
Development from earlier versions to v7
Key drivers for revision
Upgrading certification timeline
Module 2: ClausebyClause Changes (v6 vs v7) with Tips for
Auditing
Main differences: v6 vs v7
Module 2: ClausebyClause Changes (v6 vs v7) with Tips for
Auditing (Continued)
Module 3: Upgrading Planning
Gap analysis approach
Action plan
Common upgrading challenges
Summary & End of Course
FSSC Upgrading & Key Changes
(Version 7)
ISO 9001, ISO 14001, ISO 45001, Food Safety Management
System Trainer
Trainer
IRCA Certificated Principal Auditor (QMS) (Membership No. 1187941)
Approved Lead Tutor for CQI & IRCA Certified ISO 9001:2015 Lead Auditor (QMS) Training Course
Approved Tutor for ISO 9001, ISO 14001, ISO 45001, FSSC 22000 and Food Safety Courses
Institute of Environmental Management & Assessment (IEMA) Certified Environmental Management
System Auditor
PSMB (HRDC) Accredited Trainer
Derrick Choong Wee Thiam
Qualifications
About the Trainer
Derrick is an engaging and inspiring trainer with more than 20 years’ experience in training who is able
to deliver tried and tested solutions to various sectors of industries for quality (ISO 9001), environment
(ISO 14001), occupational health & safety (ISO 45001) and food management system (HACCP,
ISO22000, FSSC22000) for manufacturing and services industries.
With his education in Food Science and Technology (1 class Hons) and work experiences as quality and
R&D manager in a global company and as consultant, Derrick has exposure across multicultural
practices and assisted more than 200 clients in achieving management systems certification. His clients
included major multinational organizations within the Asian region including Malaysia, Singapore,
Philippines, Hong Kong and mainland China.
His vast industry experience include manufacturing (semiconductors, electronics, packaging materials,
machinery, food, printing, ink & paint, aerospace parts, medical devices, chemicals, oleochemicals,
construction materials, vehicle parts & assembly, construction materials, paper, fabric & garment, toy),
oil & gas services, education, design & construction, warehouse and logistics services, carpark
management, patent registration, healthcare, electricity power station management, import/export &
trading, shipbuilding & repair services",Mastering Fssc 22000 V7 Changes And Auditing Requirements For Seamless Transition,Fssc 22000 V7 Upgrading & Key Changes,"Fssc 22000 Version 7: Upgrading, Key Changes, And Audit Requirements",Fssc 22000 Version 7 Upgrading And Key Changes,Mastering Fssc 22000 Version 7: Upgrading And Auditing Essentials,4.21,3.43,53.93,3.76,1.32
c-77ff26f5da,ISO 90012015 Awareness Training.pdf,ISO 9001:2015 Awareness Training,"ISO 9001:2015
AWARENESS
TRAINING
Cultivate an organizational culture of continuous improvement and
institutionalize global operational benchmarks by mastering the foundational
structure and implementation mechanics of the ISO 9001:2015 Quality
Management System (QMS) framework.
Program Overview
ISO 9001:2015 Awareness Training is an intensive, 2day workshop engineered for
management teams, QMS leaders, and operational supervisors to align corporate
processes with international quality benchmarks. This program details the 7 Quality
Management Principles and breaks down the complete highlevel structure of the
standard, from defining organizational context to executing performance
evaluations. Through handson application labs—including SWOT matrices, risk
criteria mapping, and operational Turtle Diagrams—participants will bridge
theoretical standard clauses with daily practical controls. Ultimately, this course
equips your team to drive operational excellence, establish riskbased thinking, and
sustain continuous improvement initiatives.
Learning Objectives
By the end of the course, participants will be able to:
Understand the core requirements of ISO 9001:2015, the certification process,
and the 7 foundational Quality Management Principles that guide operational
excellence.
Formulate compliant quality policies, identify interested parties' expectations,
define clear organizational roles, and chart interactive process business maps.
Formulate clear risk analysis criteria, map operational processes using technical
tools like Turtle Diagrams, and deploy effective corrective action tracking to
drive continuous improvement.
Duration
Two (2) FullDay Workshop
ISO 9001:2015 Awareness Training
DESCRIPTION
Quality Management System 7 Principles
Certification Process
Module 1: Scope
Module 2: Normative Reference
Module 3: Terms and Definitions
Module 4: Context of the Organization
Workshop PDCA layout of QMS
Workshop PDCA improvement
Workshop PDCA SWOT (COTO)
Module 4: Context of the Organization (Continued)
Workshop needs & expectations of interested parties
Workshop business map  processes & interactions
Module 5: Leadership
Workshop establishing quality policy
Workshop roles, responsibilities & authorities
Summary and End of Day 1
(Day 1)
ISO 9001:2015 Awareness Training
DESCRIPTION
Recap of Day 1
Module 6: Planning
Workshop establising risk criteria
Workshop risk analysis
Module 7: Support
Exercise identify resources
Module 8: Operation
Workshop establish processes (Turtle Diagram / Flow Chart /
Table)
Module 9: Performance Evaluation
Exercise monitoring and measurement resources
Module 10: Improvement
Exercise undertsanding corrective action
Summary and End of Course
(Day 2)
ISO 9001:2015 Awareness Training",Advanced Quality Management System For Corporate Excellence,Understanding And Implementing Iso 9001:2015 Quality Management System,Iso 9001:2015 Quality Management System Fundamentals And Continuous Improvement,Iso 9001:2015 Quality Management System Awareness Training,Iso 9001:2015 Quality Management System Awareness Training,4.02,3.29,73.51,3.72,2.21
c-7bf248989b,Equipment Reliability & Availability Course Outline (2D).pdf,Equipment Reliability & Availability,"GO inpico
— |
VAILABILITY
Nn i=
G inpico
Equipment Reliability and Availability
Program Overview
In the competitive field of electronics manufacturing, ensuring that equipment operates
reliably and is available when needed is critical for maintaining productivity and cost
efficiency.
This twoday training is designed to provide engineers and technicians with practical
knowledge, tools, and techniques to enhance equipment reliability and availability.
Participants will learn how to identify, analyze, and address common equipment issues, as
well as implement effective maintenance
practices to minimize downtime and maximize operational efficiency.
This interactive training includes a blend of theory, realworld case studies, and hands
onexercises, enabling participants to apply concepts directly to their workplace.
Learning Objectives 0
By the end of the course, participants will be able to:
e Understand Key Concepts: Define and explain equipment reliability
and availability. ,
e Apply Maintenance Strategies: Develop and schedule effective
maintenance plans.
e Analyse and Solve Problems: Use tools like Root Cause Analysis (RCA)
and Failure Mode and Effects Analysis (FMEA) to identify and address
equipment issues.
e Measure and Improve Performance: Calculate key metrics such as MTBF,
MTTR, and OEE to evaluate and improve equipment availability.
Develop Practical Skills: Participate in handson activities to create
actionable solutions for improving reliability and reducing downtime in
realworld scenarios.
e Duration Two (2) FullDay Workshop;
@
G invico
Equipment Reliability and Availability
DAY |
Time Details
30 Minutes Learning + Debrief:
® Shortintro of trainer & Background
* key points
1 Hour Module 1: Introduction to Equipment Reliability and Availability
2 Hours Module 2: Basics of Preventive and Predictive Maintenance
1 Hour Lunch
3 Hours Module 3: Root Cause Analysis (RCA) for Reliability Issues
30 Minutes Recap & Q&A
Time Details
Learning + Debrief:
® Shortrecap of day1
® Key points
Module 4: Failure Mode Analysis (FMA) for Equipment
Module 5: Measuring and Improving Equipment Availability
1 Hour Lunch
3 Hours Module 6: Financial Savings Calculation for Equipment
30 Minutes Recap & O&A
@
G invico
Equipment Reliability and Availability
« Course Outline
Module 1: Introduction to Equipment Reliability and
Availability
Key Objectives:
1. Understand the concepts of reliability and availability in manufacturing.
2. Recognize their importance in maintaining operational efficiency.
3. Identify common reliability challenges in manufacturing equipment.
Course Contents:
1. Definition and significance of reliability and availability.
2. Metrics: Mean Time Between Failures (MTBF) and Mean Time to Repair
(MTTR). | &é
3. Impact of equipment reliability on production and cost. (nd
Classroom Exercise: . o
e Case Study Analysis: Examine a reallife example of a manufacturing
plant with low equipment reliability and discuss how improvements
impacted efficiency.
@
G invico
Equipment Reliability and Availability
e Course Outline
Module 2: Basics of Preventive and Predictive
Maintenance
Key Objectives:
1. Understand the role of preventive and predictive maintenance in improving
reliability.
2. Learn about tools and techniques used for predictive maintenance.
3. Explore scheduling best practices.
Course Contents:
1. Overview of preventive maintenance and its benefits.
2. Introduction to predictive maintenance tools: vibration analysis,
thermography, and oil analysis. re
3. Scheduling and planning maintenance tasks. ond
Classroom Exercise: eo
Maintenance Planning Activity: Create a simple preventive maintenance
schedule for a specific piece of equipment for Good vs. Poor Preventive
Maintenance using the following categories YY
e Inspection & Monitoring
Spare Parts Management
e Execution & Compliance
DataDriven Approach
© Training & Skill Development
e Continuous Improvement
Create condition based monitoring and predictive maintenance for a
specified ",Advanced Equipment Reliability And Availability Strategies For Manufacturing Efficiency,Equipment Reliability And Availability Management For Engineers And Technicians,"Equipment Reliability, Predictive Maintenance, And Failure Analysis For Manufacturing",Practical Techniques For Improving Equipment Reliability And Availability,Enhancing Equipment Reliability And Availability In Electronics Manufacturing,4.24,3.54,70.22,3.38,1.2
c-7f9d921aae,DOE 1 (Comparative Experiments).pdf,DOE 1 (Comparative Experiments),"DOE 1
(COMPARATIVE
EXPERIMENTS)
Master the core statistical foundations of experimental design, execute
rigorous multisample comparison tests, and harness softwaredriven analysis
to maximize manufacturing precision and process stability.
Program Overview
In modern manufacturing, isolating critical process factors while minimizing testing risks is
vital for continuous improvement. This 3day technical course introduces engineers,
statisticians, and quality professionals to Design of Experiments (DOE) focused
specifically on comparative experiments. Moving beyond basic observations, participants
will master the statistical foundations of hypothesis testing, sample size determination,
and data visualization. Utilizing JMP software and custom JSL scripts, teams will gain
handson experience in executing 1sample, 2sample, paired, $k$sample, and
Randomized Block Design (RBD) comparisons—enabling them to apply proven datadriven
methodologies on the job immediately.
Learning Objectives
By the end of the course, participants will be able to:
Apply key elements of DOE to correctly identify response variables, prioritize factors,
and establish baseline statistical goals.
Formulate and analyze 1sample, 2sample, paired, and ksample comparative tests
to identify statistical and technical significance.
Utilize Randomized Block Designs (RBD) and JMP software scripts to run complex
comparative analyses while isolating background variation.
Duration
Three (3) FullDay Workshop
DOE 1 (Comparative Experiments)
Prerequisites
Vital and Applied Stats 101. Good understanding in basic Statistics (role of Statistics, data
type, basic terms and concepts for statistical analysis, common graphical and numerical
analyses), and some exposure in area of application. The understanding/exposure allows
the learners to follow the class well and be able to apply the knowledge learned on the
job immediately after the class. Participants are required to install JMP Software (SAS
JMP Pro 16.2 or later) prior the class.
DESCRIPTION
Module 1: DOE Overview
What is DOE?
Why do we use DOE?
How to implement DOE?
Plan the experiment
Define the objectives
Identify response variables
Identify relevant factors
Classify and prioritize factors
Design the experiment
Execute the experiment
Statistically analyze and interpret the data
Take action based on data
Important Elements in DOE?
Hypothesis Testing
α and β Risks
Technical Delta and Technical Significance
Sample Size
Data Analysis Outcome
The Importance of Data Visualization
Module 2: 1Sample Comparison
Purpose
Hypothesis Testing Steps
1Sample Comparison BKM Analysis using JSL Script and
Minimum Required Outputs
1Sample Comparison Flow
Critical Factors Affecting Sample Size
Sample Size Determination
Operating Characteristic (OC) Curves
1Sample Comparison Summary
(Day 1)
DOE 1 (Comparative Experiments)
DESCRIPTION
Recap of Day 1
Module 3: 2Sample Comparison
Purpose
Advantage over 1Sample Comparison
Hypothesis Testing Steps
2Sample Comparison BKM Analysis using JSL Script and
Minimum Required Outputs
2Sample Comparison Flow
BrownForsythe Test: Equality of Variances
Ttest: Equality of 2 Means
100 (1  α)% Confidence Interval for μ₁  μ₂
2Sample Comparison with Lot Structure Example using JSL
Script
Technical Equivalency, Final Risk Assessment
Sample Size Determination
2Sample Comparison Summary
Module 4: Paired Comparison
Purpose
Advantages over 2Sample Comparison
Introduction and Case Study
What Not to Do?
What to Do?
Paired Comparison BKM Analysis using JSL Script and Minimum
Required Outputs
Paired Comparison Flow
Sample Size Determination
Paired Comparison Summary
(Day 2)
DOE 1 (Comparative Experiments)
DESCRIPTION
Recap of Day 2
Module 5: kSample Comparison
Purpose
Hypothesis Testing Steps
kSample Comparison BKM Analysis using JSL Script and
Minimum Required Outputs
kSample Comparison Flow
BrownForsythe Test: Equality of Variances
Analysis of Variance (ANOVA)
Multiple Comparison Analysis Assuming Equal Variances
Sample Size Det",Advanced Design Of Experiments And Comparative Analysis For Manufacturing Precision,Advanced Comparative Experiments Using Doe And Jmp,Design Of Experiments: Comparative Statistical Analysis And Jmp For Manufacturing,Design Of Experiments: Comparative Experiments And Statistical Analysis Using Jmp,Comparative Experimental Design And Analysis Using Jmp Software,4.13,3.3,50.05,2.62,2.07
c-801372834d,Presenting to Influence.pdf,Presenting to Influence,"[nfluence |
ower to aly
effe cl,
6 INDIGOYF
RESENTING
INFLUENCE evans
From confident presentations to meaningful connections—
one skill at a time.
Walk away with actionable strategies to
deliver impactful presentations, build
rapport, and communicate with clarity to
influence your audience effectively
©
G invico
Presenting to Influence
Program Overview
A Winning Presentation
Breaks your fear and build eloquence in speech (Power of fake it to make it)
* Connects your thoughts directly to the audiences’ and get your ideas across
easily (Power of Getting Straight to the point)
Builds your rapport, trust and credibility (Power of Liking)
Provide clarity and make consensus and approvals possible (Clarity leads to
success)
Yields a high success rate in meeting the intent of the presentation
Course Objectives
By the end of this program, participants will be able to:
* Organise ideas and thought effectively
Express technical ideas in an easy way
Structure ideas into presentation template
* Techniques of present to win fod
Best use of body language A &
© Build quick rapport and first impression
Preframing to set the winning state
Defeat the stage fear
Active listening and evaluation
Technique to answer difficult questions
Key Learning
Participants will learn to :
* Master the Articulation Formula for structured, impactful communication.
* Use the SBI Model to provide actionable, specitic feedback.
* Strengthen relationships by embracing curiosity, openness, and interest in others.
* Navigate challenging conversations effectively with the CLEAR Model.
@
CS I >
G invico
Presenting to Influence
Training Methodology |
A tun and interactive workshop with practical sessions, role playing, live pitching,
impromptu speaking, and personal evaluation for Precourse and Postcourse
presentation.
e Duration
Two (2 ) FullDay Workshop  16 hours ;
Target Audience
This course is ideal for:
Managers seeking to present ideas clearly and inspire their teams.
Senior Executives aiming to influence key stakeholders with strategic messaging.
Technical Specialists who need to simplify complex information for. diverse
audiences. |
Financial Analysts looking to present datadriven insights persuasively.
Public Affairs Experts focused on building public trust and eres
Sales & Marketing Professionals striving to create enga and _ persuasive
pitches. ,
Training Professionals wanting to design and deliver more \impacttul sessions.
their presentation and communication skills. They will gain practical tools and
techniques to deliver impactful messages, build rapport, and handle audience
interactions effectively, fostering clarity, trust, and influence in professional
settings.
Participants will confidently engage in discussions and activities that strengthen g%
@
CS I >
G inpico
Presenting to Influence
Course Outline & Schedule
Module 1: Module 6
Get to the Point Fake It to Make It
Module 7:
Module 2:
ones Avoiding Common
our 50 Mins Making the Presentation
Communication Traps
Module 3: Module 8:
| Hour 50 Mins Before the Presentation | Active Listening
Module 9
___|Module 4: son ;
1 Hour 30 Mins ; . Make Presentation
During the Presentation
Effective
__|Module 5: Recap of all Modules 19
1 Hour 30 Mins . i :
Handling Questions and Reflection
G inpico
Presenting to Influence
What participants are saying about this Training Progr
| personally strongly recommend this course to whoever that needs to present frequently. | had to
settle a matter with Senior Management, | updated my presentation slides based on the tips I've
learned and the presentation went very well without further questions. | also see some significant
improvement from the other team members after attending the training course.""
— Intel MCI Automation Integrator
""| really enjoyed this class a lot. I'm a good listener but when it comes to participation, I'm not good
with that. But in her class, | can say | participated around 7080% of the time as it was like a 2way
conversation.""
— Dell Employee
""Class is en","Presenting To Influence: Mastering Articulation, Influence, And Effective Communication",Mastering Presentation Skills To Influence And Engage Audiences,"Presenting To Influence: Mastering Clarity, Rapport, And Persuasive Delivery","Presenting To Influence: Build Rapport, Deliver Impact",Mastering Influence Through Effective Presentations,4.25,3.45,61.35,4.12,2.01
c-81e19d0455,Emotional Intelligence at Work Course Outline.pdf,Emotional Intelligence at Work,"EMOTIONAL
INTELLIGENCE
AT WORK
Decode behavioral patterns, master selfregulation, and harness the power of
highEQ leadership to forge trusted workplace relationships and maximize
team potential.
Program Overview
While technical expertise and IQ were once considered the primary
benchmarks for professional success, modern organizational dynamics prove
that Emotional Intelligence (EQ) is the ultimate differentiator for impactful
careers. This transformative 2day workshop is designed to help professionals
decode interpersonal relationships by understanding complex personality
profiles. Participants will explore practical strategies to leverage their
personal strengths, mitigate behavioral weaknesses, and read others ""like a
book"". By cultivating deep selfawareness and active empathy, you will walk
away with immediately actionable ""quick win"" tactics to drive collaboration,
resolve conflicts, and lead with highEQ thinking.
Learning Objectives
By the end of the course, participants will be able to:
Analyze and interpret various personality profiles to accurately read
colleagues' behavioral tendencies and underlying drivers.
Leverage personal and team strengths while proactively mitigating
communication weaknesses to cultivate a highly collaborative workplace
environment.
Apply highEQ leadership frameworks and practical ""quick wins"" to
manage interpersonal relationships, resolve conflicts, and establish trust.
Duration
Two (2) FullDay Workshop (14 Hours)
Emotional Intelligence at Work
DESCRIPTION
Emotional Intelligence Quotient (EQ) in Action
Perception & selftalk
Intrapersonal and interpersonal skills
Case study video  High EQ VS Low EQ
EQ Through Personality Profiling
Condunct personality profiling  LPI Model
Creative imaginator
Nuetral expert
Analytical thinker
Relational interactor
Decisive decision maker
A combination of profiles in your team
Case study video  Recognizing the Profiles
Personality of the Person
Understanding personality
Personality measures
Significance of understanding the different personalities
Personality of the Trainer
Understanding socioemotional security & significance in
ownself and our employees
Case study on security & significance
Summary and End of Day 1
(Day 1)
Emotional Intelligence at Work
DESCRIPTION
Opening & Recap
Perception & Stress
Recognizing stress in the workplace
Managing stress in the workplace
Feel good hormones
Happiness chemicals and how to get them
Thankfulness and selfpity chart
Reallife case study of thankfulness & selfpity
Emotional Excellence & Emotional Intelligence of the
Person/Leader
Emotional intelligence
Emotional intelligence at workplace
The scarcity of emotional intelligence
A model of the high EQ person/leader
Case study video of a high EQ leader
The Emotionally Excellent Person
Optimizing selfdevelopement
Enriching your interpersonal skills with others in the organization
How to help your organization using your strength
Moving on with Your Role as a High EQ Leader
Maximizing our interpersonal relationship with others in the
organization
What each profile is uncomfortable about
EQ competencies and literary skills
Summary and End of Course
(Day 2)
Emotional Intelligence at Work",Advanced Emotional Intelligence For High Performance Teams,Emotional Intelligence At Work: Mastering Higheq Leadership,Emotional Intelligence For High-Eq Workplace Leadership And Team Collaboration,Emotional Intelligence At Work: Mastering Eq For Leadership And Team Success,Harnessing Emotional Intelligence For Effective Workplace Leadership,4.07,3.22,57.7,1.93,1.86
c-843765eb3e,Super Sale Program - Influencing & Persuasion Skills Course Outline.pdf,Super Sales Program - Influencing And Persuasion Skills,"SUPER SALES
PROGRAM
INFLUENCING AND
PERSUASION
SKILLS
Command every room and elevate your commercial performance by mastering
the sophisticated behavioral insights and ethical persuasion strategies
needed to win over today’s demanding buyer.
Program Overview
The modern sales landscape has evolved; driven by technology, today's buyers are
more sophisticated and demand deeper relationships anchored in honesty and
integrity. The defining divide between an average salesperson and a super
achiever is not the product itself, but the advanced capability to ethically influence
and persuade others to agree with their way of thinking. Super Sales Program
Influencing And Persuasion Skills is an immersive, 2day workshop designed to
eliminate common sales pitfalls. Through strategic presentation structures,
objection handling via impulse factors, and emotional language tactics, this course
empowers participants to project an authentic personal presence and seamlessly
guide prospects to agreement.
Learning Objectives
By the end of the course, participants will be able to:
Adopt a more confident approach to present and influence in the sales
process.
Use persuasive techniques to sway other people to agree with your
suggestions.
Avoid common sales pitfalls that make a sales professional become average.
Build customer relationship that emphasize on honesty and integrity
Duration
Two (2) FullDay Workshop
Super Sales Program  Influencing And
Persuasion Skills
DESCRIPTION
Module 1: Sales Professionalism
What is Sales professionalism?
Mental and physical aspects of a sales professional
Common mistakes to avoid as a sales professional
Code of conduct and ""my word is my bond"" in super sales
Selfreflection  Our perception and what others perceive us to
Group discussion  How can we improve our professionalism?
Sales presentation role play and postmortem
Module 2: The Art of Influencing
How to influence  Conversations and presentation
Choice of words to influence and win over people
How to observe customers behavior and resistance
Green, amber or red light in customers reception to your
presentation
Module 3: Sales Presentation
Introduction
Discovering their needs
Offering solutions
Handling resistance and objections with 5 impulse factors
Getting an agreement
Role play using various scenarios of different customers
behaviors
Group Discussion
Summary and End of Day 1
(Day 1)
Super Sales Program  Influencing And
Persuasion Skills
DESCRIPTION
Module 4: The Art of Persuasion
Eliminating egos
Managing opposition by giving it nothing to oppose
It's all about Choice, Fairness and accountability  Integrity and
Honesty Count!
Persuade by emotional language
Don't say No, say ""Let's do this""
The persuasive skills of personal presence, passion and power
The power of suggestions  auto or subconscious
Module 5: Assignment
My goals
My commitment
My path to glory
Case Study
Roleplay
Summary and End of Course
(Day 2)
Super Sales Program  Influencing And
Persuasion Skills",Advanced Strategic Sales Influence And Persuasion Techniques,Advanced Influencing And Persuasion Skills For Sales Professionals,Mastering Influencing And Persuasion For Modern Sales Excellence,Mastering Ethical Influence And Persuasion For Sales Success,Super Sales: Mastering Influencing And Persuasion Skills For Success,4.09,2.97,50.06,2.36,2.04
c-848b3bd1a3,Search Engine Optimizations For Business - HRDF Training.pdf,Search Engine Optimizations For Business,"SEARCH ENGINE
OPTIMIZATIONS
FOR BUSINESS
Dominate search engine rankings and capture highvalue organic traffic by
transforming your website into a powerful, highvisibility business asset
optimized for major global search engines.
Program Overview
In today’s digital marketplace, capturing organic search traffic is essential for business
growth. Since Google commands a 98% market share, mastering Search Engine
Optimization (SEO) allows you to attract valuable, ""free"" traffic when customers search
for your products or services. This 2day practical course equips business owners,
entrepreneurs, and digital marketers with everything needed to rank on Google, Yahoo,
and Bing. Through handson activities, you will actively implement onpage and offpage
optimization, analyze search intent, and master advanced linkbuilding strategies to
restructure your website and dominate search rankings.
Learning Objectives
By the end of the course, participants will be able to:
Find Right Keywords: Identify user search intent and extract highvalue business
keywords using Google tools.
Master OnPage SEO: Restructure website layouts and technical content to
maximize search engine rankings.
Build OffPage Authority: Deploy advanced linkbuilding tactics and social proof to
beat your competitors.
Duration
Two (2) FullDay Workshop
Search Engine Optimizations For
Business
Prerequisites
Stable Internet Access (At least 10Mbps above)
Valid Email ID (either Personal/Business)
Dual monitor will have an advantage for better learning experience
DESCRIPTION
Module 1: Google Marketing & Local SEO
Fundamental of search
Advance keyword research
Module 1: Google Marketing & Local SEO (Continue)
Google Marketing Tools
Google My Business & Optimization
Local SEO
Summary and End of Day 1
(Day 1)
Search Engine Optimizations For
Business
DESCRIPTION
Recap of Day 1
Module 2: On Page and Off Page Search Engine Optimization
(SEO)
Understanding Search Engine Optimization
Website Structure & SEO For User Experience
On Page Optimization
Technical SEO
Module 2: On Page and Off Page Search Engine Optimization
(SEO) (Continue)
SEO Out From Google
Off Page Optimization
Social Signal and Social Proof
Link Building Strategies
Summary and End of Course
(Day 2)
Search Engine Optimizations For
Business",Search Engine Optimizations For Business Dominance,Search Engine Optimizations For Business,Search Engine Optimization Strategy For Business Growth And Visibility,"Seo Mastery: Keywords, On‑Page And Off‑Page Strategies",Search Engine Optimization Strategies For Business Success,4.11,3.14,54.79,7.06,1.29
c-84c1c9d328,Big Data Strategy.pdf,Big Data Strategy,"BIG DATA
STRATEGY &
APPLICATION
""EXECUTIVE
MASTERCLASS""
Empower your executive leadership to harness the full power of Big Data
Analytics (BDA), monetize raw data, and strategically lead highimpact, data
driven projects that deliver immediate commercial value.
Program Overview
The Big Data Strategy & Application ""Executive Masterclass"" is a highly interactive,
twoday workshop explicitly engineered for Csuite executives, business owners,
and technical data leaders. This masterclass bridges the gap between complex
data infrastructure and highlevel corporate strategy. Over two days of immersive
discussions, case studies, and group exercises, participants will explore the endto
end BDA ecosystem, assess organizational analytics maturity, and master the
industrystandard CRISPDM methodology. Leaders leave equipped to assemble
elite data teams and apply a rigorous prioritization framework to capture ""quick
win"" analytics opportunities that drive immediate business results.
Learning Objectives
By the end of the course, participants will be able to:
Planning, implementing and managing big data and analytics projects
Assembling data teams
Using a datadriven approach to improve business results
Duration
Two (2) FullDay Workshop
Big Data Strategy & Application
""Executive Masterclass""
DESCRIPTION
Module 1: Overview of Big Data Analytics (BDA)
The 3 V's of BDA and creating value from them to benefit economies,
societies and governments
Module 2: BDA Success Stories in Malaysia and Around the Region
Highimpact case studies from a variety of industries and government
agencies exploiting BDA
Module 3: The Analytics Landscape (Descriptive, Diagnostic,
Predictive and Prescriptive)
Analytics maturity stages, from answering the questions ""What
Happened and Why It Happened, to What Will Happen and What is the
Best Course of Action""
Module 4: The BDA Ecosystem (From Ingestion to Analytics to
Organisational Transformation)
Understanding the endtoend analytics environment from Data
Ingestion, ETL and Analytics, to Reports, Dashboards, and Actionable
Insights
Module 5: Big Data and Cloud Technologies
Understanding cloud computing and running BDA using cloudbased
infrastructures such as AWS, GCP and Azure
Module 6:  Organisational Analytics Maturity
The 5 stages of data and analytics maturity and how they are related
to business strategy, culture, people, process and technologies
Module 7: Data Science Professionals and Key Competency Areas
Data scientists and data engineers, how they fit into the BDA
ecosystem and the skillsets required of them
A discussion of a datadriven case study that containts all the
elements that have been presented in the workshop so far
Summary & End of Day 1
(Day 1)
Big Data Strategy & Application
""Executive Masterclass""
DESCRIPTION
Module 8: Data Storytelling & Visualisation
Big data monetisation: Driving value from raw data to insights
Datadriven industry use cases: Examining specific BDA monetisation
use cases and success stories that are relevant to the participants
Module 9: A Systematic Approach to Starting a Data Science Project
Introduction to the CRISPDM Methodology for highimpact analytics
projects
Group activity: Datadriven case study discussion
Module 10: Relevant Industry Use Cases
A discussion of specific industry use cases that are relevant to the
participants to prepare them for the final brainstorming activity
Group Activity: Datadriven Business Case Brainstorming and
Prioritisation
A logical process of analysis and prioritisation to identify ""quick wins""
business cases or analytics for the participants' organisation. The
identified ""quick wins"" business cases will justify the analytics projects
and/or proofsofconcept.
Group Presentation
Summary & End of Course
(Day 2)
Big Data Strategy & Application
""Executive Masterclass""",Big Data Strategy & Application: Harnessing Power For Strategic Leadership,Big Data Strategy & Application Executive Masterclass,Strategic Big Data Analytics And Data-Driven Business Transformation,Big Data Strategy And Application Executive Masterclass,Big Data Strategy And Analytics Leadership For Executives,4.13,3.25,53.31,1.85,1.67
c-85bf0d6e9c,Effective Prompting for Smarter Python Coding.pdf,Effective Prompting for Smarter Python Coding,"Walk away with practical “quick wins” to implement NLP
techniques and drive impactful results immediately.
EFFECTIVE
PROMPTING FOR
SMARTER PYTHON
CODING
Program Overview
Step into the future of coding with Effective Prompting for Smarter Python
Coding. This oneday handson workshop equips participants with the skills
to craft effective prompts that enhance productivity and learning using AI
tools like ChatGPT. Designed for Python programmers seeking to streamline
tasks like code generation, debugging, and learning new concepts, this
course blends foundational theory with practical applications. Participants
will learn to communicate with AI tools more effectively, iterate prompts for
better results, and explore promptbased project work. Whether you're
enhancing personal workflows or teambased development, this course
empowers you to code smarter with AI.
Learning Objectives
By the end of the course, participants will be able to:
Understand the fundamentals of prompt engineering in the context of AI
powered coding tools.
Develop the ability to create precise and effective prompts for code
generation, learning, and debugging in Python.
Apply iterative refinement techniques to improve prompt outcomes and
adapt them to realworld development tasks.
Gain handson experience in building Python miniprojects with the
assistance of prompt engineering.
Duration
One (1) FullDay Workshop;
Effective Prompting for Smarter Python Coding
Description
Introduction
Module 1:
The rise of conversational AI in software development
Overview of ChatGPT and its integration with Python workflows
Benefits of AIassisted coding
Module 2:
Defining prompt engineering in simple terms
Creating wellstructured, clear, and contextual prompts
Prompt styles for different coding tasks (explaining, generating,
completing code)
Module 3:
Prompts for learning syntax, logic, and concepts
Handson: using prompts to explore Python libraries
Module 4:
Crafting prompts for identifying and fixing bugs
Enhancing existing code via iterative prompting
Interactive debugging using ChatGPT
Module 5:
Group or individual activity: Build a small tool/app using prompt
assistance
Realtime prompting for logic, functions, and documentation
Recap and Discussion
(Day 1)
Effective Prompting for Smarter Python Coding",Effective Prompting For Smarter Python Coding With Ai Tools,Effective Prompting For Smarter Python Coding,Effective Prompt Engineering For Ai-Assisted Python Development,Effective Prompting For Smarter Python Coding,Effective Prompting Techniques For Enhanced Python Coding With Ai,4.11,3.15,46.32,2.71,1.91
c-88410f1346,Rise & Recharge Stress Less Achieve More.pdf,Rise & Recharge Stress Less Achieve More,"In OIG
‘S)
RISE & RECHARGE:
STRESS LESS, ACHIEVE MORE
Walk away with a list of key “quick wins” cases
you can start right away in the organization!
etl
e Dorp &
G invico
Rise & Recharge: Stress Less, Achieve Mo
Program Overview
Stress, fatigue, and burnout are no longer just personal struggles—they are
workplace nightmares! Employees juggle highpressure work environments,
tight deadlines, and constant problemsolving, leaving little time for self
care, mental clarity, and energy optimization.
Stress Less, Achieve More workshop goes beyond theory, aims to provide a
holistic mental, physical and emotional wellness aids, integrating
experiential techniques, from stress mapping, physical tension & movement
based resets, mental agility & cognitive buffering, to emotional state
cultivation with mindfulness, time management, and happiness science,
ensuring participants walk away with reallife strategies they can apply
immediately
Learning Objectives
By the end of the course, participants will be able to:
e Map & manage stress triggers with customized coping strategies to
effectively handle workplace triggers and prevent burnout.
e Reset physical and mental tension using grounding, movement, and posture
shifts * Develop mental agility and resilience through quick focus reset tools
that enhance clarity and decisionmaking.
e Enhance cognitive flexibility & problemsolving skills through micro
mindfulness and cognitive reframing.
e Duration two (2) FullDays Workshop;
(EP) aAlitainninncrnam
INDIGO
Rise & Recharge: Stress Less, Achieve Mo
« Course Content
Duration Content & Activity
30 minutes Program Kickoff & Setting the Stage
Welcome & Objectives
Learning Qutcomes
The Unique Challenges of Technical Leaders
Activity: Leadership Icebreaker — “What Leadership Means to Me”
45 minutes Modute 1: The Resitient Leadership Mindset
The Shit from Comfort to Unknown: What is in between?
Resilience in Leadership: Why lt Matters
The Resilience Formula: How to Lead Under Pressure
Activity: “The Change Game” — Stepping Out of the Comfort Zone
15 minutes Tea Break
Thour 15 minutes Module 2: Leading Through Change
Psychology of Change: Beyond Uncertainty & Complexity
The Point of Power Shitt Reacting vs. Responding
Expand The Comfort Zone: Navigate the Fear Zone
Activity: “Crisis Leadership Simulation” — Handling Unexpected Challenges
1 hour Lunch Break
1 hour 30 minutes Module 3: Managing Stress & Energy
Stress vs. Burnout: Recognizing the Signs
Mental Agility: Staying Focused Under Pressure
Personal Resilience Strategies and Stress Relief Techniques
Activity: “Energy Audit” — Identifying PersonalStress Triggers & Strengths
15 minutes Tea Break
] hour 30 minutes Module 4: Psychological Safety
How to Build a Culture of Trust VulnerabilityBased Trust
The Role of Empathy in Team WellBeing
Psychological Safety: Creating a Supportive Environment
Activity: Team Resilience Mapping” — Identifying Strengths & Gaps in Your Team
1 hour Wrapup & Reflection
O84 Summary of Learnings, Key Takeaways
(EP) aAlitainninnernam
INDIGO
Rise & Recharge: Stress Less, Achieve Mo
« Course Content
Duration Content & Activity
30 minutes Revision & Reflective Learning
Recap of Key Learnings
Sharing Insights from Day 1
Activity: “Resilient Leadership Storytelling” — Lessons from Personal Experience
1 hour Module 5: Powerful State Management
~ The Power of Listening: Clarity & Connection
~ Staying Calm: Communicate with Confidence Under Pressure
State Management Posture & Movement
Activity: “Listen Like a Leader” — Active Listening & HighStakes Role Play
7 hour Module & Constructive Communication — Giving Constructive Feedback
SMART Feedback Model
~ Sandwich vs, Direct Approach
~ Handling Difficult Conversations with Confidence
Activity: “Tough Conversations"" — Role Play on Giving & Receiving Feedback
1 hour Module 7: Bouncing Back — Leading Through Setbacks
~ Learning from Failure & Setbacks
Positive Redirection: Negative Bias & Inner Critic
Growth Mindset with Reframing
Activity: “Cri",Advanced Leadership Resilience For Effective Stress Management,Stress Management And Resilient Leadership Workshop,"Resilient Leadership: Stress Management, Emotional Intelligence, And Sustainable Performance","Rise & Recharge: Stress Less, Achieve More",Resilience And Stress Management For High-Pressure Work Environments,4.18,3.33,61.36,9.52,1.99
c-8b999366c1,Prompt Engineering for Coding Assistance in Python Course Outline.pdf,Prompt Engineering for Coding Assistance in Python,"Walk away with practical “quick wins” to craft effective
prompts and streamline your development workflow
immediately.
PROMPT
ENGINEERING
FOR CODING
ASSISTANCE IN PYTHON
Enhance your team's coding efficiency and master the art of prompt
engineering to optimize AIpowered coding assistance in Python.
Synopsis
Unlock the secrets of conversation design with ChatGPT, followed by a dynamic
session where you'll harness the power of Python alongside ChatGPT to
learn/enhance your coding skills. Through clear and contextrich prompts, it
enhances coding experiences, offering precise assistance ranging from
debugging to code completion. This oneday workshop is your gateway to
experience the future of coding assistance where efficiency and innovation
converge.
Prompt Engineering for Coding Assistance in Python
What You’ll Learn
In this oneday training course, participants will learn essential skills and
techniques for leveraging prompt engineering in Python programming. Topics
covered include understanding the fundamentals of prompt engineering, crafting
clear and contextrich prompts, utilizing prompts for interactive learning, and
debugging, iterative prompt refinement, and applying prompt engineering
techniques to realworld Python projects. Through handson exercises, interactive
discussions, and practical examples, participants will gain the knowledge and
confidence to effectively utilize prompt engineering to enhance their Python
coding experience and problemsolving abilities.
Who Should Attend
This workshop is designed for individuals who have basic Python programming but
seek an introductory exploration of ChatGPT and prompt engineering to
enhance/assist their coding experience.
Prompt Engineering for Coding Assistance in Python
Prerequisite
Basic understanding of computer usage and familiarity with using the internet and
have basic python programming knowledge. No prior experience in conversational
AI is required. The training is tailored for beginners, making it accessible to
individuals from diverse backgrounds who are eager to learn.""
Methodology
Theoretical insights with handson practical exercises.
Duration
1day Full Workshop.
Prompt Engineering for Coding Assistance in Python
Duration
Details
·Introduction to Conversational AI
·Overview of ChatGPT
·Why use ChatGPT for Coding
·Prompt Engineering in General
·Prompting Techniques in Understanding Specific Programming Concepts
·Techniques for Crafting Clear and Contextual Prompts in
Generating Code Snippets
· Handson Exercises
·Iterative Prompt Refinement for Python Learning
·Interactive Debugging with Prompts
·PyPrompt: Python projects empowered through prompts
·Showcase and Discuss Session
·Best Practices in Prompt Engineering for Python Education
·Ethnics and Responsibility
Course Outline & Schedule",Advanced Prompt Engineering For Enhanced Python Coding Efficiency,Prompt Engineering For Effective Python Coding Assistance,Prompt Engineering For Ai-Powered Python Coding Assistance,Prompt Engineering For Coding Assistance In Python,Prompt Engineering For Enhanced Coding Efficiency In Python,4.35,3.16,53.16,7.84,1.26
c-8d775aa59d,Microsoft PowerPoint 2019 Basic to Advanced.pdf,Microsoft PowerPoint 2019: Basic to Advanced,"MICROSOFT
POWERPOINT
2019:
BASIC TO
ADVANCED
Design visually stunning slide layouts, integrate rich multimedia assets, and
master advanced animation techniques to transform standard data into highly
engaging, professional corporate presentations.
Program Overview
Impactful business communication relies on clear, dynamic, and visually
compelling message delivery. This comprehensive 2day technical workshop
guides participants through the full spectrum of Microsoft PowerPoint 2019,
bridging foundational slide creation with highlevel advanced presentation
design. Moving systematically from basic text formatting and layout
adjustments, learners will progress to sophisticated features including Master
View customization, multimedia integration, and external data importing
from Excel and Word. Through stepbystep handson modules, professionals
will master interactive hyperlinks, advanced animation triggers, and slide
timing controls to deliver memorable, professionalgrade presentations with
total technical confidence.
Learning Objectives
By the end of the course, participants will be able to:
Create clean presentations using templates, modify backgrounds, and use
Master Views to keep layouts looking consistent and professional.
Add and arrange tables, SmartArt diagrams, audio, video, and imported
files from Microsoft Word and Excel.
Control slide transitions, use the Animation Painter on objects, and set up
custom, timed slide shows
Duration
Two (2) FullDay Workshop
Microsoft PowerPoint 2019:
Basic to Advanced
DESCRIPTION
Module 1: Creating Presentations
Getting Started
Launching PowerPoint 2019
Using the Quick Access Toolbar
Opening & Closing Files
Creating a New Presentation
Creating a New Presentation from a Template
Save vs. Save As
Viewing Presentations
Presentation Views
Using Slide Show View
Module 2: Enhancing Presentations
Format Texts
View Texts in Outline View
Rearrange Slides in a Presentation
Change Layout of a Slide
Change Slide Design of a Presentation
Change Background of a Slide
Change Color Schemes of a Presentation
Create Simple Drawings
Insert Clip Art
Create Graphs in Slides
Insert WordArt
Module 3: Setting Up & Delivering Slide Shows
Navigating in Slide Show
Drawing Freehand in a Slide Show
Setting Slide Transitions
Module 4: Printing Presentations
Print Presentation with Different Options
Insert Header and Footer to Print Outs
Module 5: Manipulating Master View
Customizing the Slide Master for uniform formatting
Modifying header and footer layouts globally
Creating unique slide layouts for reusable themes
Summary and End of Day 1
(Day 1)
Microsoft PowerPoint 2019: Basic to Advanced
DESCRIPTION
Module 6: Insert Art and Object
Insert Tables
Insert Charts
Insert SmartArt
Inserting Equations
Inserting Text Boxes
Creating Diagrams
Module 7: Producing a Dynamic Slide Show
Previewing Slides in Grayscale
Animation Slide Text and Object
Using Animation Painter
Chart Animation
Slide Transition
Remove Slide Transition
Creating and Editing a Custom Show
Rehearsing Slide Timing
Using other Slide Show Controls
Module 8: Advance Presentation Techniques
Creating interactive links with Hyperlinks and Action settings
Importing external objects directly from Excel and Word
Designing clear navigation menus within your slide show
Module 9: Inserting Audio & Movie to Presentation
Embedding and trimming video clips directly on a slide
Adding background music and voice narration tracks
Configuring playback controls for seamless media delivery
Module 10: Saving & Sharing the Presentation
Exporting slide decks into PDF, Word, and video formats
Compressing media files to optimize file size for email
Managing file properties and sharing options safely
Module 11: Creating Photo Albums, Pictures & Screenshot
Building automated photo albums from multiple images
Capturing and inserting live screenshots into slides
Formatting and cropping pictures to fit slide layouts.
Summary and End of Course
(Day 2)
Microsoft PowerPoint 2019: Basic to Advanc",Advanced Powerpoint Design And Presentation Mastery For Corporate Professionals,Mastering Microsoft Powerpoint 2019: From Basics To Advanced Presentation Design,"Microsoft Powerpoint 2019: Professional Slide Design, Animation, And Multimedia Mastery",Microsoft Powerpoint 2019: Basic To Advanced,Mastering Microsoft Powerpoint 2019: From Basics To Advanced Presentation Skills,6.18,3.42,58.71,7.13,1.47
c-919c5b7891,Generative AI for Engineers Course Outline.pdf,Generative AI for Engineering,"Unleash the Future
with Our 2Day Generative AI for Engineering Course
Today!
Unleash the Future
with Our 2Day Generative AI for Engineering Course
Today!
GENERATIVE AI
FOR ENGINEERING
(2 DAYS)
% HRDF CLAIMABLE COURSE
THE FUTURE
None
PREREQUISITION
GENERATIVE AI FOR ENGINEERING
Artificial intelligence (AI) is rapidly transforming the
manufacturing industry. AIpowered technologies ar
e being used to automate tasks, make better decision
s, and improve quality. As an engineer, you can play a
key role in this transformation.
INTRODUCTION
By the end of the course, participants will be able to:
Understand the basics of artificial intelligence (AI)
Learn about the latest AI technologies, such as machine learning, deep learning,
and natural language processing.
Learn how to apply AI to realworld engineering and manufacturing problems.
Develop the skills necessary to use AI in manufacturing
Walk away with a list of AI ‘quick wins’ – engineering and manufacturingdriven
business cases they can start right away in their organization
OBJECTIVES
TRAINING METHODOLOGY
Interactive group discussions, lectures, exercises, case studies and sharing of realworld experiences.
Number of Participants  : Max 20 per workshop
Medium of Instruction    : English and Bahasa Malaysia(where applicable)
Facility                       : Each participant to bring a laptop
This program will teach you the skills you need to use AI in
manufacturing and engineering. You will learn about the latest A
I technologies, such as machine learning, deep learning, and natur
al language processing. You will also learn how to apply AI to realwo
rld manufacturing problems, such as product design & development,
process improvement, quality control, and maintenance
THE FUTURE
COURSE OUTLINE
DAY 1
Module 1: Introduction to AI and Engineering
What is AI?
History of AI
Applications of AI in engineering
Benefits and challenges of using AI in engineering
Ethical considerations in AI usage
Module 2: AI Success Stories in Engineering
Case studies of how AI has been used to improve engineering processes and
products
Examples of how AI can be used to achieve realworld results in engineering
Module 3: The Data Science Process
A systematic approach to analyzing, visualizing, and modeling big data
Different steps in the data science process
How to use data science to solve engineering problems
Module 4: Data Cleansing
The process of cleaning and preparing data for analysis
Different types of data errors
Techniques for correcting data errors
A key takeaway from this course is the
brainstorming and prioritization of engineering
and manufacturingrelated business cases
by participants. These “quick wins” business ca
ses can be implemented immediately by the
organization to obtain the required benefits.
GENERATIVE AI FOR ENGINEERING
THE FUTURE
DAY 2
Module 5: Exploratory Data Analysis (EDA)
A technique for exploring data to gain insights and identify patterns.
Different methods for EDA
How to use EDA to identify potential problems or opportunities in
engineering
Module 6: Models and Algorithms
Different models and algorithms that can be used for machine
learning and artificial intelligence
Different types of models, such as supervised learning, unsupervised
learning, and reinforcement learning
Different types of algorithms, such as decision trees, neural networks,
and support vector machines
How to use models and algorithms to solve engineering problems
GENERATIVE AI FOR ENGINEERING
Module 7: Key Competencies
Skills that are needed for developing and deploying AI systems in engineering.
Some of the key competencies include data science, machine learning, NLP,
computer vision, cloud computing, creativity, and communication
Module 8: IndustrySpecific Business Cases
How AI can be used to solve business problems in engineering
Examples of how AI can be used to improve efficiency, productivity, and
customer service in engineering
Module 9: Demos, Mini Projects, and AIDriven Business Case Brainstorming
",Generative Ai For Engineering: Unlocking Business Cases And Quick Wins,Generative Ai For Engineering: Practical Applications And Skills Development,Applied Generative Ai For Engineering And Manufacturing Professionals,Generative Ai For Engineering: Skills And Applications,Generative Ai Applications For Engineering Innovation And Process Improvement,3.91,3.31,46.32,4.28,1.97
c-92118d4e86,Data Science with Python (Basic).pdf,Data Science with Python (Basic),"DATA
SCIENCE
WITH PYTHON
(BASIC)
Demystify the foundational data science workflow, manipulate complex
datasets using Python, and build functional machine learning models to deploy
actionable, datadriven solutions.
Program Overview
In today’s competitive landscape, data science has emerged as a critical
asset across industries, empowering professionals to extract highvalue
insights and make automated business decisions. This intensive 3day
introductory course bridges the gap between raw data and strategic
visualization using Python programming. Participants will explore the entire
data science workflow, progressing from initial data gathering and database
engineering to data wrangling and preparation for machine learning. Through
practical application, you will learn to construct predictive models, design
statistical tests, and deploy a data science solution directly to a web
application—equipping you with the tools to effectively communicate results
to key stakeholders.
Learning Objectives
By the end of the course, participants will be able to:
Comprehend the primary roles of a data scientist, covering database
engineering, data gathering, and data wrangling.
Apply Python programming to construct foundational machine learning
models and deploy analytical solutions to a functional web application.
Execute statistical principles and data visualization techniques to analyze
datasets, run tests, and communicate findings to stakeholders.
Duration
Three (3) FullDay Workshop
Data Science with Python (Basic)
DESCRIPTION
Opening
Module 1: Introduction to Data Science
The Data Science Process
Communicating to Stakeholders
Module 2: Linear Algebra
Vectors
Linear Combination
Linear Transformation and Matrices
Summary and End of Day 1
(Day 1)
Data Science with Python (Basic)
DESCRIPTION
Recap of Day 1
Module 3: Practical Statistics
Data Types
Measures of centre (mean, median, mode)
Standard Deviation, Variance, Outliers
Probability
Binomial Distribution
Conditional Probability
Bayes Rule
Normal Distribution theory
Sampling distributions and the Central Limit
Theorem
Confidence Intervals
Hypothesis Testing
Type I and type II errors
Pvalues
Null Hypothesis, Alternate Hypothesis
Module 4: Data Engineering
ETL pipelines
Extract  CSV, JSON, XML, SQL databases
Transform  combing, cleaning, encoding, missing data,
duplicate data
Dummy data, Outlier data, scaling data
Feature Engineering
Load
Summary and End of Day 2
(Day 2)
Data Science with Python (Basic)
DESCRIPTION
Recap of Day 2
Module 5: Database Programming
Module 6: Data Preparation, Data Wrangling
Module 7: Data Visualisation
Data Visualisation in Data Analysis
Design of Visualisations
Univariate Exploration of Data
Bar Charts
Pie Charts
Histograms
Bivariate Exploration of Data
Scatterplots and Correlation
Overplotting, Transparency, and Jitter
Heat Maps
Violin Plots
Box Plots
Clustered Bar Charts
Faceting
Line Plots
Swarm Plots
Multivariate Exploration of Data
Feature Engineering
Explanatory Visualisations
A Data Visualisation in Data
Analysis  Case study
Summary and End of Course
(Day 3)
Data Science with Python (Basic)",Data Science With Python: Foundations For Business Decision Making,Data Science With Python: Basic Skills And Applications,"Data Science With Python: Statistics, Machine Learning, And Visualization",Data Science Fundamentals With Python: From Data Wrangling To Machine Learning,Foundational Data Science Workflow With Python Programming,4.12,3.2,54.42,6.89,1
c-933cc3d36c,Digital Marketing Zero To Hero - HRDF Training.pdf,Digital Marketing: Zero To Hero,"DIGITAL
MARKETING:
ZERO TO HERO
Accelerate your commercial reach and successfully transition from
conventional sales models to digital prominence by mastering the core tools
required to generate leads, build brand authority, and maximize online
conversions.
Program Overview
Digital Marketing: Zero to Hero is an entrytointermediate masterclass specifically
designed for sales and marketing personnel, business owners, and entrepreneurs looking
to drive an official digital business transformation. For those accustomed to conventional
marketing, this course bridges the gap by establishing a powerful online presence and a
permanent digital footprint. Participants will explore essential digital tools, learn to
identify buyer behaviors, and master multichannel tactics including social media,
websites, automated email marketing campaigns, and search engine optimization (SEO).
Move beyond passive layouts to actively attract ""free"" organic search traffic and execute
highconverting campaigns that directly scale company profits.
Learning Objectives
By the end of the course, participants will be able to:
Build strategic content maps, write highconverting copy, and execute brand
campaigns across Facebook and Instagram.
Construct effective landing pages and launch automated email campaigns to build
databases and retain customers.
Apply core onpage and offpage SEO techniques to optimize web platforms and
boost organic search rankings.
Duration
Three (3) FullDay Workshop
Digital Marketing: Zero To Hero
Prerequisites
Stable Internet Access (At least 10Mbps above)
Valid Email ID (either Personal/Business)
Valid Facebook Account
Valid Instagram Account
Dual monitor will have an advantage for better learning experience
Having a product/services to promote
DESCRIPTION
Module 1: Foundation To Digital Marketing
Conventional Marketing vs Digital Marketing
Type of Digital Marketing Channel
Your Unique Selling Proposition
Know Your Customer
Marketing Mix
Create Digital Footprint
Creating Authority Online
Know Your Digital Marketing Tools
Power of CopyWriting (Bonus)
Module 2: Social Media Marketing (SMM)
Introduction to Social Media
14s Social Media Content Strategies
Facebook Marketing
Instagram For Business
Summary and End of Day 1
(Day 1)
Digital Marketing: Zero To Hero
DESCRIPTION
Module 3: Website Marketing
Introduction to Website Design and Development
Advantage of using Website for Business
Choose Your Business Website Platform
Generating Income Through Website Marketing
Module 4: Email Marketing
Introduction to Email Marketing
Lead Capture Strategies
Building Email Database
Customer Value Optimization (Bonus)
Summary and End of Day 2
(Day 2)
Digital Marketing: Zero To Hero
DESCRIPTION
Module 5: Google Marketing
Introduction to Google Marketing
Google Business Profile (Previously GoogleMyBusiness)
Module 6: Search Engine Optimization (SEO)
Understanding Search Engine Optimization
On Page Optimization
Off Page Optimization
White Hat vs Black Hat (Bonus)
Summary and End of Course
(Day 3)
Digital Marketing: Zero To Hero",Mastering Digital Marketing: From Conventional To Heroic Online Presence,Digital Marketing: Zero To Hero,"Digital Marketing Strategy: Social Media, Seo, Email, And Lead Conversion",Digital Marketing: Zero To Hero,Digital Marketing Mastery: From Basics To Advanced Strategies,4.07,3.15,56.43,3.39,1.45
c-9375dddbf8,Data & AI Monetization Strategies Course Outline.pdf,Data & AI Monetization Strategies,"Walk away with practical “quick wins” to integrate AI
into your engineering workflows and boost efficiency
immediately.
DATA & AI
MONETIZATION
STRATEGIES
Enhance your engineering expertise and master the art
of leveraging artificial intelligence to optimize design,
analysis, and problemsolving.
Program Overview
Monetizing your artificial intelligence (AI) initiatives comes in many flavours. You
can focus on using AI to improve your organization’s productivity and drive down
costs. You can also create new revenue opportunities with AI by making
actionable insights available to clients. This masterclass shows you how multiple
aspects of the organization need to come together – from creating a datadriven
culture and conceiving new datasets, to governing its data and knowing how to
build datapowered products – to create a moneymaking factory powered by AI.
Course Objectives
By the end of this program, participants will be able to:
Understand the basics of artificial intelligence (AI)
Monetize their data assets using advanced analytics and AI
Walk away with a list of monetization “quick wins” – industry use cases they can
start right away in their organization
Data & AI Monetization Strategies
Methodology
Interactive group discussions, lectures, exercises, case studies and sharing of real
world experiences.
Duration
2day Full Workshop.
Data & AI Monetization Strategies
Duration
Details
The Artificial Intelligence landscape:
An introduction to AI technology and applications
Organizational big data analytics and AI maturity:
The stages of analytics and AI maturity and how they are related to
business strategy, culture, people, process, and technologies
The AI ecosystem:
Understanding the AIpowered analytics environment from Data Ingestion,
ETL and Analytics, to Reports, Actionable Insights, and Organizational
Transformation
Lunch Break
The operations and moneymaking data scientist:
The roles of different data scientists, what they do and the value
they create for the organization.
AI and data monetization:
Driving value from raw data to insights.
Data collection, management, and governance
Wrapup of all modules for the day
Course Outline & Schedule (Day 1)
Data & AI Monetization Strategies
Duration
Details
Data analytics and insights for operational excellence
Introduction of Machine Learning and use cases in manufacturing
environment for product quality control.
Deep learning approach in manufacturing environment to improve
operational efficiency.
Lunch Break
A systematic approach to starting an AIdriven project:
Introduction to the CRISPDM Methodology
AIdriven industry use cases:
Examining specific AI monetization use cases and success stories that are
relevant to the participants.
Group activity:
AIdriven monetization business case brainstorming and prioritization
Wrapup of all modules for the day
Course Outline & Schedule (Day 2)",Advanced Ai Monetization Strategies For Engineering Workflows,Data & Ai Monetization Strategies For Engineering Efficiency,Ai And Data Monetization Strategies For Engineering Excellence,Data & Ai Monetization Strategies: Turning Insights Into Revenue,Data Monetization And Ai Integration For Engineering Efficiency,4.1,3.2,57.17,3.97,1.24
c-9a2d4a60b9,Collaborative Excellence with Mechanical Keyboard Building (2).pdf,Collaborative Excellence with Mechanical Keyboard Building,"The Workshop is a unique and interactive program designed to enhance team collaboration, communication, and efficiency through the exploration of mechanical keyboards. This workshop goes beyond the traditional team-building activities by incorporating a hands-on approach to learning and applying valuable skills in a fun and engaging environment. Participants will not only gain insights into the world of mechanical keyboards but also develop a deeper understanding of teamwork and communication dynamics.

Outline:

Morning Session — Mechanical Keyboard Workshop
- Registration & Morning Tea Break
- Key Agenda Topics:
  1. Overview and introduction to mechanical keyboards
  2. Fundamentals of keyboard construction
  3. Hands-on assembly and customization guided by experts, encouraging collaboration and creative problem-solving
  4. Speed typing competition
- Takeaway: Each participant keeps their custom-built wireless mechanical keyboard

Afternoon Session — Teambuilding Activities
- Focus Area: Games & Activities designed to foster team cohesion, interpersonal dynamics, and communication
- Key Highlights:
  1. Experiential exercises tailored to key learning goals like collaboration and adaptability
  2. 3–4 guided team challenge activities led by experienced facilitators
  3. Practical lessons on teamwork delivered through an engaging, interactive environment",Mechanical Keyboard Collaboration And Team Building Workshop,Advanced Mechanical Keyboard Workshop For Enhanced Team Collaboration,Mechanical Keyboard Assembly And Collaborative Teambuilding Workshop,Mechanical Keyboard Customization: Boosting Team Communication And Collaboration,Enhancing Team Collaboration Through Mechanical Keyboard Mastery,4.06,3.09,58.47,4.14,1.36
c-9e811a6e64,Mastering ISO 14001_2026 Transition.pdf,Mastering ISO 14001:2026 Transition,"MASTERING
ISO 14001:2026
TRANSITION
Master the latest updates in environmental compliance and gain the
practical insights you need to confidently transition your organization's EMS
to the new ISO 14001:2026 standard.
Program Overview
ISO 14001:2026 represents the latest evolution of the Environmental Management System
(EMS) standard, building on the Annex SL harmonised structure while strengthening
alignment with sustainability and organizational strategy, whilst managing issues relating
to environmental conditions (such as pollution levels, availability of natural resources,
climate change, biodiversity or ecosystem health).
Learning Objectives
This course aims to provide delegates with the following knowledge:
Describe the purpose and structure of ISO 14001:2026
Explain key EMS concepts and principles
Recognize the main requirements of each clause
At the end of the course, participants will be able to confidently plan and support the
transition from ISO 14001:2015 to ISO 14001:2026 within their organization.
Duration
One (1) FullDay Workshop
Mastering ISO 14001:2026 Transition
The updated standard places greater emphasis on: Environmental conditions
considerations, Lifecycle perspective and value chain control, Managing changes, Risk
and opportunity integration into business processes, Measurable environmental
performance and Continual improvement.
This 1day transition course focuses exclusively on the main changes between ISO
14001:2015 and the 2026 edition. Designed for experienced practitioners, this course
highlightes the changed requirements for implementation and auditing. You will gain the
specific insights needed to align your existing EMS with the revised standard for a
seamless audit transition.
DESCRIPTION
Evolution of ISO 14001
Development from earlier versions to 2026
Key drivers for revision (ESG, environmental conditions and
stakeholder expectations)
Main differences: ISO 14001:2015 vs 2026
Transition timeline: certification deadlines
Key New Themes in ISO 14001:2026
Environmental conditions (e.g. pollution levels, availability of natural
resources, climate change, biodiversity or ecosystem health)
Interested parties expectations
ClausebyClause Changes (2015 vs 2026) with Tips for Auditing
Clause 4: Context of the Organization
Clause 5: Leadership
Clause 6: Planning
Clause 7: Support
Clause 8: Operation
Clause 9: Performance Evaluation
Clause 10: Improvement
ClausebyClause Changes (v6 vs v7) with Tips for Auditing
(Continued)
Transition Planning
Gap analysis approach
Action plan
Common transition challenges
Summary & End of Course
Mastering ISO 14001:2026 Transition
ISO 9001, ISO 14001, ISO 45001, Food Safety Management
System Trainer
Trainer
IRCA Certificated Principal Auditor (QMS) (Membership No. 1187941)
Approved Lead Tutor for CQI & IRCA Certified ISO 9001:2015 Lead Auditor (QMS) Training Course
Approved Tutor for ISO 9001, ISO 14001, ISO 45001, FSSC 22000 and Food Safety Courses
Institute of Environmental Management & Assessment (IEMA) Certified Environmental Management
System Auditor
PSMB (HRDC) Accredited Trainer
Derrick Choong Wee Thiam
Qualifications
About the Trainer
Derrick is an engaging and inspiring trainer with more than 20 years’ experience in training who is able
to deliver tried and tested solutions to various sectors of industries for quality (ISO 9001), environment
(ISO 14001), occupational health & safety (ISO 45001) and food management system (HACCP,
ISO22000, FSSC22000) for manufacturing and services industries.
With his education in Food Science and Technology (1 class Hons) and work experiences as quality and
R&D manager in a global company and as consultant, Derrick has exposure across multicultural
practices and assisted more than 200 clients in achieving management systems certification. His clients
included major multinational organizations within the Asian region including Malaysia, Singapore,
Philippines, Hong Kong and mainland China.
His vast industry experience include manufac",Mastering Environmental Management System Transition To Iso 14001:2026,Mastering Iso 14001:2026 Transition Strategies,Mastering Iso 14001:2026 Transition For Environmental Management Systems,Mastering Iso 14001:2026 Transition,Mastering The Transition To Iso 14001:2026 Environmental Management Standards,4.2,3.46,57.42,2.79,1.48
c-a01dd1abe1,Power Up Your Team (Level 2).pdf,Power Up Your Team (Level 2),"POWER UP
YOUR TEAM
(LEVEL 2)
Advance your collective synergy and build a resilient ""Winner's Mindset"" by
navigating complex workplace friction through highly creative, tactical, and
collaborative handson team challenges.
Program Overview
Power Up Your Team (Level 2) is a comprehensive oneday active learning program
structured around an impactful 20% classroom and 80% interactive gamebased
framework. The program directly targets underdeveloped team collaboration skills,
using the five vital phases of the Team Collaboration Life Cycle (Knowing, Forming,
Storming, Norming, and Performing) to prepare workforces for corporate
challenges. Through highly engaging, thoughtprovoking indoor textile, crafting,
and strategic games, teams progress past destructive assumptions and competitive
friction. Participants break through individual selflimitations, establishing deep
team chemistry and a sustainable Winner's Mindset.
Learning Objectives
By the end of the course, participants will be able to:
Profile peer differences to eliminate assumptions, align team identities, and
respect diverse workplace perspectives.
Leverage critical and analytical thinking skills to utilize collective ideas and
solve complex team issues.
Maintain focus, collaborative communication, and mutual motivation to achieve
corporate goals when the going gets tough.
Duration
One (1) FullDay Workshop
Power Up Your Team (Level 2)
DESCRIPTION
Module 1: Tufting
Core Activities: Handson textile manufacturing where participants
insert thread into a primary base to craft upgraded items like cushions,
bags, or mirrors.
Learning Focus: Cultivating creative thinking skills, patience, and
rigorous followthrough.
Module 2: Sand Art Castle Layering
Core Activities: Crafting personalized wax candles set into sand shells
using unique shapes, custom scents, colors, and layering techniques.
Learning Focus: Developing collaborative communication and
fundamental teamwork skills.
Module 3: Lion, Hunter & Lady
Core Activities: A highly energetic 1vs1 team competition utilizing
synchronized poses and actions to defeat opponents based on a
specific hierarchy.
Learning Focus: Enhancing peer perception and understanding
different perspectives among colleagues.
Module 4: Creative Bridge
Core Activities: An analytical building simulation requiring teams to
integrate a risk culture, manage group dynamics, and construct a
bridge to achieve common objectives.
Learning Focus: Stimulating hidden creative potential, exercising
critical thinking, and learning to accept and utilize others' ideas to
achieve a goal.
Module 5: Eggsportation
Core Activities: A highstakes transportation game requiring team
synchronization, careful handling, and deep trust under structural
constraints.
Learning Focus: Reinforcing the importance of staying focused,
committing to goals set by the company, and learning to motivate and
support teammates when the going gets tough.
Summary and End of Course
Power Up Your Team (Level 2)
** All activities are held indoor unless specified",Advanced Team Collaboration And Resilience Development For Corporate Success,Advanced Team Collaboration And Mindset Building Workshop,Advanced Team Collaboration: Building Synergy Through Creative Problem-Solving Challenges,Enhancing Team Collaboration And Resilience Through Creative Problem-Solving Challenges,Power Up Your Team: Building Resilience And Collaboration Through Creative Challenges,4.07,3.19,61.05,2.38,3.81
c-a0416db214,Power BI with DAX.pdf,Power BI with DAX,"POWER BI
WITH DAX
Unlock the full analytical potential of your data models, master complex
evaluation contexts, and write advanced Data Analysis Expressions (DAX)
formulas to deliver deep, automated business intelligence insights.
Program Overview
Maximizing the true power of Power BI, Power Pivot, or SSAS Tabular models
requires a deep structural understanding of the DAX language. This comprehensive
3day technical course is meticulously designed for data users, engineers, and
developers looking to master the latest DAX standards. Moving systematically from
foundational variables and data types to advanced matrix segmentation,
participants will explore the core pillars of table functions, row and filter evaluation
contexts, and the critical CALCULATE function. Through interactive lectures and
practical exercises, attendees will learn to solve complex corporate scenarios,
handle tricky manytomany relationships, and implement dynamic time intelligence
calculations.
Learning Objectives
By the end of the course, participants will be able to:
Write core formulas using proper data types, calculated columns, measures,
conditional logic, and variables.
Solve complex calculation scenarios by mastering row contexts, filter contexts,
the CALCULATE function, and manytomany table relationships.
Build advanced time intelligence functions, running totals, data hierarchies, and
dynamic data segmentation.
Duration
Three (3) FullDay Workshop
Power BI with DAX
PreRequisites
Attendees need to have a basic knowledge of the data modelling in Power Pivot
for Excel, or Power BI Desktop, or Analysis Services Tabular modelling.
DESCRIPTION
Module 1: Introduction to DAX
What is DAX?
DAX data types
Calculated columns
Measures
Aggregation functions
Counting values
Conditional functions
Handling errors
Using variables
Mathematical functions
Relational functions
Module 2: Table Functions
Introduction to table functions
Filtering a table  Ignoring filters
Mixing filters
DISTINCT Function
How many values for a column?
ALLSELECTED function
RELATEDTABLE function
Tables and relationships
Tables with one row and one column
Table variables
Summary and End of Day 1
(Day 1)
Power BI with DAX
DESCRIPTION
Module 3: Evaluation Contexts
Introduction to evaluation contexts
Filter context
Row context
Context errors
Filtering a table
Using RELATED in a row context
Ranking by price
Evaluation contexts and relationships
Filters and relationships
Module 4: CALCULATE Function
Introduction to CALCULATE function
CALCULATE function examples
CALCULATE function recap
What is a filter context?
KEEPFILTERS function
CALCULATE operators
Use one column only in a compact syntax
Variables and evaluation contexts
Module 5: Iterators
Working with iterators
MINX and MAXX functions
Useful iterators
RANKX function
ISINSCOPE function
Summary and End of Day 2
(Day 2)
Power BI with DAX
DESCRIPTION
Module 6: Time Intelligence in DAX
What is time intelligence?
Time intelligence functions
DATEADD function
DATESINPERIOD function
Running total
Mixing Time Intelligence functions
Semiaddictive measures
Calculation over weeks
Module 7: Hierarchies in DAX
What are hierarchies?
FILTER and CROSSFILTER function
Percentages over hierarchies
Parentchild hierarchies
Module 8: ALLSELECTED & Shadow Filter Contexts
ALLSELECTED function revisited
Shadow filter contexts
Module 9: Segmentation
Static segmentation
Circular dependency in calculated tables
Dynamic segmentation
Module 10: Manytomany Relationships
How to handle manytomany relationships
Bidirectional filtering
Expanded table filtering
Comparison of the different techniques
Summary and End of Course
(Day 3)
Power BI with DAX",Advanced Dax Formulas For Data Modeling In Power Bi And Power Pivot,Power Bi With Dax: Mastering Advanced Dax Formulas And Business Intelligence,Advanced Power Bi Dax: Mastering Evaluation Contexts And Business Intelligence,Advanced Dax For Power Bi: Mastering Evaluation Contexts And Calculations,Mastering Power Bi With Dax For Advanced Data Analysis And Insights,4.18,3.32,56.69,3.87,1.39
c-a39daf7f92,ISO 45001_2018 Awareness (1 Day).pdf,ISO 45001:2018 Awareness,"ISO
45001:2018
AWARENESS
(1 DAY)
Master the core pillars of occupational health and safety management by
breaking down the Annex SL highlevel structure and translating ISO
45001:2018 requirements into actionable corporate compliance.
Program Overview
This intensive 1Day awareness course provides a comprehensive deep dive into the ISO
45001:2018 standard, equipping professionals to build resilient occupational health and
safety frameworks. Demystifying the core requirements of Annex SL, the workshop guides
participants through a practical analysis of the PlanDoCheckAct (PDCA) cycle,
operational riskbased thinking, and structural HIRARC methodologies. From identifying
organizational context and securing leadership alignment to establishing robust
operational controls and continuous improvement loops, delegates will gain the critical
insights needed to mitigate workspace hazards, handle regulatory updates, and foster a
proactive, highstandard culture of safety leadership across all organizational layers.
Learning Objectives
By the end of the course, participants will be able to:
Understand the high level structure within Annex SL
Understand ISO 45001:2018 Requirements
Understand the concept of Risk Based Thinking
Duration
One (1) FullDay Workshop
ISO 45001:2018 Awareness
DESCRIPTION
Module 1: Introduction to ISO 45001:2018
Evolution from OHSAS 18001 to ISO 45001
Key objectives and benefits of ISO 45001
Module 2: Context of the Organization (Clause 4)
Understanding internal & external issue
Identifying interested parties and their needs
Module 3: Leadership and Worker Participation (Clause 5)
Leadership and commitment; OHS policy; organizational roles, responsibilities and
authorities
Module 4: Planning (Clause 6)
Workshop: Conduct a risk assessment exercise
Module 5: Support (Clause 7)
Resources; competence; awareness; communication; documented information
Module 6: Operation (Clause 8)
Operational Planning and Control: Organizations must establish and implement
processes to manage their OH&S risks effectively, including the use of controls to
mitigate these risks.
Elimination or Minimization of Hazards: Where possible, hazards should be eliminated. If
not feasible, they should be minimized through effective risk assessment and control
measures.
Management of Change: Organizations need to manage changes that may affect their
OH&S performance, ensuring that risks are identified and controlled during transitions.
Procurement: When procuring goods and services, organizations should consider the
OH&S implications and ensure that suppliers also meet relevant safety requirements.
Emergency Preparedness and Response: Organizations must establish processes to
prepare for and respond to emergency situations, ensuring that they can minimize
potential impacts on workers and other stakeholders.
Monitoring and Measurement: Organizations are required to monitor, measure, analyze,
and evaluate their OH&S performance to ensure effectiveness and continual
improvement.
Module 7: Performance Evaluation (Clause 9)
Monitoring, measurement, analysis and evaluation; internal audit; management review
Module 8: Improvement (Clause 10)
Nonconformity and corrective action; continual improvement
Summary and End of Course
ISO 45001:2018 Awareness",Mastering Iso 45001:2018 For Effective Occupational Health And Safety Management,Understanding Iso 45001:2018 For Occupational Health And Safety Management,Iso 45001:2018 Occupational Health And Safety Management Awareness Training,Iso 45001:2018 Occupational Health And Safety Management Awareness,Iso 45001:2018 Occupational Health And Safety Management Awareness,4.13,3.35,64.2,4.42,1.86
c-a6d4b241a8,Basic First Aid & CPR_AED.pdf,Basic First Aid & CPR/AED,"BASIC FIRST
AID &
CPR/AED
Equip yourself with the vital lifesaving skills, tactical trauma management,
and definitive emergency response protocols needed to confidently safeguard
lives in any critical situation.
Program Overview
In critical moments, immediate and correct medical intervention makes the
difference between life and death. Basic First Aid & CPR/AED is an intensive, 2
day certified program structured by the Malaysian Red Crescent to transform
everyday individuals into capable first responders. Combining core anatomical
theory with aggressive handson simulations, this workshop prepares participants to
navigate highstress emergencies. Attendees will master trauma care—ranging from
severe bleeding and fractures to burns—alongside advanced airway management
and automated external defibrillator (AED) operation. Compliant with national
workplace standards, this course validates operational readiness through a rigorous
multipart examination.
Learning Objectives
By the end of the course, participants will be able to:
Systematically assess accident scenes, activate emergency services, and
perform primary and secondary casualty surveys utilizing the DRABC protocol.
Treat open wounds, fractures, dislocations, and burns by correctly applying
direct pressure, splints, traction, RICE principles, and improvised dressings.
Administer highquality onerescuer CPR on adult, child, and infant manikins,
operate an AED, and execute the Heimlich maneuver to resolve choking
emergencies.
Duration
Two (2) FullDay Workshop
Basic First Aid & CPR/AED
DESCRIPTION
Module 1: Scope of First Aid
Definition of the term 'First Aid'
The First Aider – roles & responsibilities
Emergency Action Principles
Understanding the Chain of Survival
Module 2: Structure of the Body
Main Body systems
Understanding the anatomical layout of the important organs
Module 3: Circulatory System
The General Structure of the Heart & its Function
Understanding the blood flow from the heart to all parts of the body
Different Types of Blood Vessels (Artery, Vein, Capillary)
Module 4: Respiratory System
Introduction to Respiratory System
Components of the System (Nose, Pharynx, Larynx, Trachea, Bronchi,
Lungs)
Module 5: Dressing & Bandages
Types of Dressing & Bandages
Improvisation methods
Uses of roller bandages
Module 6: Wounds & Bleeding
Definition and Classification (Open & Closed)
Signs & systems of wounds
Types of bleeding
General Management of wounds (All Infected Wounds and with Foreign
Bodies)
Chest and abdominal Injuries
Management of Bleeding
Bleeding from Special Regions  Ear, Nose etc.
Module 7: Fractures & Dislocation/Sport Injuries
Definition and types of fractures Simple (Closed), Compound (Open)
Signs & Symptoms for a fracture or dislocation
Management  Spinal Fracture
Injuries to joints & soft tissues
Common Sporting Injuries  Strain, Sprain, Cramp & Exhaustion
Summary and End of Day 1
(Day 1)
Basic First Aid & CPR/AED
DESCRIPTION
Module 8: Burn & Scalds
Description & Definition
Types & Causes
Understanding the Rules of Nine
Signs & Symptoms
Management
Module 9: Fainting & Unconsciousness
Definition
Causes
Signs & Symptoms
Management
Module 10: Asphyxia
Definition
Types of airway blockages
Signs & Symptoms
Management of airway
Module 11: Shock
Description and Definition
Types & Causes of shock
Signs & Symptoms
Management
Module 12: Cardio Pulmonary Resuscitation (CPR) & Include the Use of
the AED
Basic Life Support
Understanding emergency airway management
Technical Aspects of One Person Rescue
Foreign Body Airway Obstruction (Adult, Child & Infant)
How to perform CPR
Practice on the use of AED (automated external defibrillator
Understanding Emergencies Requiring Resuscitation
Heart attack
Drowning
Stroke
Suffocation
Electrocution
Poisoning
(Day 2)
Basic First Aid & CPR/AED
DESCRIPTION
Module 13: Hysteria, Convulsion & Fits
Signs & Symptoms
Causes
Module 14: Lifting And Transportation
Principles of Lifting
Types of Stretchers
Improvisation of Stretchers
Module ","Basic First Aid, Cpr, And Automated External Defibrillator Response For Critical Situations",Basic First Aid & Cpr/Aedprehensive Emergency Response Training,"Certified Basic First Aid, Cpr, And Aed For Emergency Response","Comprehensive First Aid, Cpr/Aed And Emergency Response Training","Essential First Aid, Cpr, And Aed Training For Emergency Response",4.2,3.34,53.53,7.61,2.17
c-a758f65b6c,Artificial Intelligence in Action Course Outline.pdf,Artificial Intelligence in Action,"Walk away with practical “quick wins” to put AI into action
and deliver impactful results in your projects immediately.
ARTIFICIAL
INTELLIGENCE
IN ACTION
Enhance your team's capabilities and master the art of
implementing artificial intelligence to drive innovation and efficiency
across various domains.
Synopsis
""AI in Action: Crafting Effective Prompts for Creative and Professional Success"" is
a Generic but Dynamic, handson course designed to help participants master the
art of AI prompting across text, image, and video domains. Over two engaging
days, you will learn foundational techniques and advanced strategies to craft
impactful prompts, explore industryspecific applications, and unleash your
creativity. Whether you’re an AI novice or looking to sharpen your skills, this course
provides the tools and confidence to apply AI in realworld scenarios effectively.
Artificial Intelligence in Action
Learning Objectives
By the end of the course, participants will be able to:
1. Understand the fundamentals of AI prompting and the principles of clarity,
specificity, and creativity.
2. Create effective text prompts for generating clear, engaging, and context
specific content.
3. Develop descriptive prompts to generate impactful images and videos
using AI tools.
4. Apply advanced techniques such as contextbased and iterative
prompting.
5. Design AIpowered solutions tailored to specific industries and business
scenarios.
6. Collaborate and innovate using AI tools in teambased challenges and
activities
PreRequisites
No prior experience with AI tools is required.
Basic familiarity with using computers and the internet.
A willingness to experiment and engage in creative problemsolving.
Artificial Intelligence in Action
Who Should Attend
Professionals looking to integrate AI tools into their creative or business
workflows.
Educators and trainers seeking to enhance their teaching with AIgenerated
content.
Entrepreneurs exploring AI for marketing, branding, or product development.
tudents and beginners interested in learning practical AI applications.
Individuals from any industry aiming to improve their productivity and creativity
with AI.
Duration
2day Full Workshop.
Methodology
Software and Device Requirements
1. Software/Tools:
o AI tools for text, image, and video generation (e.g., ChatGPT, Canva AI,
DALL·E, SORA).
o Browserbased access to AI platforms; no installation required for most
tools.
2. Devices:
o A laptop or desktop computer with an internet connection.
o Optional: Smartphone or tablet for additional exploration and exercises.
Artificial Intelligence in Action
Duration
Details
Welcome and Icebreaker
● Fun activity: ""AI Detective"" – Guess AIgenerated text, images, or
videos.
● Introduction to the program and objectives.
1.5 Hours
Understanding AI Prompting Basics
● What is AI prompting?
● Overview of AI tools for text, image, and video.
● Key principles of effective prompts (clarity, specificity, and
creativity).
1.5 Hours
Text Prompting: From Basic to Creative Writing
● Basics of text generation: structure, tone, and style.
● Practice: Writing simple, clear, and specific prompts.
● Activity: Create a fun, collaborative story using prompts.
Lunch Break
1.5 Hours
Image Prompting: Visual Creativity
● Introduction to AI image tools (e.g., DALL·E, Canva AI).
● How to describe visuals effectively in prompts.
● Activity: Generate themed images and share stories behind
them.
Video Prompting: Storyboarding and Ideas
● Exploring tools like Synthesia or Runway.
● Basics of storytelling for video prompts.
● Activity: Draft a video script or concept using prompts.
0.5 Hour
Prompting Workshop and Q&A
● Participants craft prompts in groups for text, image, and video.
● Review and feedback session.
Course Outline & Schedule  (Day 1)
Artificial Intelligence in Action
Duration
Details
1.5 Hours
Advanced Text Prompting Techniques
● Using context, chaining prompts, and iterative refinement.
● Activity: Solve a business scenario using advanced pr",Artificial Intelligence In Action: Crafting Effective Prompts For Creativity And Business Success,Artificial Intelligence In Action: Crafting Effective Prompts For Creativity And Efficiency,"Practical Ai Prompting For Text, Image, And Video Content Creation","Mastering Ai Prompting For Text, Image And Video",Mastering Ai Prompting For Creative Problem Solving And Innovation,4.19,3.39,66.25,15.81,1.49
c-a9e5669396,SAP Crystal Reports Business Reporting.pdf,SAP Crystal Reports: Business Reporting & Report Processing Strategies,"SAP CRYSTAL
REPORTS: BUSINESS
REPORTING & REPORT
PROCESSING
STRATEGIES
Master advanced data processing strategies and interactive design
mechanics to engineer, optimize, and distribute highly sophisticated business
reports.
Program Overview
SAP Crystal Reports: Business Reporting & Report Processing Strategies is an
intensive, 2day technical masterclass tailored for Application Consultants,
Business Analysts, and Power Users. This course goes beyond basic report creation
to explore advanced design structures and complex programmatic processing.
Participants will gain a comprehensive understanding of the design interface as
they progress from simple report wizards to intricate logic elements, including
custom functions, variables, arrays, and multidimensional crosstabs. By mastering
parameters, multipass processing, and subreport architectures, attendees will be
fully equipped to deliver dynamic, highly responsive enterpriselevel business
reports.
Learning Objectives
By the end of the course, participants will be able to:
Build precise reports using running totals, conditional alerts, functions, custom
variables, arrays, and control structures.
Create interactive reports by applying custom templates, dynamic listofvalues
parameters, multisectional designs, and crosstabs.
Construct linked and ondemand subreports using shared variables, while
optimizing execution via multipass reporting logic.
Duration
Two (2) FullDay Workshop
SAP Crystal Reports: Business Reporting
& Report Processing Strategies
DESCRIPTION
Module 1: Report Wizard
Creating a report using Report Wizard
Module 2: Running Totals
Building a report using Running Totals
Module 3: Alerts
Building a report with alerts
Module 4: Functions
Using Functions and operators in a formula
Module 5: Control Structures
Writing control structures
Module 6: Variables
Creating variables
Module 7: Templates
Applying predefined templates
Building custom templates
Building a template without a data source
Module 8: Introduction to Parameters
Using simple parameters
Module 9: Additional Parameter Properties
Applying additional parameters
Module 10: Additional Applications for Parameters
Modifying Report Presentations with Parameters
Summary and End of Day 1
(Day 1)
SAP Crystal Reports: Business Reporting
& Report Processing Strategies
DESCRIPTION
Module 11: Dynamic List of Values for Parameters
Using Dynamic Parameters
Module 12: Arrays
Creating Arrays
Module 13: Crosstabs
Creating Crosstabs
Formatting Crosstabs
Module 14: Custom Functions
Building a report using Running Totals
Module 15: Sections
Diving a report into sections
Formatting sections
Module 16: Introduction to Subreports
Describing subreports
Creating unlinked subreports
Module 17: Linked Subreports
Creating linked subreports
Using shared variable with subreports
Module 18: Report Linking
Creating on demand subreports
Building a report with linking
Module 19: Report Processing
Explaining MultiPass Reporting
Applying Evaluation Time Functions
Summary and End of Course
(Day 2)
SAP Crystal Reports: Business Reporting
& Report Processing Strategies",Advanced Data Processing And Reporting Strategies With Sap Crystal Reports,Advanced Business Reporting And Report Processing Strategies For Sap Crystal Reports,Advanced Sap Crystal Reports: Business Reporting And Report Processing Strategies,Advanced Sap Crystal Reports: Business Reporting And Report Processing Strategies,Advanced Business Reporting And Processing Strategies With Sap Crystal Reports,4.09,3.23,45.06,1.96,1.4
c-aa3bd6ec77,The Science of Humour (1 Day).pdf,The Science of Humour (1 Day),"2) SCIENCE
or HUMOUR
Better Life. Better Work. Better Relationships.
%
~
Discover how humour becomes a
for improving wellbeing, communication,
relationships and workplace performance.
Understand Communicate Reduce stress Create positive Live, work
the science better and build and strengthen teams and and lead
behind humour stronger connections resilience workplaces better
A ONEDAY INTERACTIVE WORKSHOP
PAGE 1
SCIENCE«
HUMOUR’
Better Life. Better Work. Better Relationships.
WHY THIS PROGRAM? THE BUSINESS VALUE
Improved wellbeing
and engagement
PROGRAM OVERVIEW
ae This oneday interactive workshop
explores the science and psychology
Stronger teamwork
and trust
of humour and how it can be applied
to enhance communication, relationships,
resilience and overall performance
Better communication
and collaboration
at work and in life.
WHY HUMOUR MATTERS
Humour reduces stress, improves mood,
Greater resilience
and adaptability
QO; ®
strengthens connections and helps us
think more creatively and adaptively— ! Enhanced creativity
and problemsolving
x $8
'
skills essential in today’s fastpaced world.
Positive workplace
culture and reputation
TODAY’S WORKPLACE REALITY
High pressure, constant change and digital
overload often lead to stress, disconnection
and burnout. We need simple, human
solutions that create positive change.
CURRENT REALITY ORGANISATIONAL NEED
Stress. Disconnection. is)  Stronger connections.
Overwhelm. Fatigue. * Better mindset.
Low morale.  Sustainable performance.
Humour is not a luxury at work.
It’s a leadership skill, a wellbeing strategy and a performance multiplier.
THE HUMAN HUMOUR
DYNAMICS™ MODEL
A simple, practical model that shows how humour
moves us from awareness to flourishing.
NOTICE™
Better Awareness
Humour REFRAME™
forks ale lity Better Thinking
to see life
differently CONNECT™
Better Relationships
and help others
live better.
UPLIFI™
Better Influence
FLOURISH™
Better Living
We see more clearly.
We become aware of ourselves,
our patterns and the moments
others miss.
We choose a different
perspective and turn
challenges into
opportunities.
We build trust, strengthen
bonds and create
psychological safety
through humour.
We inspire, encourage
and bring positive energy
that uplifts others.
We create a positive
ripple effect that
improves life and
work for everyone.
Designed for real people. Built for real results.
SCIENCE. HUMANITY. PRACTICALITY. | Rooted in psychology and neuroscience.
A PRACTICAL MODEL. REAL RESULTS.
ONEDAY LEARNING JOURNEY
Why Humans Laugh .
The science and psychology Discover.
behind humour.
Understand.
Connect.
Notice™
See what others miss. Laugh.
Awareness creates connection.
Apply
Lunch Break Transform.
Reframe™
Change the story.
eo © ©
Shift perspective. <i
Connect™
Build trust and belonging.
Stronger relationships. \
: , |
Uplift™ — Flourish™ A practical journey
Inspire, influence and from awareness
create lasting positive impact.
@:
to action and
longterm impact.
Personal Action Plan
From insights to action.
Sustaining the change.
LEARN. PRACTISE. APPLY.
Practical tools and insights you can use immediately
to create positive change in life and work.
DISCOVER. UNDERSTAND. CONNECT. LAUGH. APPLY. TRANSFORM.
WHAT YOU WILL
EXPERIENCE
Engaging Science WW [
Simple, exciting demonstrations and é@ Learn.
insights into the power of laughter.
Interactive Learning WW °
Handson activities, discussions and é practice.
reallife workplace examples.
~)
We grow.
Practical Tools
Easytouse techniques you can We make
apply in everyday work and life.
a difference.
Humour in Action
Practice in a safe, respectful and
fun environment.
Reflection & Insight
Personal reflection to deepen
awareness and growth.
Action Planning
Create your personal humour habits
and action steps.
YOU WILL LEAVE WITH...
Practical tools to manage stress and lift mood
Stronger communication and relationships
More resilience and adaptability
A positive mindset and more energy
Skills to create a better workplace culture
GIR RRS SS
A pe",Better Workplaces Through Humour And Resilience Skills,Science And Humor For Better Wellbeing And Workplace Performance,"The Science Of Humour For Building Workplace Wellbeing, Communication, And Resilience","Science Of Humour For Wellbeing, Communication And Workplace Performance",Harnessing Humour For Enhanced Wellbeing And Workplace Performance,6.26,3.55,72.2,4.91,1.19
c-aae0f5c905,Semiconductor Fabrication for Assembly & ProductTest Engineers Course Outline.pdf,Semiconductor Fabrication for Assembly & Product/Test Engineers,"SEMICONDUCTOR
FABRICATION FOR
ASSEMBLY &
PRODUCT/TEST
ENGINEERS
Walk away with practical 'quick wins' to effectively improve your
assembly & product engineers and enhance productivity
immediately.
Program Overview
This advanced training course is designed specifically for assembly and
product engineers working in semiconductor assembly and test houses. The
course provides an indepth understanding of semiconductor wafer
fabrication processes and their impact on final chip functionality, reliability,
and parametric performance. Special emphasis is placed on wafer defects,
yield loss mechanisms, failure analysis, and defectrelated assembly
challenges.
The course includes video tutorials demonstrating key fabrication and
analysis techniques to enhance learning
Learning Objectives
By the end of the course, participants will be able to:
1.Understand key wafer fabrication processes and their impact on chip
electrical performance.
2.Identify and classify wafer fabrication defects and their effect on final
product yield.
3.Correlate waferlevel defects to electrical parametric shifts and functional
failures.
4.Analyze defect types that contribute to assembly and test issues.
5.Apply knowledge of semiconductor process variations in root cause
analysis (RCA) of failures.
6.Develop strategies to improve yield and reliability in the assembly and test
process and enhanced collaboration between wafer foundry to assembly
test site.
Semiconductor Fabrication for Assembly & Product/Test Engineers
Duration
Two(2) FullDay Workshop;
Training Approach
LectureBased Learning: Each module is delivered through detailed
explanations and case studies.
Video Tutorials for Practical Insights: Key semiconductor processes and
failure analysis techniques are demonstrated through highquality video
content.
Case Studies from the Semiconductor Industry: Realworld yield issues
are analyzed and discussed.
Interactive Q&A & ProblemSolving Sessions: Participants will engage in
discussions on defect correlation and assembly challenges.
This twoday training equips assembly and product engineers with a strong
understanding of wafer fabrication defects, their electrical impact, and
practical strategies to improve overall product yield and reliability in assembly
and test processes.
Semiconductor Fabrication for Assembly & Product/Test Engineers
Topic
Outcome
Introduction
Module 1: Overview of
Semiconductor Manufacturing
Process
Semiconductor industry overview
Key process flow from wafer start
to final chip testing
Importance of defect
management in highvolume
manufacturing
Gain a comprehensive understanding
of the semiconductor manufacturing
process, key process flows, and defect
management in highvolume
production.
Module 2: Wafer Fabrication
Processes & Their Electrical Impact
Lithography, deposition, etching,
and doping processes
Impact of process variation on
device performance
Electrical parameter shifts due to
fabrication inconsistencies
Video Tutorial: Overview of
Semiconductor Wafer
Fabrication
Learn about lithography, deposition,
etching, and doping processes, and
analyze their impact on device
electrical performance and process
variations
Continued on Next Page
(Day 1)
Semiconductor Fabrication for Assembly & Product/Test Engineers
Topic
Outcome
Introduction
Module 3: Common Wafer Defects
& Their Effects on Device
Performance
Defect classification: Particle
contamination, scratches, voids,
dislocations
Electrical implications of defects:
leakage, threshold shifts, mobility
degradation
Processinduced defects (CMP
scratches, metal voids, gate oxide
breakdown)
Video Tutorial: Wafer Defect
Inspection & Classification
Identify and classify common wafer
defects, understand their electrical
implications, and learn strategies to
mitigate processinduced defects.
Module 4: Defect Inspection & Yield
Analysis Techniques
Defect detection methods:
Optical, SEM, EDX, AFM, FIB
analysis
Yield mapping and wafer sort
correlation analysis
Statistical process control (SPC)
and defe",Semiconductor Fabrication Fundamentals For Enhanced Assembly And Test Yield And Reliability,Semiconductor Fabrication For Assembly And Product/Test Engineers,"Semiconductor Wafer Fabrication, Defect Analysis, And Yield Optimization For Assembly Engineers",Semiconductor Fabrication For Assembly & Product/Test Engineers,Semiconductor Fabrication Techniques For Assembly And Test Engineers,3.95,3.41,62.8,3.07,1.99
c-ac4e4b7319,ChatGPT Fundamentals Course Outline.pdf,ChatGPT Fundamentals,"Walk away with practical “quick wins” to effectively integrate
ChatGPT into your workflows and elevate your team's
performance immediately.
CHAT GPT
FUNDAMENTALS
Enhance your team's communication strategies and master the art
of using ChatGPT to upgrade prompting skills and improve
productivity.
Overview
As technology advances and the world becomes more digital, there is a growing
need for working professionals to keep up with these changes. This workshop is
specifically designed for the future workforce to be efficient and effective at work
by mastering AI Tool like ChatGPT.
First, the workshop will introduce basic knowledge of AI before narrowing into
ChatGPT fundamental, which is a typical NLP tool (or Chatbot). It will showcase
how ChatGPT can change and impact our work life significantly through popular
use cases and success stories. The essential part of this workshop is about
learning the effective text input in order to get accurate and fast responses from
ChatGPT. ChatGPT is capable of serving many industries day to day working
needs now.
But for this workshop will focus on how ChatGPT can help working professionals to
optimize their work performance and productivity. Routine tasks like handling
email, handling messaging, doing research, doing reporting, support customer,
etc. will be best done by ChatGPT now. Artificial Intelligence (AI) is designed and
programmed for machine to learn, think and act like a human.
AI has been around for more than half a century but only getting very popular and
practical with Machine Learning (ML) / Deep Learning (DL) implementation after
1980s. Artificial Intelligence has indeed become important part of our daily life
and creates huge impact in how we live, work and play.
Today you see in Home/Personal Assistant application using Natural Language
Processing (NLP) techniques and Security/Surveillance applications using
Video/Image Analytic techniques are typical examples of AI applications. At the
end, a quick handson session is designed to let the participants experiencing the
power of using ChatGPT at work.
ChatGPT Fundamentals
Learning Objectives
1. To learn Artificial Intelligence (AI) Fundamental
2. To learn ChatGPT Fundamental
3. To learn Effective Text Input to ChatGPT
4. To study how working professionals can use ChatGPT at work
5. To experience better working performance using ChatGPT
Learning Outcome
The learners will be able to apply the knowledge from this training and use
ChatGPT in daily work (content creator) such as quickly develop content, in return,
it saves time and effort.
Methodology
• Tool used is ChatGPT (latest version)
• Showcasing how this AI tool can be applied in training industry too.
• Course duration is 8 hours
• Delivery is online with instructor (live class)
• Certificate of Completion will be provided for each participant.
Duration
1day Full Workshop.
ChatGPT Fundamentals
Duration
Details
0.5 Hours
Module 1: Artificial Intelligence (AI) Fundamental
i Definition
ii History
iii AI/ML/DL Relationship
iv Key Components (Compute, Algorithm, Data) Explained
v Examples of AI Tools – ChatGPT, Dalle, Stable Diffusion, Valle,
Faceswap.ai, etc
Module 2: ChatGPT Fundamental
i Overview – history, architecture and training data
ii Primary Functions
iii Benefits  such as improved efficiency, scalability, and accuracy
iv Realworld applications of ChatGPT in various industries
Module 3: Effective Text Input for ChatGPT
i Importance of context
ii Strategies for phrasing questions
iii NLP (natural language processing) techniques  importance in
communicating effectively with ChatGPT
iv Best practices for formatting text inputs  including use of
punctuation, capitalization, and abbreviations
Module 4: ChatGPT Use Cases for Working Professionals
i Working Professionals' Routine Task List
ii Benefits of using ChatGPT
iii Case studies and Success stories
1.5 Hours
Module 5: Handson Exercise: Using ChatGPT for better Work
Efficiency and Effectiveness
Wrap Up & Survey
Course O",Integrating Chatgpt Into Workflows For Enhanced Productivity And Efficiency,Chatgpt Fundamentals For Enhanced Work Performance,Chatgpt Fundamentals: Ai Prompting Strategies For Professional Productivity,Chatgpt Fundamentals: Boosting Workplace Productivity With Effective Prompting,Mastering Chatgpt: Enhancing Productivity And Communication In The Workplace,4.16,3.28,46.6,2.2,1.54
c-acd4e9ce3f,Constructive Leadership Lead The Team With Impact.pdf,Constructive Leadership Lead The Team With Impact,"CONSTRUCTIVE
LEADERSHIP
LEAD THE TEAM
WITH IMPACT
Walk away with practical 'quick wins' to effectively improve your
leadership skills and enhance productivity immediately.
Program Overview
Not all managers are leaders and not everyone can lead. Leadership is not
about following. It requires certain qualities and ability of you to inspire and
bring out the best of people. It is about achieving results through people.
“Leadership does not involve changing mindset of the group, but the
cultivation of an environment that brings out the best in and inspires the
individuals in that group.”
As an empowering leader, it is essential to know your strengths and hidden
potentials. This is a motivational session to allow you to discover your inner
self. We explore the journey to unleash your potentials and understand your
limitations in developing your excellent leadership skills. The key to
successful leadership is not in their natural gifts, but in their ability to
maximize the natural gifts of those around them and to act on what is
required by the task at hand
Learning Objectives
By the end of the course, participants will be able to:
Build the RIGHT MINDSET – and learning How to Lead, and How to Lead
Through People
Develop the Leadership Attitude ( LEADiTUDE) through the understanding
of what defines a leader, and how to elevate their leadership influence to
make the best Team Dynamic
Identify the personal leadership identity and leadership styles that leads to
success and achieve targets.
Profile the team with personality Traits, the potential challenges and
Triggers and how to create the balance and matching language
Constructive Leadership Lead The Team With Impact
Duration
Two (2) FullDay Workshop;
Description
Introduction
Module 1: Learn to Lead
Leadership Learning Ladder: Conscious/Unconscious &
Competence/Incompetence
Building Accountability: The Point Of Power Shift
Expand Your Comfort Zone: Staying Comfortable With Change
Proactive Leap: Being NICE or BEING KIND?
Activity: The Change Game
Module 2: Getting Results Through People
Expand Your Comfort Zone: Staying Comfortable With Change
Leading Sustainable Change: The Change Formula
Proactive Leap: Being NICE or BEING KIND?
Activity: Group Discussion
Module 3: What is Leadership?
Making a Difference: Is Leader Born or Made?
What is Manager vs Leaders?
Building Leadership Attitude: LEADiTUDE
Activity: Group Discussion & Debate
Module 4: Influential Leadership
Leadership Styles: Identify Your Styles & Application
Build Your Influence: 5 Levels of Influential Leadership
Develop Your Best Team Dynamic: Tuckman Team Cycle Model
Activity: Leadership Style Survey: Where Are You?
Recap & End Session
(Day 1)
Constructive Leadership Lead The Team With Impact
Description
Introduction
Module 5: Constructive Conversation
Listening Skills
Giving Constructive Feedback
Asking The RIGHT QUESTIONS
Activity: Communication Games Applicable to Learning
Module 6: Human Personality Traits and Needs
Introducing the 4 Basic Human Personality Traits.
Decoding the communication style of each personality type
Designing your communication style to match others for increased
influence (Do’s & Don’ts)
Understanding emotional Triggers when leading each personality type.
Adjusting leadership behavior & style when leading to match other
Activity: Identifying personality type in self & others
Module 7: Building Resilience
Motivation and Engagement: EQ & Empathy
Stay Focus: Reset The RAS
Redirect The Positive: Positive Feedback & Constructive Words
Activity: Role Playing
Recap & End Session
(Day 2)
Constructive Leadership Lead The Team With Impact
“This is a very good training. I am a straightforward guy
but this trainer is perfect for someone like me.”
Intel Engineer
What participants are saying about this Training Programme?
Constructive Leadership Lead The Team With Impact
“I really enjoyed this class a lot. I’m a good listener but
when it comes to participation, I’m not good with that.
But in her class, I ca",Effective Leadership Through People And Performance,Constructive Leadership Lead The Team With Impact,Constructive Leadership: Leading Teams With Impact Through People And Communication,Constructive Leadership: Leading Teams With Impact And Influence,Constructive Leadership: Inspiring Teams For Impactful Results,4.08,3.26,54.63,1.66,2.97
c-b20c2aad1a,Value Stream Mapping for Lean Manufacturing Excellence.pdf,Value Stream Mapping for Lean Manufacturing Excellence,"VALUE STREAM
MAPPING FOR LEAN
MANUFACTURING
EXCELLENCE
Walk away with practical 'quick wins' to effectively improve your
VSM skills and enhance productivity immediately.
Program Overview
This programme equips manufacturing professionals with practical and
structured skills to apply Lean principles and Value Stream Mapping (VSM)
to systematically identify waste, improve process flow, reduce lead time, and
design future state value streams aligned with customer demand.
Participants will learn how to develop Current State and Future State Maps,
calculate key performance metrics such as Takt Time, Lead Time, and Value
Added Ratio (VAR), and translate improvement opportunities into actionable
implementation roadmaps. The programme integrates AIassisted analysis
and digital manufacturing tools to enhance datadriven decisionmaking
and strengthen continuous improvement initiatives.
Learning Objectives
By the end of the course, participants will be able to learn about:
1.Explain Lean philosophy and core value stream concepts within a
manufacturing context.
2.Differentiate ValueAdded (VA) and NonValueAdded (NVA) activities
and evaluate their impact on flow efficiency.
3.Construct a Current State Value Stream Map using actual production data
and structured diagnostic methods.
4.Analyse Lead Time, Cycle Time, Takt Time, and Value Added Ratio (VAR),
supported by AIassisted data evaluation.
5.Design a Future State Value Stream Map based on Lean flow principles,
incorporating AIsupported scenario analysis where appropriate.
6.Develop a practical implementation roadmap using looping strategies and
Kaizen planning to achieve the desired future state.
Value Stream Mapping for Lean Manufacturing Excellence
Duration
Two(2) FullDay Workshop;
Topic
Module 1:  Lean Reframed for 2026 Manufacturing
Key Content
5 Lean principles • VA vs NVA
7 wastes (TIMWOODS)
Process Cycle Efficiency (PCE)
Why Most Lean Projects Fail
Activity: Quiz
Module 2: Value Stream Mapping
Key Content
Identifying Value Stream
Objectives of Value Stream Mapping
Value Stream Mapping techniques & Process
1.Product family Identification using AI
2.VSM Icons and symbols
3.Data collection methods
4.Process Flow, information flow
5.Measurement metrics (Takt Time, cycle time, lead time,
changeover time, OEE(Overall equipment effectiveness), value
added ratio)
Activity: Quiz
Module 3: Current State Mapping – Advanced Diagnostic
Key Content
Activities Hands on Mapping session
1.Step 1: Product Family Selection
2.Step 2: GembaBased Data Collection
3.Step 3: Build Current State Map
Wrapup and Recap Day 1
(Day 1)
Value Stream Mapping for Lean Manufacturing Excellence
Topic
Module 4: AIPowered Waste Analysis based on current state map
Using AI to Analyze Process Data
Identify bottlenecks
Suggest kaizen priorities
Rank impact opportunities
Categorize improvements into shortterm vs structural initiatives
·Analyze tester OEE loss and identify kaizen priorities.
Activity: AI assisted analysis on current state map data focus on
OEE loss
Module 5 : Future State Design with AI
Future State Questions
Takt Time vs Cycle time
Pacemaker selection
Buildtoorder vs supermarket
Heijunka leveling
Pitch calculation
Flow cell design
Activity:  Design future state map with Day 1 case study
Module 6 : Implementing Change & Strategic Kaizen Prioritisation
Key Content
Looping strategy (3–7 loops guideline)
Kaizen event planning
Action plan development
Governance & review cadence
Sustaining Lean transformation
Integration with Six Sigma for variation reduction
Practical Activity – Strategic Kaizen Ranking Workshop with 90 day
Value Stream transformation Roadmap aligned to bussiness
objectives
Wrapup and Recap
(Day 2)
Value Stream Mapping for Lean Manufacturing Excellence",Value Stream Mapping For Lean Manufacturing Excellence,Value Stream Mapping For Lean Manufacturing Excellence,Value Stream Mapping For Lean Manufacturing Excellence,Value Stream Mapping For Lean Manufacturing Excellence,Value Stream Mapping For Lean Manufacturing Improvement And Excellence,4.09,3.22,59.5,5.44,1.25
c-b25fd7183a,Leading Change with Impact.pdf,Leading Change with Impact,"LEADING
CHANGE
WITH
IMPACT
Navigate organizational transitions with confidence, unlock the psychology of
group dynamics, and foster a highcommitment environment to drive
meaningful change.
Program Overview
While managing organizational change is universally recognized as
challenging, finding a clear, actionable path forward can be equally difficult.
Driven by today's fastpaced business shifts, structural reorganizations, and
strategy transitions, this intensive workshop equips leaders with the exact
tools and insights required to manage uncertainty effectively. Participants will
explore the core psychology behind group dynamics, learn how a leader's
attitude shapes the corporate environment, and master communication
strategies that foster resilience. Ultimately, you will walk away with a practical
list of ""quick win"" cases designed to immediately build supportive, high
performing team dynamics.
Learning Objectives
By the end of the course, participants will be able to:
Establish the foundation of psychology of group dynamics and how YOU
can affect and are affected by the environment
Build the Leadership Attitude (Leaditude) for team success
Cultivate Positivity To Navigate Change and Transition
Decode your Emotional Drivers and your internal motivational factor to
create the best Team Synergy
Enhance your influential skills in managing and leading your team
Duration
One (1) FullDay Workshop
Leading Change with Impact
DESCRIPTION
Module 1: Setting the Mind
What role you play: The Hero, Villain, Observer
RAS: What is your focus?
Barrier to success: The 4 insanities
Activity: XY Game: Trust Game (20 mins)
Module 2: The Psychology of Leader of Change
Attitude: Make or break success
LEADTITUDE: Quality of leaders of change
Pyramid of leadership & management
Activity: The Silent Opera (30 mins)
Module 3: The Team Dynamics
Science of motivation: The intrinsic and extrinsic needs
What motivates you beyond money: The 8 human emotional
drivers
What kills our motivation: The NeedSuck syndrome
Activity: Need Suck Game (30 mins)
Module 4: Creating a Positive Environment
Positive redirection
The powerfull shift: Moving the point of power
Accountability: Are you problem focus or solution focus?
Activity: River of Life (30 mins)
Closing: Review and Q&A
Leading Change with Impact
** All activities are held indoor unless specified",Leading Change With Impact,Leading Change With Impact: Navigating Organizational Transitions,"Leading Organizational Change: Group Dynamics, Leadership Attitude, And Team Synergy",Leading Change With Impact,Leading Change: Mastering Group Dynamics And Communication Strategies,4,3.19,43.74,5.75,1.25
c-b2cbde9198,GITHUB Copilot & Vibe Coding for Development.pdf,GitHub Copilot & Vibe Coding for Development,"GITHUB COPILOT
& VIBE CODING
FOR
DEVELOPMENT
Accelerate your development cycle and transition from manual syntax writing
to highlevel system orchestration by mastering the industry's leading AI
powered code editors and autonomous agent workflows.
Program Overview
The software engineering landscape is undergoing a monumental paradigm shift, moving
rapidly from traditional manual coding to AIassisted ""vibe coding."" GitHub Copilot &
Vibe Coding for Developers is a comprehensive, handson masterclass designed to equip
modern developers with the skills to orchestrate multiagent AI tools effectively.
Participants will dive deep into prompt engineering and explore cuttingedge coding
ecosystems, including GitHub Copilot, Cursor AI, Windsurf, Google Antigravity, and
Anthropic’s Claude Code. By mastering inline chats, planning modes, and custom agent
skills, developers will learn to automate complex tasks, manage workspace contexts, and
dramatically amplify their engineering throughput.
Learning Objectives
By the end of the course, participants will be able to:
Seamlessly navigate and switch between advanced AI code editors (including GitHub
Copilot, Cursor, Windsurf, Google Antigravity, and Claude Code) to match the right
tool to the complexity of the development task.
Apply precise prompt engineering, rolebased workflows, project rules, and codebase
memory management to guarantee accurate, contextaware AI outputs with minimal
hallucination.
Configure, build, and deploy automated agent skills using planning and agentic
modes to execute complex background coding tasks, automate terminal commands,
and accelerate feature deployment.
Duration
Two (2) FullDay Workshop
GITHUB Copilot & Vibe Coding for Development
DESCRIPTION
Module 1: Getting Started with GITHUB  Copilot
Setting Up GitHub Copilot and VS Code
Quick Start with GitHub Copilot in VS Code
Learn about Code Completions
Understand how Copilot suggests and completes code
intelligently.
Use Inline Chat for Editor and Terminal
GitHub Copilot Smart Actions
Use of GitHub Copilot Chat Interface
Module 2: Getting to know GITHUB Copilot
Why You Should Use GitHub Copilot
Journey in GitHub Copilot
Overview of GitHub Copilot  how it integrates into coding
workflow
Use Copilot to write, fix, and learn code more efficiently.
Understand GitHub Copilot Data Privacy
Module 3: Understand Copilot Chat Modes and Context
Using Copilot Chat – Ask Mode
Editing Code with Copilot – Edit Mode
Automate Tasks with Copilot – Agent Mode
Using Chat Context for Better Responses
Module 4: Develop first project
Popular Approaches to Build App with Copilot
Prompts and Materials for App
Create Development Plan for Copilot
Build the App from the Plan
Style the app for a Modern Look
Add Input Limits and Formatting
Replace Custom Logic with a Formatting Library
Write and Run Unit Tests with Copilot
Generate Project Documentation with AI
(Day 1)
GITHUB Copilot & Vibe Coding for Development
DESCRIPTION
Module 5: GITHUB Copilot – Organize Workspace with Indexing
and Instructions
How Workspace Indexing Works in Copilot
Manage Ignored Files in Copilot with .gitignore
Custom Instructions in Copilot
Create Own Custom Instructions
Overview Community Popular Custom Instructions
Custom Instructions Templates for Developers
Understand Prompt Files for Repeated Tasks
Create Your Own Prompt Files
Overview Community Popular Prompts Files
Prompt Files Templates for Developers
Module 6: GITHUB Copilot – Dive into Agent Skills
Understand Agent Skills in GitHub Copilot
Overview Popular Agent Skills from the Community
Build and Configure First Agent Skill
ReadytoUse Agent Skill Templates for Developers
Module 7: Prompt Engineering
What Is Prompt Engineering?
Common Mistakes and Challenges
Best Practices for Writing Prompts
Advanced Prompting Techniques
RoleBased Prompts for Smarter Outputs
Summary and End of Day 1
(Day 1 Continued)
GITHUB Copilot & Vibe Coding for Development
DESCRIPTION
Module 8: CURSOR – Learning Cursor AI
Setting Up Cur",Advanced Ai-Powered Code Orchestration For Software Developers,Github Copilot & Vibe Coding For Development,"Github Copilot, Ai Code Editors, And Vibe Coding For Modern Development",Ai-Powered Development With Github Copilot And Vibe Coding Tools,Github Copilot And Vibe Coding Mastery For Developers,4.19,3.34,66.45,11.39,1
c-b3154d4de2,Microsoft Excel (Basic-Advanced).pdf,Microsoft Excel (Basic to Advanced),"MICROSOFT
EXCEL
(BASIC TO
ADVANCED)
Transform raw data into actionable insights, automate repetitive daytoday
tasks, and master advanced spreadsheet functionalities to significantly
maximize your workplace efficiency.
Program Overview
Microsoft Excel is a cornerstone of modern business data analysis, yet many
professionals only scratch the surface of its true capabilities. This
comprehensive
beginnertoadvanced
course
bridges
that
gap
transforming how you manage, interpret, and present data. Participants will
journey from spreadsheet fundamentals to unlocking advanced formulas like
IF, VLOOKUP, INDEX, and MATCH. You will learn how to build dynamic
interactive reports using Pivot Tables and leverage conditional formatting to
highlight critical business trends. Finally, the workshop introduces Macros and
VBA to automate routine workflows, preparing you to confidently excel in
datacentric corporate roles.
Learning Objectives
By the end of the course, participants will be able to:
Construct and manage complex datasets
Deploy dynamic advanced formulas
Analyze trends with interactive reports
Automate workflows via Macros and VBA
Duration
Three (3) FullDay Workshop
Microsoft Excel (Basic to Advanced)
DESCRIPTION
Module A: Setting Up a Worksheet
Identify the Elements of the Excel Interface
Creating a New Worksheet with Data
Using AutoFill for Data Entry
Making Changes to Data
Navigating and Selecting along Cell Ranges quickly
Splitting Windows Horizontally or Vertically
Freezing Windows Screen
Module B: Modifying Excel Worksheet
Inserting, Deleting, Coping Worksheets
Renaming and Colouring worksheet Tabs
Changing Orders of Worksheet
Working with Multiple Sheets
Navigating Worksheets in a Workbook
Hiding/ Unhiding Worksheet
Module C: Formatting Data
Formatting Data in a Worksheet
Making Worksheet Contents Less Crowded by Changing Column Width and
Row
Height
Inserting or Copying Column/ Row with Insert or Paste options
Adding Comment to Data
Module D: Writing Formula
Entering Simple Formulas in Worksheet
Using AutoSum to calculate Total, Average, Max, Min and etc
Using AutoCalculate as Calculator
Module E: Printing Data
Printing Worksheets
Changing Page Orientation, Margin and Scaling
Inserting Headers & Footers
Inserting Page Break
Module F: Sign In to Office and OneDrive
Sign In & Saving a Workbook as OneDrive
Module G: Protecting Workbook
Protecting Worksheets, Workbooks and File
Exercise: Protecting Worksheets with Hidden Formulas
Exercise: Protecting Workbooks and File
Summary and End of Day 1
(Day 1)
Microsoft Excel (Basic to Advanced)
DESCRIPTION
Module H: Analyse Your Data Instantly
Analyse Your Data Instantly
Module I: Presentation Data in Charts
Creating Chart
Modified Chart
Recommended Chart
Module J: Working with Sparklines
Types of Sparklines
Create Sparklines
Changing the Appearance of Sparklines
Changing the Display Range
Module K: Performing Calculation in Name Group
Understand Relatives and Absolute Reference
Named Method
Creating and Redefining Range names
Creating Formulas with Range Names
Module L: Advance Function
Using VLOOKUP Function
Using IF Function
Using PMT Function
Using FV Function
Module M: Visualisation Data using Conditional
Formatting
Formatting Data Based on Its Value
Using Conditional Format
Create a New Conditional Formatting Rules
Remote Conditional Formatting Rules
Summary and End of Day 2
(Day 2)
Microsoft Excel (Basic to Advanced)
DESCRIPTION
Module N: Enhancing Your Work wih Picture
Inserting ClipArt and Picture
Modify a Graphic
Insert a Screenshot
Add Background to a Worksheet
Draw and Modify Shapes
Insert SmartArt Graphics
Module O: Data Validation
Create drop down list
Creating Data Validation Formula
Module P: Managing Data in List
Basic Sort
Custom Sort
Sorting database
Filtering Data
Using Functions with list
Module Q: Data Analysis
Create Pivot table and chart
Using Pivot table fields pane
Adding calculation fields
Scenario Manager
Module R: Using PowerPivot
Enabling PowerPivot
Creating Pi",Transform Your Data With Advanced Microsoft Excel Skills,Microsoft Excel Basic To Advanced: From Fundamentals To Advanced Data Analysis,"Microsoft Excel Mastery: Data Analysis, Advanced Formulas, And Workflow Automation",Excel Mastery: Basic To Advanced Techniques For Data Analysis And Automation,Advanced Microsoft Excel: From Basics To Automation And Data Analysis,4.13,3.33,69.14,8.85,1.69
c-b34a1b9468,Leadership Development Program(2 Days).pdf,Leadership Development Program,"LEADERSHIP
DEVELOPMENT
PROGRAM
Elevate your leadership benchmark and drive exceptional workplace
engagement by mastering the five exemplary, battletested leadership
practices from Kouzes and Posner’s ""The Leadership Challenge.""
Program Overview
This intensive 2day facilitated workshop empowers employees at all levels to
enhance their leadership bench strength through the globally recognized
framework of Jim Kouzes and Barry Posner's The Leadership Challenge.
Participants will build a unified leadership language, shifting from basic
management to exemplary leadership. Through deep selfassessments, smallgroup
storytelling, and interactive practical activities, learners will fully internalize the 5
Leadership Challenge Practices (LCP): Model the Way, Inspire a Shared Vision,
Challenge the Process, Enable Others to Act, and Encourage the Heart. Attendees
leave with immediate, concrete action plans to champion a hightrust,
collaborative culture postworkshop.
Learning Objectives
By the end of the course, participants will be able to:
To gain a better understanding of the leadership practices
To connect the participants to the Leadership Challenge Practices (LCP)
To develop action plans to promote continuous development of these
leadership
practices post the workshop
Duration
Two (2) FullDay Workshop
Leadership Development Program
DESCRIPTION
Module 1: The Leadership Framework & Common Language
Core Topics: Program introduction, plenary discussion differentiating
leading vs. managing, and an foundational overview of the 5
Leadership Practices.
Learning Focus: Establish the leadership challenge framework and
build a common leadership language
Module 2: Team Assessment & Gaps Identification
Core Topics: Handson group work and conducting a team assessment
on the group’s collective leadership capabilities.
Learning Focus: Selfassessment based on the Leadership Challenge
Practices (LCP) to identify strategic areas and growth gaps.
Module 3: Leadership Practice 1 – Model the Way (MTW)
Core Topics: Discussing and sharing understanding of MTW contents,
sharing personal values, personal vision, individual examples, personal
bests, and realworld implementation challenges.
Learning Focus: Personal reflection on the overall maturity of your MTW
behavior and developing concrete action steps.
Module 4: Leadership Practice 2 – Inspire a Shared Vision (ISV)
Foundations
Core Topics: Discussing and sharing fundamental understanding of ISV
contents, alongside small group sharing of documented ISV best
practices.
Learning Focus: Connecting with the concepts of Inspiring a Shared
Vision on a personal level.
Module 5: Strategic Application of ISV & PreWork Integration
Core Topics: Personal sharing of specialized ISV prework and
navigating critical challenges to inspiring a vision in a corporate
environment.
Learning Focus: Establishing localized action steps to successfully take
the vision forward.
Summary and End of Day 1
(Day 1)
Leadership Development Program
DESCRIPTION
Module 6: Leadership Practice 3 – Challenge the Process (CTP)
Core Topics: Discussing and sharing understanding of CTP mechanics,
identifying the internal ""Enemies of CTP"" at work, and small group
sharing of real workplace best practices.
Learning Focus: Connecting with the CTP framework personally and
developing strategic action steps to drive innovation.
Module 7: Cultivating CTP Potentials & Storytelling
Core Topics: Developing personal CTP potential through small group
sharing of personal stories, highlighting the best team narratives, and
creating action steps to promote calculated risktaking within teams.
Learning Focus: Internalizing proactive processimprovement behaviors
through experiential storytelling.
Module 8: Leadership Practice 4 – Enable Others to Act (EOTA)
Core Topics: Group learning activity focused on EOTA, an interactive
debrief session, indepth discussion on EOTA contents, and small
group sharing of personally experienced EOTA best practices.
Learning Focus: Connec",Elevate Leadership Excellence Through The Leadership Challenge,Leadership Development Program: Mastering The 5 Leadership Challenge Practices,From Management To Exemplary Leadership: The Five Leadership Practices,Five Leadership Practices: Model The Way To Encourage The Heart,Transformative Leadership Skills: Mastering The Leadership Challenge Practices,4.15,3.34,59.31,7.94,1.37
c-b5a41313cf,Leading with Impact – The 4 Core Roles.pdf,Leading with Impact – The 4 Core Roles,"LEADING WITH
IMPACT – THE 4
CORE ROLES
Transform organizational leadership by mastering the four essential roles of
building trust, communicating strategic vision, driving execution, and
coaching highperforming teams.
Program Overview
This two
day experiential leadership workshop empowers participants to build trust
as the foundation of influence, craft and communicate a compelling vision,
translate strategy into measurable results, and coach employees to unlock their full
potential. Through interactive activities, simulations, and roleplays, leaders will gain
practical tools to foster credibility, inspire alignment, drive execution, and sustain
success by growing people.
Target Audience: This program is designed for mid‑ to senior‑level managers,
team leaders, and emerging executives who are responsible for guiding people,
shaping organizational direction, and delivering results. It is especially valuable
for professionals who want to strengthen their leadership agility, build trust
across diverse teams, and develop coaching skills to sustain long‑term success.
Learning Objectives
By the end of the course, participants will be able to:
Build trust as the foundation of leadership by modelling self
trust, fostering
credibility, and creating psychological safety.
Shape and communicate a compelling vision that aligns teams, inspires
commitment, and drives organizational direction.
Translate vision into results through effective goal
setting, accountability
structures, and strategic execution practices.
Empower and coach employees by applying active listening, powerful
questioning, and resilience
building techniques to unlock potential and sustain
success.
Duration
Two (2) FullDay Workshop
Leading with Impact – The 4 Core Roles
DESCRIPTION
Opening & Introduction & Icebreaker Activity
Module 1: Trust – The Foundation of an Organization
Recognize elements of selftrust and model them consistently.
Behaviours of high trust leaders that foster credibility and reliability.
Create psychological safety to encourage openness and innovation.
Shift from a Blame culture to a Learning culture.
Activity: The Trust Contract Game (Behaviours that build / destroy
trust).
Module 2: Design the Future, Illuminate the Path
Creating a compelling Vision and Goal.
Strategic Thinking & Business intelligence.
Communicating and aligning the vision across an organisation.
Activity: “Organization 2036” (Creating your future).
Summary and End of Day 1
(Day 1)
Leading with Impact – The 4 Core Roles
DESCRIPTION
Module 3: Turning Vision into Results
Deliver results by setting clear goals and accountability structures.
Communicate effectively across diverse teams.
Empower teams for extraordinary results.
Activity: Strategy simulation game (Practice turning strategies into
action).
Module 4: Employee Farming for sustained success
Foundations of Coaching.
Active Listening and Powerful Questions.
Handling resistance and difficult conversations.
Activity: Coaching in action (Coaching roleplay).
Summary and End of Course
(Day 2)","Leading With Impact: Building Trust, Communicating Vision, Driving Execution, And Coaching High-Performing Teams",Leading With Impact: Mastering The 4 Core Roles Of Leadership,"Leading With Impact: Trust, Strategic Vision, Execution, And Coaching For High-Performing Teams","Leading With Impact: Mastering Trust, Vision, Execution & Coaching",Leading With Impact: Mastering The Four Essential Leadership Roles,4.14,3.25,48.69,18.41,1.23
c-b6f70c45fc,Natural Language Processing in Practice.pdf,Natural Language Processing in Practice,"Walk away with practical “quick wins” to implement NLP
techniques and drive impactful results immediately.
NATURAL
LANGUAGE
PROCESSING IN
PRACTICE
Program Overview
This comprehensive twoday workshop, NLP: From Fundamentals to Real
World Applications, is designed to equip participants with both theoretical
knowledge and handson experience in Natural Language Processing (NLP).
Through immersive sessions and practical exercises, learners will master
essential NLP techniques such as text preprocessing, word embeddings,
named entity recognition, and sentiment analysis. With realworld case
studies and a final project, attendees will gain the confidence and skills
needed to apply NLP in business and technical environments. Ideal for
professionals looking to leverage the power of text data, this training is .
Learning Objectives
By the end of the course, participants will be able to:
Develop a foundational understanding of Natural Language Processing and
its realworld applications.
Gain practical experience in building and evaluating NLP models for tasks
such as classification, summarization, and sentiment analysis.
Learn to extract structured information from unstructured text using state
oftheart NLP libraries.
Apply NLP techniques in a capstone project to solve realistic problems and
derive actionable insights from textual data.
Duration
Two (2) FullDay Workshop;
Natural Language Processing in Practice
Description
Introduction
Module 1:
Introduction to Natural Language Processing and its evolving
role across industries
Exploring the synergy between AI and human language
Realworld examples of NLP in business and tech
Module 2:
Installing essential Python packages (spaCy, NLTK,
Transformers)
Creating a Jupyter Notebook environment for experimentation
Module 3:
Techniques for tokenization, normalization, and cleaning
Removing noise: stop words, punctuation, and special
characters
Intro to stemming and lemmatization
Module 4:
Overview of vector space models and embeddings
Practical use of Word2Vec, GloVe, and contextual embeddings
(e.g., BERT)
Module 5:
Using Named Entity Recognition (NER) to identify key terms
Understanding PartofSpeech (POS) tagging in context
Applying rulebased and MLbased extraction strategies
Recap and Discussion
(Day 1)
Natural Language Processing in Practice
Description
Introduction
Module 6:
Introduction to supervised learning for text classification
Stepbystep walkthrough: training a sentiment analysis model
Evaluating model performance and finetuning
Module 7:
Techniques in topic modeling (LDA, NMF)
Grouping documents with clustering techniques
Module 8:
Understanding extractive vs. abstractive methods
Tools and models for generating summaries
Module 9:
Applying sentiment analysis and intent detection
Use cases: analyzing real customer feedback data
Module 10:
Teambased or individual miniproject
Design, build, and present an endtoend NLP solution using
course techniques
Recap and Discussion
(Day 2)
Natural Language Processing in Practice",Advanced Natural Language Processing Techniques For Real-World Applications,Natural Language Processing In Practice: From Fundamentals To Real-World Applications,Natural Language Processing In Practice: From Fundamentals To Real-World Applications,Natural Language Processing In Practice,Practical Natural Language Processing Techniques For Immediate Impact,4.11,3.27,53.25,3.65,1.28
c-b7503456bd,Sales Influencing and Self Motivation Program Course Outline.pdf,Sales Influencing and Self Motivation Program,"SALES
INFLUENCING
AND SELF
MOTIVATION
PROGRAM
Transform your sales trajectory from mediocre to extraordinary by unlocking
the psychological triggers of human behavior and mastering the art of
persuasive selfleadership.
Program Overview
What separates corporate superachievers from mediocre performers in the exact
same field? The answer lies in developed core traits: an unyielding attitude to
succeed, unwavering commitment, absolute passion, and exceptional persuasive
skills. Sales Influencing and Self Motivation Program is an immersive, 2day
workshop designed to transform participants into elite sales professionals.
Recognizing that people are constantly guided by external circumstances, internal
belief systems, or underlying desires, this program provides the definitive playbook
on persuasion and psychological influence. By learning to master buyer
perceptions, utilize strategic defensive frameworks, and tap into selfmotivation,
attendees will gain the skills needed to influence sales outcomes to their
advantage.
Learning Objectives
By the end of the course, participants will be able to:
Implement the ""SEE"" principle to project personal commitment, establish trust,
and gauge buyer behavioral positioning.
Apply tactical psychological frameworks to neutralize client Doubt, Anger,
Greed, Growth, Enthusiasm, and Risk.
Command verbal, nonverbal, and assertive communication channels while
utilizing inner selfmotivation to pivot selling from product features to high
value benefits.
Duration
Two (2) FullDay Workshop
Sales Influencing and Self
Motivation Program
DESCRIPTION
Module 1: Developing Your Inner Self: Attitude, Commitment &
Trust
The 3 steps SEE principle  Smile, Eye Contact & Enthusiasm
Understanding the sales process
Understanding the behavioral positioning of customers during
the sales process
Why negotiation is important
Understanding the needs of a customer
Module 2: Factors that Controls People's Perception and
Thinking
Getting enthusiastic about your services/products/company
Building credibility to win over your customers
How to create the desire to belief in you
The 5 impulse factors to influence people's thinking
The persuasion skills power tool  Associating, Consistency,
Bonding & Commitment
Module 3: Using the DAGGER Approach
Doubt  how to deal with his suspicion
Anger  how to deal with his past bad experiences
Greed  how to hide your desperation in wanting to win him over
Growth  how to inspire him to grow with you
Enthusiasm  the vital influencing tool
Risk  how to allay his fears
Role play assignment
Summary and End of Day 1
(Day 1)
Sales Influencing and Self
Motivation Program
DESCRIPTION
Module 4: Using Persuasive Communication Skills
Verbal persuasion and influence
Nonverbal persuasion
Emotional or unemotional
Assertive or nonassertive
Determining the logic factor
Impulse Factors that motivate people to your way of thinking
Module 5: Sharpen Your Persuasion Skills
Injecting Humor
Injecting charisma
Injecting empathy
Injecting body language
How to deal with difficult people
Module 6: Understanding Perception and Emotions
Understanding perception and emotions
Understanding and building leadership skills
Motivation comes from your inner self  How to get the best out
of yourself
Sales Motivation  Its Benefits not the features that sells!!
The MASTER Sales Professional
Summary and End of Course
(Day 2)
Sales Influencing and Self
Motivation Program",Advanced Sales Influence And Self Motivation Strategies For Elite Performance,Sales Influencing And Self Motivation Program,"Mastering Sales Persuasion, Psychological Influence, And Self-Motivation",Sales Influencing And Self-Motivation: Master Persuasion And Motivation Techniques,Sales Mastery: Influencing Techniques And Self-Motivation Strategies,4.13,3.21,54.43,7.71,1.42
c-b7bb02e137,Influencing Without Authority Course Outline (2).pdf,Influencing without Authority,"Influencing Without Authority
Leadership Skills for Modern Matrix
Organizations
Helping professionals drive results through influence, alignment, and
stakeholder engagement.
Influencing without Authority
The Reality of Modern
Organizations
Today's organisations operate in complex environments:
Matrix Reporting Structures
CrossFunctional Teams
Global Collaboration
Limited Formal Authority
Success increasingly depends on influence rather than hierarchy.
Influencing without Authority
Common Workplace Challenges
Employees often struggle with:
The Challenges
• Getting buyin for ideas
• Managing resistant stakeholders
• Aligning multiple departments
• Navigating organisational politics
Influencing without Authority
Why Influence Skills Matter
Strong influence capability enables professionals to:
Drive Initiatives Forward
Gain Stakeholder Support
Resolve Conflicts Constructively
Build Collaborative Relationships
Influence is a critical leadership capability.
Influencing without Authority
Our Solution
The Influencing Without Authority Workshop helps participants:
Understand Stakeholder Motivations
Gain insight into what drives the people around you.
Build Credibility and Trust
Establish yourself as a reliable and respected voice.
Communicate Persuasive Ideas
Structure and deliver messages that resonate.
Manage Resistance Effectively
Navigate pushback with confidence and skill.
The programme focuses on practical influence skills for real workplace situations.
Influencing without Authority
Workshop Overview
Duration
2Day Interactive Programme
Learning Approach
•
Interactive exercises
•
Business case studies
•
Role plays and simulations
•
Peer coaching
•
Action planning
Influencing without Authority
Who Should Attend
Ideal participants include:
Managers in Matrix
Organisations
Project Managers
Individual Contributors
HighPotential Employees
Professionals Managing CrossFunctional
Projects
Influencing without Authority
Core Influence Frameworks
The workshop introduces proven influence models:
SCRAWLS influence principles
Universal influence principles that shape human decisionmaking.
SCARF Model
Understanding social threats and rewards in the workplace.
Stakeholder Mapping
Visualising power, interest, and influence across your network.
InterestBased Negotiation
Finding common ground to achieve mutually beneficial
outcomes.
Influencing without Authority
Workshop Agenda – Day 1
FOUNDATIONS OF INFLUENCE
Influencing without Authority
Topic
Introduction & Icebreaker
Module 1: Psychology of Persuasion
Understand core psychological principles that shape decisionmaking
Recognise common cognitive biases that affect buyin and resistance
Apply influence principles ethically in workplace situations
Module 2:  Stakeholder Analysis
Identify key stakeholders and their levels of power, interest, and influence
Analyse stakeholder expectations, concerns, and priorities
Develop targeted influence strategies for different stakeholder groups
Module 3: Understanding Motivations
Uncover underlying needs, drivers, and pressures of stakeholders
Distinguish between stated positions and real interests
Adapt influence approaches based on individual and situational motivations
Module 4: Building Credibility and Trust
Strengthen personal credibility through competence, consistency, and integrity
Build trustbased relationships across functions and hierarchies
Position yourself as a reliable and respected partner in collaboration
Module 5: Communicating Persuasive Ideas
Structure messages for clarity, relevance, and impact
Tailor communication styles to different audiences
Deliver ideas confidently to inspire action and commitment
Wraup Up and Recap Day 1
Workshop Agenda – Day 2
FOUNDATIONS OF INFLUENCE
Influencing without Authority
Topic
Module 6: Influencing Senior Leaders
Adapt communication for executivelevel priorities and decision styles
Present ideas with strategic clarity and business impact
Build confidence in engaging senior stakeholders without authority
Modul",Leadership Skills For Influencing Stakeholders Without Authority,Influence Without Authority: Driving Results In Modern Organizations,Influencing Without Authority In Cross-Functional Matrix Organizations,Influencing Without Authority: Leadership Skills For Matrix Organizations,Influencing Without Authority: Mastering Leadership Skills In Matrix Organizations,6.04,3.52,50.89,19.25,2.07
c-b9a76a60d3,Microsoft Excel Intermediate to Advanced.pdf,Microsoft Excel Intermediate to Advanced,"_ eee, ~~
4311854 13>
raf ante
G invico
Je)
MICROSOFT EXCEL: ©
. |
ADVANCED
nated
euatoos
red
ran Pred
G inpico
Microsoft Excel Intermediate to Advance
Program Overview
Microsoft Excel is a software for storing numerical data and analyzing them. It is one of
the most flexible and commonly used applications in Office. Whatever career path you
choose, you will probably have to use Excel to achieve your professional goals, some of
which may happen every day. For one way or the other, we all work with numbers. When
we want to record, analysis and save such numeric data, Microsoft Excel comes in handy.
At this intermediary level, it provides an overview of the Excel forms and features used
every day for preparing reports and analytics for our managers
Learning Objectives
By the end of the course, participants will be able to:
Describe Excel Data thoroughly to prevent common mistake in Excel
Reports.
Perform accurate and consistent Reports using the right Formula, or
Functions. ~
e Apply Logic in the Formula by using Logical Functions to: automate
outcome. ~
° Get information & Summarize Data accurately quick and easy.
e Print final report in proper setup and present professionally
e Duration Two (2) FullDay Workshop;
@
In’DIGO
Microsoft Excel Intermediate to Advancet
e Course Modules
Module 1:Excel Cell Formatting
‘Applying Styles to a Range
‘Conditional Formatting
‘Custom Number Formats
Module 2:Excel Functions and Formulas
‘Getting Help with Functions
‘Nested Functions
‘Consolidating Data Using a 3D Reference
Sum Function
‘Mixed References within Formulas
Module 3:Excel Named Ranges
‘Naming Cell Ranges
“Removing a Named Range
‘Named Cell Ranges and Functions
Module 4:Excel Statistical Functions
*COUNT Function
*COUNTA Function
*COUNTIF Function
*COUNTBLANK Function
Module 5:Excel Text Functions
*LEFT Function
“RIGHT Function
‘MID Function
‘TRIM Function
*CONCATENATE Function
Module 6:Excel Time & Date Functions
‘Inserting the Current Time and Date
‘TODAY Function
“WORKDAY Function
*NETWORKDAYS Functions
DATEDIF Functions
*EDATE & EOMONTH Functions
Module 7:Excel Logical Functions
‘IF Function
“AND Function
‘OR Function
Module 8:Excel Lookup Functions
*VLOOKUP Function
*HLOOKUP Function
Module 9:Excel Database Functions
*DSUM Function
DAVERAGE Function
*DMAX Function
*DMIN Function
*DCOUNT Function
Module 10:Manipulating Worksheets within
Excel ~
‘Copying or Moving Worksheets between <S
Workbooks O
‘Splitting a Window
‘Hiding Rows / Columns
‘Hiding & Unhiding Worksheets
‘UnHiding Rows / Columns
Module 11:Paste Special Options within Excel
‘Using Paste Special fo Add, Subtract,
Multiply & Divide 3°)
‘Using Paste Special ‘Values’
‘Using Paste Special Transpose Option
Module 12:Excel Setup & Printing Issues
‘Worksheet Margins
‘Worksheet Orientation
‘Worksheet Page Size
‘Headers and Footers
‘Scaling Your Worksheet to Fit a Page(S)
‘Printing Titles on Every Page
“Previewing a Worksheet
@
G inpico
Microsoft Excel Intermediate to Advance
DAY /TIME DAY 1 DAY 2
30 Minutes Introduction to Excel Recap of Day 1
1 Hour Module 1 Module 7
1 Hour Module 2 Module 8
1 Hour Module 3 Module 9
1 Hour Lunch Lunch
1 Hour Module 4 Module 10
1 Hour Module 5 Module 11
1 Hour Module 6 Module 12
30 Minutes Q&A & Summary Recap & Summary
@
CS I >",Advanced Microsoft Excel Skills For Data Analysis And Report Preparation,Microsoft Excel Intermediate To Advanced,"Advanced Microsoft Excel: Functions, Formulas, And Professional Data Reporting",Microsoft Excel Intermediate To Advanced Functions And Reporting,Advanced Microsoft Excel Techniques For Data Analysis And Reporting,3.91,3.21,41.23,3.89,1.3
c-ba8a80dc51,SAP Crystal Reports for Enterprise – Advanced Report Design.pdf,SAP Crystal Reports for Enterprise - Advanced Report Design,"SAP CRYSTAL
REPORTS FOR
ENTERPRISE
ADVANCED
REPORT DESIGN
Elevate your enterprise data strategy by mastering complex programming
logic, multipass processing rules, and localized formatting within the
advanced reporting ecosystem.
Program Overview
SAP Crystal Reports for Enterprise Advanced Report Design is a comprehensive, 2
day technical masterclass developed for Application Consultants, Business Analysts,
and Power Users. Built for individuals who understand basic design mechanics, this
program provides deepdive mastery over the advanced tools within the Crystal
Reports interface. Participants will progress from engineering running totals and
multidimensional arrays to programming active loops and complex parameterized
structures. By uncovering the inner mechanics of multipass reporting, nested
subreports, and multilingual deployments, attendees will gain the skills needed to
design, format, and distribute sophisticated, productiongrade business intelligence
assets.
Learning Objectives
By the end of the course, participants will be able to:
Construct complex metrics utilizing running totals, variables, multivalue arrays,
and loops within the Formula Workshop.
Build interactive, fully parameterized enterprise report structures and
summarize datasets using multidimensional crosstabs.
Optimize report performance via multipass evaluation, embed subreports,
apply special section formatting, and deploy multilingual reports.
Duration
Two (2) FullDay Workshop
SAP Crystal Reports for Enterprise
Advanced Report Design
DESCRIPTION
Module 1: Running Totals
Building a report using Running Totals
Module 2: Formulas
Formulas overview
Working with the Formula Workshop
Creating and modifying formulas
Applying Boolean formulas
Applying IfThenElse formulas
Applying date calculations
Applying numeric calculations
Applying string manipulation
Variables
Creating variables
Arrays
Creating Arrays
Module 3: Loops
Creating and using simple loops
Module 4: Building Parameterized Reports
Creating fully parameterized report
Module 5: Summarizing Data with Crosstabs
Summary and End of Day 1
(Day 1)
SAP Crystal Reports for Enterprise
Advanced Report Design
DESCRIPTION
Module 6: MultiPass Reporting
Learn the concepts of MultiPass reporting
Module 7: Subreports
Creating Subreports
Module 8: Special Section Formatting
Module 9: Building Specialized Reports
Describing fully specialized reports
Module 10: Multi Lingual Report
Creating multilingual reports
Summary and End of Course
(Day 2)
SAP Crystal Reports for Enterprise
Advanced Report Design",Sap Crystal Reports For Enterprise Advanced Report Design Mastery,Advanced Report Design For Sap Crystal Reports Enterprise,Sap Crystal Reports For Enterprise: Advanced Report Design,Advanced Report Design With Sap Crystal Reports For Enterprise,Advanced Report Design With Sap Crystal Reports For Enterprise,4.08,3.17,48.96,2.5,1.02
c-bb73207d94,Mental Health First Aid Course Outline.pdf,Mental Health First-Aid (MHFA),"MENTAL HEALTH
FIRSTAID (MHFA)
Empower your team with the vital psychological tools and early intervention
skills needed to recognize, approach, and support individuals experiencing a
mental health crisis in the workplace.
Program Overview
Mental Health First Aid (MHFA) is the immediate support given to someone
developing a mental health challenge, experiencing worsening issues, or facing a
mental crisis. This licensed, evidencebased program from MHFA International
(Australia) is specifically adapted for the Malaysian setting by the MMHA. It bridges
the critical gap before professional care is reached. Ideal for managers, HR
professionals, and community leaders, this course delivers essential knowledge to
enable early interventions, fasttrack personal recovery, and prevent conditions
from escalating. By completing it, participants become accredited Mental Health
First Aiders equipped to build a safer, more resilient environment.
Learning Objectives
By the end of the course, participants will be able to:
Identify Mental Health Problems: Understand and recognize common
conditions, specifically depression, anxiety, psychosis, and risks involving suicide
or nonsuicidal selfinjury.
Provide Safe Crisis First Aid: Master appropriate communication and
approach strategies to safely stabilize individuals experiencing a psychological
crisis.
Facilitate Professional Support Pathways: Confidently guide affected
individuals toward proper professional healthcare resources and encourage
early recovery interventions.
Duration
Two (2) FullDay Workshop
Mental Health FirstAid (MHFA)
Course Format
This course can be delivered as a 2day course or tailored to your preference.
Course can be held onsite or virtually
Who should Attend
It is most useful for those whose job deals with managing people in the workplace
or community students in higher education institutions.
Mental Health FirstAid (MHFA)
Why attend a MHFA Course?
MHFA provides knowledge for early intervention to prevent a mental health problem
from becoming more serious; facilitates early recovery for the affected person.
Participants also become a certified Mental Health First Aider by completing the
course with full attendance and an accreditation assessment. Participants gets a
Standard MHFA Manual and 4 CPD hours(Approved by the Malaysian Board of
Counsellors)",Mental Health First Aid For The Workplace: Empowering Teams To Support Mental Wellbeing,Mental Health First Aid For Workplace Leaders,Mental Health First Aid: Workplace Crisis Recognition And Early Intervention,Mental Health First Aid: Crisis Recognition And Intervention Skills,Mental Health First Aid For Workplace Empowerment,4.11,3.14,49.31,1.44,1.7
c-bc34dce11d,Managing Change in an Age of Disruption with LEGO SERIOUS PLAY.pdf,Managing Change in an Age of Disruption with LEGO® SERIOUS PLAY®,"MANAGING
CHANGE IN AN
AGE OF
DISRUPTION WITH
LEGO® SERIOUS
PLAY®
Navigate organizational volatility and unlock collective strategy by leveraging
the immersive power of the LEGO® SERIOUS PLAY® methodology to cocreate
actionable change frameworks.
Program Overview
This dynamic twoday programme equips participants with innovative tools to
navigate and lead through disruption using the LEGO® SERIOUS PLAY® (LSP)
method. In today's volatile and complex business landscape, traditional change
management approaches may fall short. LSP aims to bridge this gap by unlocking
collective intelligence, encouraging deep reflection, and enabling the cocreation
of actionable strategies. This course is recognized across industries for its hands
on, engaging methodology, and addresses a critical skill gap in managing
transformation with empathy, clarity, and collaboration.
Learning Objectives
By the end of the course, participants will be able to:
Apply the ADKAR model to lead change initiatives effectively
Use the LEGO® SERIOUS PLAY® method to foster engagement and insight
Identify barriers, enablers and cocreate strategies and responses to navigate
effective change.
Map current challenges and collaboratively envision future possibilities
Translate insights into clear, committed action plans
Duration
Two (2) FullDay Workshop
Managing Change in an Age of Disruption with
LEGO® SERIOUS PLAY®
DESCRIPTION
Introduction & Icebreaking
Set the tone and build psychological safety through creative reflection
and connection.
“Start with clarity and connection.”
Participants connect with each other and the theme of change
using visual metaphors (SPARK cards) to surface initial reflections
and open dialogue.
Welcome and Objective Setting
Spark Card Reflection Activity
Module 1: Understanding Change and Disruption
Frame the complexity of change and introduce ADKAR as a practical
model to navigate it
“Why do most change efforts fail? Let’s explore.”
Introduces the ADKAR Model of Change Management and
surfaces the common pain points organizations face during
disruption. Participants map out real disruptions they face at
personal and organizational levels.
Understand the ADKAR Model of Change Management
Mapping Disruption in Personal and Organizational Contexts
Module 2: Engaging with Change Using LSP
Introduce the LEGO® SERIOUS PLAY® method and begin handson
exploration through metaphorical model building.
“Handson, mindson learning begins here.”
Participants are introduced to the LEGO® SERIOUS PLAY®
method through core process training and guided Skills Building.
They construct personal models that reflect their individual
experiences with change.
Introduction to LEGO® SERIOUS PLAY® Method
Skills Building & Personal Models of Change
Summary and End of Day 1
(Day 1)
Managing Change in an Age of Disruption with
LEGO® SERIOUS PLAY®
DESCRIPTION
Recap of Day 1
Module 3: Collective Exploration and Shared Insights
Shift from individual to group meaningmaking to cocreate a shared
understanding of disruption.
“Making sense of change together.”
Individual models are brought together into a shared landscape,
revealing collective patterns, challenges, and blind spots across
teams and regions. This module builds alignment and empathy,
and links experience to the ADKAR stages.
Building the Disruption Landscape
Synthesizing Shared Organizational Realities
Module 4: Visioning and Strategic Response
Build the future through shared visioning and strategic scenario
exploration.
“From insight to future possibility.”
Participants cocreate futurestate models that reflect the ideal
response to disruption. Scenario planning and strategic builds help
imagine tangible paths forward to support sustained
transformation.
FutureState LEGO® SERIOUS PLAY® Modelling
Scenario Planning & Strategy Building
Module Commitment and Action
Translate learning into personal and organizational action through
commitmentbuilding.
“From bricks to bold moves.”
Participants identify key barriers and enablers",Managing Change In The Face Of Disruption Using Lego Serious Play,Managing Change In An Age Of Disruption With Lego® Serious Play®,Leading Organizational Change Through Lego Serious Play In An Age Of Disruption,Managing Change In An Age Of Disruption With Lego® Serious Play®,Navigating Organizational Change Through Lego® Serious Play® Methodology,4.19,3.35,68.25,6.12,1.64
c-c3235b8dee,Tufting & Indoor Adventure Course Outline.pdf,Tufting & Indoor Adventure (1 Day),"TUFTING &
INDOOR
ADVENTURE
(1 DAY)
Unleash your team's creative potential, patience, and collaborative
communication through an immersive, handson crafting experience designed
to push individuals outside their comfort zones.
Program Overview
Tufting & Indoor Adventure is an interactive, fullday workshop meticulously
designed for corporate leaders, managers, and project teams. This refreshing
program leverages unique, tactile crafting mediums to spark critical thinking and
break down communication barriers. Participants will master the mechanics of
textile tufting, experiment with multilayered sand art candle chemistry, and
engage in creative straw bag painting. By stepping outside their typical workplace
routines into a supportive studio environment, teams will cultivate deep mutual trust,
learn to respect diverse perspectives, and master the adaptability required to
navigate new corporate situations.
Learning Objectives
By the end of the course, participants will be able to:
Understand the various technique of tufting
Learn the differences and similarities of different threads and when to use them
Know how to effectively communicate your ideas and respect other's opinions
Learn patience and step out of your comfort zone.
Learn to adapt to new situations
Confidence, respect and trust in each other will move us outside our comfort
zones and reach our goals.
Duration
One (1) FullDay Workshop
Tufting & Indoor Adventure (1 Day)
DESCRIPTION
Module 1: Tufting
Core Activities: Handson textile manufacturing where
participants insert thread into a primary base to craft their own
masterpieces. Completed items can be upgraded to cushions,
bags, or mirrors.
Learning Focus: Cultivating creative thinking skills, deep
patience, and rigorous task followthrough.
Module 2: Sand Art Castle
Core Activities: Designing a custom wax candle set into a
unique shell made of sand. Participants select their own scents
and colors to mix using delicate sand layering techniques.
Learning Focus: Strengthening collaborative communication,
respecting diverse ideas, and building essential teamwork skills.
Module 3: Straw Bag Painting
Core Activities: Studiobased design and custom painting of
sturdy straw bags woven from materials like corn husks, regular
straw, crocheted paper, or beachstyle Raffia.
Learning Focus: Expanding creative perspectives, developing
individual leadership skills, and taking team responsibility.
Summary and End of Course
Tufting & Indoor Adventure (1 Day)
** All activities are held indoor unless specified",Corporate Leadership And Team Building Through Creative Craftsmanship And Collaboration,Tufting & Indoor Adventure Workshop,"Tufting, Sand Art, And Creative Crafting For Corporate Team Building",Creative Team Building Through Hands-On Textile And Craft Workshops,Creative Tufting And Collaboration For Corporate Teams,4.05,3.15,60.68,13.78,1.19
c-c3b6bb1580,Conference Negotiation Intelligence.pdf,Negotiation Intelligence (NI),"NEGOTIATION
INTELLIGENCE
(NI)
Master the critical blend of strategic thinking, behavioral personality
strategies, and emotional intelligence to build unbreakable rapport, deploy
advanced tactics, and achieve highimpact, winwin outcomes in complex
business negotiations.
Program Overview
In today's globally connected world, negotiation skills are more valueadded than
ever. Whether you're negotiating through complex business deals, resolving
interpersonal conflicts, or advocating for your own interests, being skilful in the art
of negotiation can empower you to achieve your goals, greater heights and build
stronger relationships.
Negotiation intelligence is a blend of strategic thinking, interpersonal skills, and
emotional intelligence. It's also about fostering trust, building rapport and
relationships, and maintaining open lines of communication throughout the process.
Learning Objectives
By the end of the course, participants will be able to:
Analyze complex business deals to position negotiation objectives purposefully.
Apply targeted techniques to find common ground and build strong
relationships.
Decode counterpart behavior using DISC profiling to tailor strategic responses.
Deploy active listening, questioning skills, and BATNA analysis to secure winwin
outcomes.
Maintain emotional control and exercise empathy to deescalate highstakes
friction.
Translate negotiation frameworks into realworld results through experiential
roleplays.
Duration
One (1) FullDay Workshop
Negotiation Intelligence (NI)
DESCRIPTION
Module 1: Negotiation Landscape
Be purposeful
Facts and figures & Case studies
Module 2: Rapport & Trust
Techniques to build rapport & trust
Find common ground
Module 3: DISC Styles & Strategies
DISC Personality Assessment
Module 4: Principles of Negotiation
Position & standing of both parties
Winwin Outcomes
Module 5: Putting All Together into Action
Have empathy
Go to balcony & reflect
Module 6: Negotiation Tactics
Know your BATNA
Effective questioning & active listening
Summary & End of Course
Negotiation Intelligence (NI)",Mastering Strategic Negotiation Intelligence For Win-Win Outcomes,Negotiation Intelligence: Mastering Strategic Thinking And Emotional Intelligence For Win-Win Outcomes,"Strategic Negotiation Intelligence: Disc Profiling, Emotional Intelligence, And Win-Win Business Outcomes","Mastering Negotiation Intelligence: Strategies, Disc, And Win-Win Tactics",Mastering Negotiation Intelligence For Win-Win Outcomes,4.1,3.26,65.8,8.06,1.58
c-c4f85dea06,Getting Unstuck Charting New Frontiers Course Outline.pdf,Getting Unstuck: Charting New Frontiers,"Getting
Unstuck: Charting
New Frontiers
It’s not the effort that solves a
problem — it’s another perspective
— L. van den BergSekac
Sometimes, our life doesn’t go our
way. We’re not doing too good, yet
we cannot put our finger on what’s
happening. We feel uncomfortable in
our skin, and sucked into our jobs or
relationships, but we tell ourselves
that it’s because of the busy period at
work, the long cold winter, or outside
circumstances. We blame ourselves
and other people, but months or even
years later, our life still doesn’t go well.
It’s as if it rebels on us. It steps on our
actions towards happiness, and we
rebel back by working harder, or by
doing just the opposite: giving up our
zest for life
When we realize that our life has
gone off the rails, and we try to get
back on course, we may discover that
it’s not as easy as we may have
assumed. Tasks that we used to
handle with joy and ease turn out to
have
transformed
into
insurmountable
wall
trouble
occupied by an enemy who also
hacked our vision and motivation.
And the only thing we’re clear about
is that we aren’t clear how to get out
of the damned situation.
Program
Objectives
Understand what getting stuck is really about, and gain tools that
allow you to build a strong inner foundation of selftrust and
confidence, so you can break free through obstacles and move
forward again.
Course
Outline
*At the end of each part, there will be a games
exercise to reinforce the learning.
You do the Opposite
You Cannot Choose
You Cannot Move Forward
You Have No Strength
Part One: Understanding
Four Situations of Being Stuck
Five Principles that Will Change Your Life
How You Do One Thing, You Do Everything in Your
Life.
The State of Mind You’re in Affects Everything and
Everybody, Yourself Included.
How You Treat Yourself Influences the Way You Do
What You Do, and the State of Mind You’re in
Part Two: Exploration
Principles You Must Respect
*At the end of each part, there will be a games
exercise to reinforce the learning.
Decision: Your First Step
Be a Hero and Have FAITH in Yourself
Be Willing to Take Action
Be READY to Receive the Solution Now
Part Three: Preparation
The Four Pillars of Preparation
This May Be the Cause of Your Stuckness
Mastering Giving and Receiving Is Invaluable
Receiving Is Much Scarier than Giving
Relationship, Career, Body, or Emotions Are Your
“Partners” as Well
When You Demand Appreciation, It Means You
Forgot to Give It to Yourself
Part Four: Action
Exchange in the Form of Giving and Receiving
Part Five: My Story
Again, it’s not the effort that solves a problem, it’s
another perspective. — L. van den BergSekac
TIME
09:00a.m.
10:30a.m.
12:00a.m.
2.30:00p.
ACTIVITY
Part One: Understanding
Part Two: Exploration
Part Three: Preparation
Part Four: Action
Part Five: My Story
DETAILS
The Ingredients of Life
Four Situations of Being Stuck
Games/Activity Session
Principles You Must Respect
Obstacles and Resistance
Motivation
Games/Activity Session
The Four Pillars of Preparation
When You Cannot Decide, Commit, or
Trust
Games/Activity Session
Exchange
Exchange in the form of Giving and Receiving
Games/Activity Session
Sharing Session
Activity Session",Advanced Personal Awareness And Self-Transformation Strategies,Understanding And Overcoming Stuckness Through Perspective And Action,"Breaking Through Personal Stuckness: Self-Trust, Confidence, And New Perspectives",Charting New Frontiers: Overcoming Stuckness And Building Inner Strength,Overcoming Stagnation: Building Confidence And Empowering Change,4.07,3.28,63.9,6.23,3.93
c-c5bad1d242,Leading Others.pdf,Leading Others,"Leadership Pipeline Institute ·
Purpose
Leading Others is an intensive 4day Leadership Transition Program that provides insight, tools
and practical training that enables Leaders of Others to effectively lead their team. The program
will support leaders in developing a clear picture of how they add value to the organization as a
Leader of Others and how they can free up time for the critical leadership tasks.
Target audience
The target audience for the program is Leaders of Others with a minimum of 12 individual
contributors as direct reports. When they attend the program, they need to have been in their
current Leading Others position for at least 36 months.
It is critical for the program that all participants meet these criteria as it is an essential prerequisite
for being able to base the program on the participants' own experiences rather than theoretical
cases.
Why invest in Leaders of Others
Leaders of Others are your frontline managers. They lead approximately 8090% of all employees
in the organization. This makes them a critical workforce. Leaders of Others have the single
highest daytoday impact on engagement, motivation, attitude, job satisfaction, quality and
employee retention.
Leaders of Others make the product or service happen. They oversee the actual work at every
stage of the process and are responsible for the workforce that touches the product or delivers the
services.
Content overview
Leading Others is a high impact program that is based on 100% inclusion of the participants' real
life. The program does not apply theoretical cases and is based on the participants' own day to day
challenges. The integration of the everyday life is so strong that participants often feel that
participation in the program is like being at work rather than being in a program. Learning from the
program is directly and immediately applicable when the participants return to their job.
The program provides 6 key takeaways
1. Experience the necessity of transitioning into the leadership role
•
How a Leader of Others adds value to the organization
•
How to free up time to be a leader
•
How the role as a Leader of Others is linked to other leadership roles within the
organization
2. Set direction and build purpose
•
How to set measurable and motivating objectives
•
How to prioritize tasks
•
How to tie objectives to overall business strategy
3. Empower and follow up
•
How to achieve results through others
•
How to delegate tasks and responsibilities in a motivating way
•
How to effectively follow up
4. Develop direct reports
•
How to develop a coaching leadership style
•
How to link development goals directly to business objectives
•
How to develop people on the job
5. Assess and improve performance
•
How to prepare and execute performance appraisals and checkin sessions
•
How to provide feedback in a way that creates acceptance and learning
•
How to address lack of performance and handle difficult conversations
6. Select team members and build the team
•
How to effectively select direct reports
•
How to build a high performing team and improve engagement",Advanced Leadership Of Others Skills For High-Impact Management,Advanced Leadership Transition For Managers,Practical Leadership Transition And Team Development For Frontline Managers,Leading Others: Core Skills For Frontline Managers,Effective Leadership Transition For Frontline Managers,4.09,3.16,53.22,2.61,1.31
c-c6521a5554,Transition to MS 1480_2025.pdf,Transition to MS 1480:2025,"TRANSITION TO
MS 1480:2025
Seamlessly transition your food safety management system to the new MS
1480:2025 standard by mastering key clause updates and the latest Codex
aligned CCP decision trees.
Program Overview
Food safety is of paramount concern to everyone. Knowing this, all discerning suppliers in
the food supply chain would want to provide assurance of their output. HACCP, an
acronym for Hazard Analysis and Critical Control Point is a food safety management
system that is certifiable and widely recognized in the industry. It is a powerful system,
which can be applied to a wide range of simple and complex operations and is equally
applicable to both small and large industries.
This training course is designed to provide detailed knowledge and skills to transition from
MS 1480:2019 to the new version MS 1480:2025 which is better aligned with Codex
HACCP 2023. It is suitable for members of the HACCP/Food Safety team who are well
versed with the previous version and require the know how to update their HACCP
system.
Learning Objectives
This course aims to assist certified organizations in the upgrading by providing delegates
with the following knowledge and skills:
Interpretation of the changed requirements
Establishing actions to update their HACCP/Food Safety System.
Upon completion of the training, delegates will :
Have a good understanding of the new requirements
Have the knowledge necessary to maintain the organization’s certification
Duration
One (1) FullDay Workshop
Transition to MS 1480:2025
DESCRIPTION
Module 1: The Basics of HACCP
Reasons and summary changes for MS1480 latest updates
Terminology
Module 2: Changes to the MS 1480 requirements clause 4 to 8
(continuation)
Module 3: The new CCP decision tree
Module 4: What to expect to maintain certification
Summary and End of Course
Transition to MS 1480:2025
ISO 9001, ISO 14001, ISO 45001, Food Safety Management
System Trainer
Trainer
IRCA Certificated Principal Auditor (QMS) (Membership No. 1187941)
Approved Lead Tutor for CQI & IRCA Certified ISO 9001:2015 Lead Auditor (QMS) Training Course
Approved Tutor for ISO 9001, ISO 14001, ISO 45001, FSSC 22000 and Food Safety Courses
Institute of Environmental Management & Assessment (IEMA) Certified Environmental Management
System Auditor
PSMB (HRDC) Accredited Trainer
Derrick Choong Wee Thiam
Qualifications
About the Trainer
Derrick is an engaging and inspiring trainer with more than 20 years’ experience in training who is able
to deliver tried and tested solutions to various sectors of industries for quality (ISO 9001), environment
(ISO 14001), occupational health & safety (ISO 45001) and food management system (HACCP,
ISO22000, FSSC22000) for manufacturing and services industries.
With his education in Food Science and Technology (1 class Hons) and work experiences as quality and
R&D manager in a global company and as consultant, Derrick has exposure across multicultural
practices and assisted more than 200 clients in achieving management systems certification. His clients
included major multinational organizations within the Asian region including Malaysia, Singapore,
Philippines, Hong Kong and mainland China.
His vast industry experience include manufacturing (semiconductors, electronics, packaging materials,
machinery, food, printing, ink & paint, aerospace parts, medical devices, chemicals, oleochemicals,
construction materials, vehicle parts & assembly, construction materials, paper, fabric & garment, toy),
oil & gas services, education, design & construction, warehouse and logistics services, carpark
management, patent registration, healthcare, electricity power station management, import/export &
trading, shipbuilding & repair services, town council management, hotel & food services, industrial
waste treatment, water treatment & supply and webhosting services.
Testimonials on the Trainer
—— Director of Packaging Solutions
“You are the best consultant I have ever met. ”
—— MS manager of a MNC provider of Testing",Transition To Ms 1480:2025 Food Safety Management System Upgrade,Transition To Ms 1480:2025 Food Safety Management System,Haccp Food Safety Management System Transition To Ms 1480:2025,Transitioning Food Safety Systems To Ms 1480:2025 Standard,Transitioning Your Haccp System To Ms 1480:2025 Standards,4.17,3.42,75.88,4.79,1.97
c-cc704ebdf5,Automotive Core Tools MSA.pdf,Automotive Core Tools: MSA,"AUTOMOTIVE
CORE TOOLS:
MSA
This course provides knowledge for current internal auditors and personnel
involved in the development and management of an automotive quality
management system
Program Overview
Measurement System Analysis to present guidelines for assessing the quality of a
measurement system. Although the guidelines are general enough to be used for any
measurement system, they are intended primarily for the measurement systems used in the
industrial world. This is not intended to be a compendium of analyses for all measurement
systems. Its primary focus is measurement systems where the readings can be replicated
on each part. Many of the analyses are useful with other types of measurement systems
and the manual does contain references and suggestions. It is recommended that
competent statistical resources be consulted for more complex or unusual situations.
Customer approval is recommended for measurement systems analysis methods.
Learning Objectives
By the end of the course, participants will be able to:
To understand the concepts of automotive core tools MSA
To utilize essential statistical techniques and skills in ensuring evidencebased
effective implementation to an automotive quality management system.
Duration
One (1) FullDay Workshop
Automotive Core Tools:
MSA
DESCRIPTION
• Introduction to Measurement System Analysis (AIAG MSA 4th
Edition)
• General Measurement System Guidelines
• General Concepts for Assessing Measurement System
• Recommended Practices for Replicable Measurement System
Lunch Break
• Bias, Stability, Linearity, Repeatability & Reproducibility
• Range Method
• AverageRange Method
• Workshop
• Q&A session
(Day 1)
Automotive Core Tools:
MSA",Automotive Core Tools: Measurement System Analysis (Msa) Essentials,Understanding And Implementing Automotive Core Tools Msa For Quality Management,Measurement System Analysis For Automotive Quality Management,Measurement System Analysis (Msa) For Automotive Quality Management,Measurement System Analysis For Automotive Quality Management Systems,4.08,3.17,47.37,3.03,1.26
c-ce75fb253c,Leadership Development Seeds of Trust(2D).pdf,Leadership Development: Seeds of Trust,"LEADERSHIP &
DEVELOPMENT:
SEEDS OF TRUST
(2D)
Nn Lm
‘e
Program Overview
Leadership Development: Seeds of Trust TwoDay Program is a comprehensive and
immersive leadership development experience designed to equip managers in
hightech manufacturing environments with the skills, mindset, and strategies
necessary to transition from taskfocused managers to valuesdriven leaders.
This enhanced program allows deeper exploration of key concepts, additional
interactive exercises, and ample time for reflection and practical application.
Participants will master the 7 Seeds of Trust and leave with a clear, actionable
leadership vision.
Learning Objectives
Leadership Development: Seeds of Trust(2D)
Two (2) FullDay Workshop;
By the end of the course, participants will be able to:
•Understand and internalize the 7 Seeds of Trust framework.
•Differentiate between a manager mindset and a leader mindset.
•Develop practical skills to build trust, foster resilience, and lead with integrity.
•Apply leadership principles to realworld challenges through handson activities.
•Create a detailed personal action plan and Vision Map Statement to implement the
Seeds of Trust in daily leadership practices.
Duration
Key Learnings
Participants will gain insights in the following areas:
•SelfLeadership: Leading oneself with selfawareness, accountability, and discipline.
•Building Trust: Establishing trust through clear expectations, empathy, responsibility,
and integrity.
•Resilience: Cultivating a growth mindset to navigate challenges and foster
adaptability.
•Ethical Leadership: Making valuesdriven decisions that prioritize integrity.
(Day 1)
Description
Registration & Introduction
Session 1: Setting the Stage
Welcome, Icebreaker: Manager vs. Leader Mindset Cards, Overview of 7
Seeds of Trust
Session 2: Setting Clear Expectations
Vision Mapping Exercise, Team Goal Alignment
Session 3: Taking Responsibility
• Responsibility Reflection Exercise
1 Hour 30 Minutes Session 4: Being Accountable
• Accountability Scenarios & Role Plays
1 Hour 30 Minutes Session 5: Practicing Self Discipline
• Time Management Simulation
Reflection & Group Discussion
Day 1 Key Takeaways, Group Sharing
Leadership Development: Seeds of Trust(2D)
(Day 2)
Description
Registration & Recap
1 Hour 30 Minutes Session 6: Building Resilience
Case Study Analysis, Positive SelfTalk Practice
1 Hour 30 Minutes Session 7: Cultivating Empathy
Empathy Persona Cards, RolePlays
1 Hour 30 Minutes Session 8: Demonstrating Integrity
Ethical Dilemma Discussion Circles
1 Hour 30 Minutes Session 9: Action Planning & Commitment
Develop Vision Map Statement & Leadership Plan
Peer Review & Feedback
Share Action Plans, Group Feedback
Reflection & Group Discussion
Day 2 Key Takeaways, Group Sharing
Leadership Development: Seeds of Trust(2D)",Leadership Development: Seeds Of Trust For Values-Driven Leaders,Leadership Development: Seeds Of Trust (2D) Workshop,Seeds Of Trust: Developing Values-Driven Leadership And Resilience,Leadership Development: Seeds Of Trust For High-Tech Managers,Transformational Leadership Development: Mastering The Seeds Of Trust,4.13,3.25,48.54,6.37,1.86
c-cf71924f0d,Build Professional Business Website Using Wordpress- HRDF Training.pdf,Build Professional Business Website Using WordPress,"BUILD
PROFESSIONAL
BUSINESS
WEBSITE USING
WORDPRESS
Establish a powerful digital storefront and fully control your corporate online
presence by mastering the endtoend process of deploying, customizing, and
maintaining a highperformance WordPress website.
Program Overview
Building Professional Business Website Using WordPress is an intensive, 3day handson
course tailored for business owners, webmasters, and digital marketers who want to
launch and manage a fully functional commercial site. Moving beyond basic theory, this
practical program guides you directly through the core mechanics of the WordPress
content management system—including local installation, domain configurations, backend
navigation, and template customization. Participants will actively learn to extend site
features using advanced plugins, optimize layout speed, build automated data recovery
backups, and implement robust security protocols to defend against attackers. By
completing this technical workshop, you will gain total independence over your digital
infrastructure, allowing you to maximize search engine visibility and maintain peak
website performance inhouse.
Learning Objectives
By the end of the course, participants will be able to:
Install core source files, configure standard or custom templates, and manage
backend administrative dashboards.
Integrate advanced plugins or widgets, optimize page loading speeds, and establish
secure offsite backup and recovery routines.
Deploy active firewalls against digital threats, administer user permissions, and
optimize onpage SEO parameters to boost search engine rankings.
Duration
Three (3) FullDay Workshop
Build Professional Business Website Using
WordPress
Prerequisites
Stable Internet Access (At least 10Mbps above)
Valid Email ID (either Personal/Business)
Dual monitor will have an advantage for better learning experience
Own a domain name / subdomain and web hosting account
Trainer/ Training provider can assist in preparing Domain and web hosting services
(additional cost incur)
DESCRIPTION
Module 1: Fundamental of Web Development Using WordPress
What is WordPress & Why WordPress?
Necessary Resources
Getting Start with WordPress
Navigating WordPress
WordPress Mobile
Module 2: Customizing WordPress Appearance
WordPress Themes
FREE Themes vs Commercial Themes
Installation & Setting WordPress Themes
Summary and End of Day 1
(Day 1)
Build Professional Business Website Using
WordPress
DESCRIPTION
Module 3: WordPress Essential & Advanced Plugin
What is Plugin and Why Plugin
Free Plugin vs Commercial Plugin
Installing Plugin
WordPress essential add on & advance addon feature
Module 4: WordPress Backup & Recovery
Why Backup?
Installation and configuring backup
Offsite Backup
Manual Backup
Restore and Recovery
Module 5: Improve WordPress Performance and Speed
Why is performance and speed important?
Installation and configuring CDN & Web Caching
Database & Image Optimization
Summary and End of Day 2
(Day 2)
Build Professional Business Website Using
WordPress
DESCRIPTION
Module 6: Securing WordPress Against Attacker
Why Secure WordPress?
Installation and configuring firewall
Module 7: Enhance WordPress Search Engine Visibility
Important of Onpage SEO
Installation and configuring Onpage SEO
Optimizing Onpage SEO
Module 7: Enhance WordPress Search Engine Visibility
(Continued)
Module 8: Maintaining WordPress Website
Security and Updates
Summary and End of Course
(Day 3)
Build Professional Business Website Using
WordPress",Building A Professional Business Website Using Wordpress,Build Professional Business Website Using Wordpress,Building Professional Business Websites Using Wordpress,Build Professional Business Website Using Wordpress,Building A High-Performance Business Website Using Wordpress,4.08,3.17,54.71,6.9,1.32
c-cfa2f4c531,Growth Mindset - Course Outline.pdf,Growth Mindset,"In DIGO
6)
GROWTH
MINDSET
®|
“i
©)
Reframe Challenges, Redefine Success,
Reinvent Yourself.
©
This program is thoughtfully designed to empower leaders to cultivate a
growthoriented mindset essential for navigating challenges & driving
transformative change in their organizations. It emphasizes the importance
of selfawareness as the foundation of effective leadership, equipping
participants with the tools to recognize their strengths, overcome personal
barriers & adopt a proactive approach to growth.
Through an indepth exploration of team dynamics, participants will gain
insights into the psychological drivers that motivate individuals & teams,
enabling them to foster trust, empathy & collaboration in diverse
environments. The program delves into the creation of positive, solution
focused work environments where accountability & innovation thrive,
ensuring participants are prepared to inspire & lead.
By the end of the course, participants will be able to:
Adopt a growth mindset to lead change effectively
Motivate and engage teams with empathy and emotional intelligence
Create a culture of accountability and innovation
Apply structured thinking and risk management in decisionmaking
This course is ideal for emerging and experienced leaders who aim to:
✔ Shift their mindset to embrace challenges as opportunities for growth
✔ Inspire and empower their teams to achieve high performance
✔ Foster a positive and innovative work culture
Module 1: Setting the Mind  Growth Mindset & SelfLeadership
Duration: 30 minutes
Introduction to growth mindset concepts & selfleadership principles.
Activity: ""XY  Trust Game""
Learning Outcomes:
Build selfawareness & embrace continuous growth
Develop continuous learning & relationship building skills
Think, plan & execute with excellence
Understand trust elements
Module 2: Psychology of Leaders of Change
Duration: 1 hour
Exploration of attitude's role in success, LEADITUDE & the Pyramid of Leadership &
Management.
Activity: ""The Silent Opera""
Learning Outcomes:
Understand leadership qualities for managing change effectively
Set vision & clarity of communication
Learn filtration of topdown information
Develop commitment to your role and go beyond expectations
Master humanized process flow, team empathy, and emotional awareness
Module 3: The Team Dynamics
Duration: 1 hour
Understanding motivation drivers, emotional triggers & overcoming barriers like
""NeedSuck Syndrome.""
Activity: ""Need Suck Game""
Learning Outcomes:
Identify motivators & foster team engagement
Create an empathetic workforce to sensitize to different emotional needs
Learn to watch out for emotional triggers through role play
Lunch Break
Duration: 1 hour
Module 4: Creating a Positive Environment
Duration: 1 hour
Exploring positive redirection, accountability & fostering a solutionfocused
mindset.
Activity: ""River of Life""
Learning Outcomes:
Create a positive & inclusive workplace culture
Understand the power of a motivating environment
Recognize that everyone is a leader
Module 5: Building Collaborative Solutions
Duration: 1 hour
Developing analytical thinking, decisionmaking, and teamwork skills.
Activity: ""Nuts and Bolts""
Learning Outcomes:
Enhance problemsolving and decisionmaking skills
Module 6: Creative ProblemSolving
Duration: 1.5 hours
Applying risk management principles through handson team activities to create
creative problemsolving solutions.
Activity: ""Balloon Furniture""
Learning Outcomes:
Learn to habitualize thinking from another person's perspective
Understand how others think to achieve the best outcome
Duration: 30 minutes
Recap of key learnings, Q&A, and feedback collection.
Learning Outcomes:
Reflect on key takeaways and consolidate understanding
Closing Session
“i have learned alot new things and build up my self confident to
speak up”.
Nithiyarajah, Intel Employee.
“Very interactive & fun workshop, appreciate how the trainer provided
interesting examples that is highly relatable to the work and life”.
Nelson Lim, Intel",Advanced Strategic Leadership And Growth Mindset Development,Cultivating A Growth Mindset For Transformative Leadership,"Growth Mindset Leadership: Self-Awareness, Team Dynamics, And Innovation Culture",Growth Mindset Leadership: Empowering Teams Through Self‑Awareness And Innovation,Cultivating A Growth Mindset For Effective Leadership And Team Empowerment,4.15,3.31,58.55,13.02,1.96
c-d111c5d694,World Class Maintenance Management.pdf,World Class Maintenance Management,"WORLD CLASS
MAINTENANCE
MANAGEMENT
Transform your operational ecosystem into a costeffective powerhouse by
mastering systematic technical audits, predictive diagnostics, and advanced
planning frameworks to mitigate risk and achieve zero breakdowns.
Program Overview
World Class Maintenance Management is an intensive, 2day professional
workshop designed to maximize operational efficiency and asset value through a
proactive maintenance culture. Grounded in periodic Maintenance Technical
Audits, this course serves as an indispensable organizational strategy to contain
costly exposure to operationsrelated risks while boosting your competitive edge.
Participants will dive into equipment failure patterns, lifecycle costing models, and
critical Key Performance Indicators (KPIs) like Mean Time Indicators and Overall
Equipment Effectiveness (OEE). By bridging fundamental equipment care with
advanced predictive technologies, computerized software dashboards, and failure
mode analysis toolkits, this masterclass ensures your facility remains compliant with
global standards and regulatory statutes.
Learning Objectives
By the end of the course, participants will be able to:
Benchmark OEE metrics, analyze MTBF indicators, and coordinate operatorled
standards for basic equipment cleaning and inspection.
Map critical PF intervals and leverage conditionmonitoring tools—like vibration
analysis, thermography, and tribology—to stop agerelated failures.
Manage workorder backlogs and spare parts inventory while utilizing Failure
Mode Analysis (FMA) and CMMS dashboards to audit root causes.
Duration
Two (2) FullDay Workshop
World Class Maintenance Management
DESCRIPTION
Module 1: Introduction to Maintenance
How assets can generate value for your organization
What are your assets and which ones are you going to actively manage?
Ensuring your assets support your organization’s objectives
The key asset management stakeholders and understanding their needs
The Model of Excellence for Asset Strategy
Concept of Life Cycle Costing
Why the study of Life Cycle Costing is important?
Module 2: Understanding Equipment Failures
The Truth About Machinery and Equipment
Is It Really Possible to Eliminate Breakdowns on our Equipment?
Types of Failure Patterns
Six major Equipment Losses
What are the Six Big Losses? (Develop Countermeasures for Losses)
Strategies for Zero Breakdowns
Module 3: Management of Maintenance KPI’s
Most Common Mean Time Indicators
Understanding Mean Time Between Failure (MTBF)
Understanding Mean Time to Failure (MTTF)
Overall Equipment Effectiveness (OEE)
Conducting an OEE Loss Analysis (Benchmarking of OEE)
How to improve OEE?
Benefits of Calculating OEE
What Affects the OEE Losses?
OEE is a Diagnostic Metric
Benchmarking of OEE
Module 4: Addressing Basic Equipment Condition
Importance of Going Back to the Basics
Cleaning, Proper Lubrication and Tightening of Bolts
Step 0: Getting Ready.
Step 1: Initial clean up and inspection of machines.
Step 2: Eliminating Contamination and Inaccessible Areas
Taking counter measures for sources of problems.
Step 3: Develop Standards for Cleaning, Lubrication and Inspection
Role of Operators in Establishing Basic Equipment Condition
Plan continuous improvement activities
Summary and End of Day 1
(Day 1)
World Class Maintenance Management
DESCRIPTION
Module 5: Understanding Preventive Maintenance
Types of Maintenance Strategies
Break down Maintenance
Total Productive Maintenance
Preventive Maintenance Definition and Objective
The importance of implementing a PM program
What Preventive Maintenance Activities Includes?
Feasibility of Using Preventive Maintenance for AgeRelated Failures
Limitations of Using Preventive Maintenance
Establishing schedules
Breaking a facility into logical parts
Selecting Preventive task
Module 6: Understanding Predictive Maintenance
Predictive Maintenance Defined
Start using predictive tools
Vibration analysis
Tribology
Thermographic or infrared temperature monitoring
The technical ",Advanced Strategic Maintenance Management For Operational Excellence,World Class Maintenance Management: Proactive Strategies For Operational Excellence,"World Class Maintenance Management: Predictive Diagnostics, Oee Optimization, And Zero Breakdown Strategies",Predictive Maintenance And Oee Optimization For Zero Breakdown Operations,World Class Maintenance Management For Operational Excellence,4.11,3.35,53.52,64.99,2.05
c-d1a11c7c56,SAP Crystal Report Fundamentals of Report Design.pdf,SAP Crystal Report: Fundamentals of Report Design,"SAP CRYSTAL
REPORT:
FUNDAMENTALS
OF REPORT DESIGN
Master the core mechanics of corporate data presentation by learning to
build, format, and distribute dynamic business reports from scratch.
Program Overview
SAP Crystal Report: Fundamentals of Report Design is a handson, 2day
foundational course designed for Application Consultants, Business Analysts, and
Power Users. This practical workshop equips participants with the essential skills
required to build professional Crystal Reports from the ground up. Attendees will
navigate the design environment, connect securely to data sources, and learn to
filter, sort, group, and summarize complex records. The curriculum also covers the
implementation of basic logical formulas, structural section formatting, conditional
data highlighting, and charting, culminating in the seamless distribution of reports
across the SAP platform.
Learning Objectives
By the end of the course, participants will be able to:
Master the core report creation methods, connect to data sources,
insert/format objects, and navigate the structural design environment
seamlessly.
Apply the Select Expert tool for timebased record filtering, manage multilevel
data groups, and generate precise grand totals and summaries.
Engineer basic Boolean and IfThenElse formulas, design conditional data
charts, format sections, and export completed reports to the SAP
BusinessObjects BI Platform.
Duration
Two (2) FullDay Workshop
SAP Crystal Report: Fundamentals of
Report Design
DESCRIPTION
Module 1: Report Concepts
Describing Reporting Concepts
Module 2: Report Creation
Choosing a Report Creation Method
Connecting to Data Sources
Navigating in the Design Environment
Inserting Objects in a Report
Previewing a Report
Saving a Report
Setting the Position and Size of Objects
Formatting Objects
Module 3: Record Selection
Setting Records Using Select Exper
Saving and Refreshing Data in Reports
Setting Additional Criteria
Applying TimeBased Record Selection
Module 4: Report Data Sorting, Grouping, and Summarizing
Sorting Records
Creating a Grand Total
Grouping Records
Managing Multiple Groups
Grouping on TimeBased Data
Summarizing Data
Sorting and Filtering Groups
Sorting Groups using Specified Order
Summary and End of Day 1
(Day 1)
SAP Crystal Report: Fundamentals of
Report Design
DESCRIPTION
Module 5: Graphics and Special Fields
Adding Graphical Elements
Adding Special Fields
Module 6: Section Formatting
Formatting Sections
Controlling Page Breaks
Creating Summary Reports
Module 7: Basic Formulas
Defining a Formula
Creating IfThenElse Formulas
Creating Boolean Formulas
Creating Formulas with Dates
Creating Summary Functions in Formulas
Applying String Manipulation
Module 8: Conditional Reporting
Highlighting Data in a Report
Formatting Data Conditionally
Module 9: Charts
Creating Charts Without Groups
Creating Charts Based on Existing Groups and Summaries
Customizing a Chart on a Simple Report with No Groups
Module 10: Report Distribution
Exporting a Report
Saving a Report to SAP BusinessObjects Business Intelligence
Platform
Summary and End of Course
(Day 2)
SAP Crystal Report: Fundamentals of
Report Design",Sap Crystal Report Fundamentals Of Report Design,Sap Crystal Report: Fundamentals Of Report Design,Sap Crystal Reports: Fundamentals Of Business Report Design,Fundamentals Of Sap Crystal Reports Design And Distribution,Sap Crystal Reports: Essential Skills For Dynamic Business Report Design,4.07,3.22,54.07,1.59,1.75
c-d5812fd2e3,Influence in Action Strategies for Lasting Impact Course Outline.pdf,Influence in Action: Strategies for Lasting Impact (2Days),"Walk away with a list of “quick wins” cases
you can use right away in the organization!
Influence in Action:
Strategies for
Lasting Impact
Assess you and your team’s Communication and learn how
to effectively build trust and work together.
Program Overview
Course Objectives
By the end of the programme, participants will be able to:
This course explores the science of influence and the principles behind creating
meaningful and lasting change. Participants will learn actionable strategies to
identify key behaviors, leverage multiple sources of influence, and drive
transformation in personal and professional settings. Whether addressing team
dynamics, implementing organizational change, or improving individual outcomes,
this course equips learners with practical tools to identify challenges, overcome
resistance, and inspire change at every level. By understanding and applying
these proven methods, you’ll be empowered to not only adapt to change but to
become a catalyst for it. Get ready to influence with purpose and confidence!
Identify Key Behaviors: Recognize the highleverage behaviors that drive
meaningful and lasting change.
Utilize Multiple Sources of Influence: Apply six sources of influence to
create strategies for overcoming resistance and inspiring action.
Diagnose and Address Challenges: Analyze obstacles to change and
design targeted interventions to address them effectively.
Develop Measurable Change Plans: Create actionable plans to achieve
desired outcomes using proven influence techniques.
Influence in Action: Strategies for Lasting Impact (2Days)
Methodology
Duration
Preacquisition
Who Should Attend
Short lectures
Short video clip
Demonstration of skills
Group discussions/sharing
Case studies
Role plays Activities
None
Anybody looking to improve their influencing skills
Two (2) FullDay Workshop;
Influence in Action: Strategies for Lasting Impact (2Days)
INDIGO
Influence in Action: Strategies for Lasting Impac
e Course Outline
Learning + Debrief:
® Understand the core principles of influence and how they apply to driving
change.
Overview of the six sources of influence
The science of influence and behavior change
The role of influence in personal and omanizational contexts
Introduction to the Influencer Model as a tool for change
Learning + Debrief:
® = =6Learn how to tap into pemonal motivations and develop the necessary
abilities for change.
® Understanding Personal Motivation: Aligning behavior with personal values
and desires.
Motivation Exercise: Participants identify their core values and passions, linking them
To potential changes they wish to implement.
Learning + Debrief:
® Techniques for enhancing Peronal Ability: Skillbuilding, training, and
creating the confidence to act.
* = Tools for building intrinsic motivation (e.g. finding purpose and peronal
relevance).
Ability Mapping: Conduct a skills assessment to identify areas where permonal
ability needs to be improved. Develop an action plan for skills development.
[dHour ft tumch Ss bunchisserved
Learning + Debrief:
Leverage social networks to foster a supportive environment for change.
The power of Social Motivation: How peer influence and social norms shape
behavior.
Influencing others through social networks: Peer pressure, accountability
Partners, and support groups.
Role Play: Practice influencing peers using social motivation techniques (@.., using
positive reinformement, creating social accountability).
Learning:
« O84 Session
*® Open Discussion
Debrief:
® Reflection the course content and key takeaways.
iteindigo.com
INDIGO
Influence in Action: Strategies for Lasting Impac
e Course Outline
Activity
Learning + Debrief:
« Recap of Day1
« Key takeaways
2 Hours Learning + Debrief:
® = =Building Social Ability: Creating supportive environments and access to
mentorship or collaboration.
® The role of leaders in motivating others and facilitating social networks for
change.
Social Support Mapping: Identify key individuals who can Serve as social motivato",Advanced Influence Strategies For Driving Lasting Change And Transformation.,Strategies For Lasting Impact: Influencing Change In Organizations,Applied Influence Strategies For Driving Lasting Organizational Change,Strategies For Influence And Lasting Organizational Change,Influence Strategies For Lasting Change In Organizations,4.13,3.35,60.01,3.03,1.17
c-d63435f6f8,AI Awareness A Fun & Exciting Discovery Day.pdf,AI Awareness: A Fun & Exciting Discovery Day,"eC,
GO inv
Al AWARENESS:
A FUN & EXCITING
DISCOVERY DAY
From Curiosity to Capability, Your Al Journey Starts Here
© contactus @
Program Overview
This 1/2day immersive program is designed to introduce general
participants to AI in a fun, engaging, and highly practical way. The workshop
empowers participants with handson experiences using free, easyto
access AI tools and inspires creativity, exploration, and confidence in using
AI for personal and professional tasks.
Learning Objectives
By the end of the course, participants will be able to:
Understand basic AI concepts and how AI can be applied in everyday life.
Create simple AIgenerated content such as business email, professional
profile, and related business use cases (e.g. presentation materials).
Utilize
personal
assistant
for
tasks
like
summarizing
emails/documents and creating professional replies.
Design a personalized AI Action Plan to continue their AI learning journey.
Duration 1/2 Day ()
AI Awareness: A Fun & Exciting Discovery Day
Who Should Attend
General participants, eager to explore AI in an exciting yet practical &
productive way.
Course Methodology
A combination of lectures, interactive discussions, handson exercises, real
world case studies, group projects, and Q&A sessions to maximize practical
learning.
Course Contents
AI Awareness: A Fun & Exciting Discovery Day
Duration
Contents
Welcome & Warmup :
Icebreaker: Interactive Quiz (AI Myths vs. Facts using Kahoot or
Mentimeter)
Fun group introductions
AI Experience :
Handson exploration of ChatGPT (real business use cases)
Interactive group sharing: Share their favorite AI use cases that
helps business productivity.
Morning Break
Practical Tasks, AI as Your Personal Assistant:
Email summarization
Polite & professional email creation
Create a Professional presentation within 5 minutes.
Collaborative Business Productivity Challenge (Group activity) :
Groups use ChatGPT to demonstrate how AI can help in business
productivity.
Presentation & storytelling in a Fun way.
Wrapup & Reflection :
Create your personalized “AI Action Plan” using ChatGPT
Fun and inspiring discussion: ""My AI journey starts now!""
Workshop feedback & sharing key takeaways",Artificial Intelligence Awareness For Enhanced Productivity,Ai Awareness: A Fun & Exciting Discovery Day,Ai Awareness: Hands-On Tools For Everyday Business Productivity,Ai Awareness: Fun & Practical Introduction To Chatgpt And Productivity Tools,Engaging Ai Awareness For Everyday Applications,3.79,3.17,59.14,3.55,1.85
c-db493e8b5a,Artificial Intelligence For Human Resources Course Outline.pdf,Artificial Intelligence for Human Resources,"Walk away with practical “quick wins” to apply AIdriven
insights and automation for a more efficient and datadriven
HR approach immediately.
ARTIFICIAL
INTELLIGENCE
FOR HUMAN
RESOURCES
Enhance your HR strategies and master the art of leveraging artificial
intelligence to streamline talent management, recruitment, and
employee engagement.
Synopsis
In today’s fastpaced world, Artificial Intelligence (AI) is revolutionizing every
industry, and human resources (HR) is no exception. This training, AI for Human
Resources, is designed to equip HR professionals with the knowledge and tools to
leverage AI in optimizing their practices and driving business success. From talent
acquisition to employee engagement, AI offers innovative solutions that enhance
decisionmaking, streamline processes, and improve employee experiences
Artificial Intelligence For Human Resources
Learning Objectives
By the end of the course, participants will be able to:
Understand the Role of AI in HR
Learn to Implement AI Tools
Address Ethical and Bias Concerns
Develop Actionable Strategies
Who Should Attend
Anyone from Human Resources sector or anyone looking to learn about AI.
Duration
2day Full Workshop.
Methodology
Materials Needed for Both Days:
Laptops or tablets for each participant.
Access to ChatGPT and related tools.
Sample documents: resumes, job descriptions, performance data.
Printed guides on basic and advanced prompting strategies.
Artificial Intelligence For Human Resources
Duration
Details
1.5  Hours
Welcome and Introduction
·Objective: Set the context for the workshop and outline the
activities for both days.
·Content:
o Overview of AI in HR: Current trends and benefits.
o Introduction to ChatGPT and its potential applications in HR.
o Discuss the workshop’s objectives, expected outcomes, and
participant engagement.
Session 1: Basic Prompting Strategies
• Objective: Teach participants how to interact effectively with
ChatGPT.
• Content:
o Introduction to prompting: What is a prompt?
o Best practices for creating clear and concise prompts.
o Basic prompt structures: Direct questions, context before the
question, stepbystep instructions.
o Exercises:
 Crafting simple prompts to extract information.
 Practice scenarios: Drafting an HR policy response, basic employee
queries.
Session 2: Automating Routine HR Tasks
·Objective: Utilize ChatGPT to streamline repetitive HR tasks.
·Content:
o Manual resume screening with AI.
o Drafting emails for interview scheduling.
o Handling repetitive employee inquiries efficiently.
o Exercises:
Using ChatGPT to screen resumes based on job descriptions.
Drafting followup emails postinterview.
Lunch Break
Course Outline & Schedule  (Day 1)
Artificial Intelligence For Human Resources
Duration
Details
Session 3: Enhancing Employee Experience
• Objective: Leverage ChatGPT for personalized employee support
and resources.
• Content:
o Building a responsive knowledge base with AI.
o Personalizing responses to employee queries.
o Creating learning and development plans with AI support.
o Exercises:
 Simulating personalized employee queries and responses.
 Developing tailored development plans based on hypothetical
employee roles and goals.
0.5 Hours
WrapUp and Q&A
·Objective: Consolidate the day’s learning and prepare for advanced
applications.
·Content:
o Recap of key concepts and techniques learned.
o Interactive Q&A session to address any clarifications.
o Preview of Day 2: Advancing into complex AI applications in HR.
Course Outline & Schedule  (Day 1)
Artificial Intelligence For Human Resources
Duration
Details
Session 4: Advanced Prompting Skills
Objective: Deepen understanding of crafting complex prompts
for sophisticated tasks.
Content:
Advanced prompt structures for detailed tasks.
Chaining prompts for multistep processes.
Utilizing ChatGPT for generating strategic insights.
Exercises:
Creating complex prompts to analyze employee turnover
data.
Using AI to suggest improvements based on performance
reviews.
Sess",Artificial Intelligence For Enhanced Hr Strategies And Decision Making,Artificial Intelligence For Human Resources: Strategies And Applications,Artificial Intelligence For Human Resources: Ai-Driven Talent Management And Automation,Ai-Powered Hr: From Prompting Basics To Data-Driven Decision Making,Mastering Ai Integration In Human Resources For Enhanced Talent Management,4.14,3.34,61.19,5.6,1.92
c-e037e5c458,Leadership Gold course outline.pdf,Leadership Gold,"G6 inv
LEADERSHIP
Leadership That Endures, Lessons That Empower.
wa contactus @
Program Overview
Participants are about to embark on a personal growth journey based upon the
content in John Maxwell’s Leadership Gold. A commemoration of his leadership
experience by the age of 60, this program features the hardestwon leadership
lessons of John’s life into a book and program that could be used to mentor
leaders. A highly personal yet relatable work, participants will gain insights into
the thought processes of John Maxwell and learn from his nuggets of wisdom,
acquired through years of real experience, success and failures.
Leadership Gold
Learning Outcomes
Apply the personal lessons from one of the world’s most successful leaders to
their own journeys.
Strengthen their leadership foundation.
Apply the principles learnt to mentor and develop their leadership pipeline.
Increase their appreciation of and ability to nurture the people they lead.
Bring their own leadership to the next level and start building a legacy.
Know what to act on, what to change, and what to transfer to others.
Who Should Attend
Aspiring, emerging and experienced leaders.
Methodology
Experiential and interactive learning approach featuring conversational lectures,
coaching conversations, discussions, role plays, games, workshops.
Duration
2day Workshop.
Leadership Gold (Day 1)
Time
Contents
Welcome and Introduction
Lesson 1: If It’s Lonely at the Top, You’re Not Doing Something Right
Lesson 2: The Toughest Person to Lead Is Always Yourself
Lesson 3: Defining Moments Define Your Leadership
Lesson 4: When You Get Kicked in the Rear, You Know You’re Out in
Front
Break
Lesson 5: Never Work A Day In Your Life
Lesson 6: The Best Leaders Are Listeners.
Lesson 7: Get in the Zone and Stay There
Lesson 8: A Leader’s First Responsibility Is to Define Reality
Lunch Break
Lesson 9: To See How the Leader Is Doing, Look at the People
Lesson 10: Don’t Send Your Ducks to Eagle School
Picking Potential Leaders
Lesson 11: Keep Your Mind on the Main Thing
Lesson 12: Your Biggest Mistake Is Not Asking What Mistake You’re
Making
Break
Lesson 13: Don’t Manage Your Time—Manage Your Life
Lesson 14: Keep Learning to Keep Leading
Lesson 15: Leaders Distinguish Themselves During Tough Times
Lesson 16: People Quit People, Not Companies
Leadership Gold (Day 2)
Time
Contents
Welcome and Introduction
Lesson 17: Experience Is Not the Best Teacher
Lesson 18: The Secret to a Good Meeting Is the Meeting Before the
Meeting
Lesson 19: Be a Connector, Not Just a Climber
Lesson 20: The Choices You Make, Make You
Break
Lesson 21: Influence Should Be Loaned but Never Given
Lesson 22: For Everything You Gain, You Give Up Something
Lunch Break
Lesson 23: Those Who Start the Journey With You Seldom Finish with
You
Lesson 24: Few Leaders Are Successful Unless a Lot of People Want
Them to Be
Lesson 25: You Only Get Answers to the Questions You Ask
Break
Lesson 26: People Will Summarize Your Life in One Sentence—Pick It
Now
Leaving a Legitimate Leadership Legacy",Leadership Gold: Empowering Aspiring Leaders Through Timeless Wisdom,Leadership Gold: Lessons For Enduring Leadership Success,Leadership Gold: Enduring Lessons For Mentoring Talent And Building Leadership Legacy,Applying Leadership Gold Lessons To Build Enduring Leadership,Enduring Leadership: Lessons From John Maxwell's Leadership Gold,4.08,3.25,62.27,3.95,2.29
c-e1cb1bb0da,Be an Ideal Player of Your Team – Powered by LEGO SERIOUS PLAY Method.pdf,Be an Ideal Player of Your Team – Powered by LEGO® SERIOUS PLAY® Method,"BE AN IDEAL PLAYER
OF YOUR TEAM –
POWERED BY LEGO®
SERIOUS PLAY®
METHOD
Activate individual accountability and forge an aligned, highperforming
culture by leveraging the interactive power of the LEGO® SERIOUS PLAY®
methodology to unlock your team's full potential.
Program Overview
In today's collaborative business landscape, a company's success relies entirely on the
strength and synergy of its workforce. Be an Ideal Player of Your Team is an immersive, 2
day workshop that leverages the LEGO® SERIOUS PLAY® (LSP) method to drive deep
selfawareness, alignment, and individual accountability. Moving past traditional lectures,
this experiential program uses 3D metaphorical modeling and Johari Window frameworks
to help participants uncover blind spots, articulate their unique organizational value, and
map out concrete teamdriven solutions. Ultimately, teams will cocreate a unified vision
and actionable roadmap to cultivate the traits of an ideal team player.
Learning Objectives
By the end of the course, participants will be able to:
Understand and articulate their role and value within a team
Identify blind spots and hidden potential using the Johari Window
Build a shared vision of an ideal team and ideal player
Apply LSP models to cocreate action pathways
Commit to concrete, visualized actions that align with team success
Duration
Two (2) FullDay Workshop
Be an Ideal Player of Your Team – Powered by
LEGO® SERIOUS PLAY® Method
DESCRIPTION
Introduction & Icebreaking
LSP warmup builds (Tower, Modified Models, Nightmare at Work)
Set learning intention
Module 1: Identity & Team Awareness
Purpose: To help each participant explore and express who they are in
the team — both as they see themselves and how they believe others
see them. This sets the stage for deep reflection, honest sharing, and
the building of trust.
Outcome: Participants gain clarity on their role, strengths, and areas
for growth within the team.
Submodule 1: Who Am I in My Team?
Submodule 2: How Do Others See Me?
Merge to form Integrated SelfIdentity Model
Module 2: Real Team Dynamics
Purpose: To visualize and analyze the current team system. Using the
Johari Window as a metaphorical framework, the team explores known
and unknown behaviors, blind spots, and hidden strengths.
Outcome: A visual system map of team dynamics that surfaces key
relationship patterns, energy flows, and pain points.
Submodule 1: Team Landscape & System Map
Submodule 2: Johari Window quadrant builds + connections
Summary and End of Day 1
(Day 1)
Be an Ideal Player of Your Team – Powered by
LEGO® SERIOUS PLAY® Method
DESCRIPTION
Recap of Day 1
Module 3: Ideal Team & Player Visioning
Purpose: To shift from current reality into aspiration. Participants
define what being an “ideal player” looks like and cocreate a shared
model of an ideal team. External agents (e.g., customers, leadership)
are also introduced.
Outcome: Alignment on what the team wants to become and who
they need to be to support that vision.
Submodule 1: Ideal Player (Individual)
Submodule 2: Ideal Team (Shared Model)
Add external agents and future elements
Module 4: Scenario Response & System Resilience
Purpose: To challenge the ideal vision with realistic or stretch
scenarios. The team simulates how they would respond to change,
stress, or opportunity — adjusting their team system and roles
dynamically.
Outcome: Insight into resilience, adaptability, and the nonnegotiables
of team excellence.
Submodule 1: System stresstest (Challenge, Opportunity, Change)
Submodule 2: Visual reconfiguration & role evolution
Module 5: Pathway & Commitment
Purpose: To convert insights into action. Participants cocreate a visual
pathway from current to future state, map obstacles/support, and
commit to one meaningful action within 30 days.
Outcome: Tangible visual plans (photos captured during the activity
builds) and commitments that can be revisited and tracked beyond the
workshop.
Submodule 1: Actionable Roadmap (from current to future state)
Submod",Unlocking Individual Accountability And Team Excellence Through Lego Serious Play Method,Be An Ideal Player Of Your Team – Powered By Lego® Serious Play® Method,Forging Aligned High-Performing Teams Through Lego Serious Play Method,Building Ideal Team Players With Lego Serious Play Methodology,Unlocking Team Potential Through Lego® Serious Play® Methodology,4.18,3.38,59.55,7.39,1.66
c-e99b19e372,Generative AI for Finance Course Outline.pdf,Generative AI for Finance,"G6 invicc 4a
GENERATIVE (en
We've trained a model called
ChatGPT which interacts ina
conversational way. The dialogue
format makes it possible for
ChatGPT to answer followup
questions, admit its mistakes,
challenge incorrect premises, and
reject inappropriate requests.
Ty ___» | Readabout ChatGPT
‘hatGPT Plus
FINANCE
Nn \f
Walk away with practical 'qui ins’ i i
quick wins' to effectively improve
assembly & product engineers and enhance productivity
immediately.
g  100% HRDF Claimabl
() aimabie
G invico
Generative Al For Finacne
Program Overview
This twoday intensive program is designed for finance professionals aiming
to harness Generative Al (Gen Al) tools like ChatGPT or Gemini for real
world applications. Participants will explore the capabilities and limitations
of Al, cratt effective prompts, and apply Al to enhance financial analysis,
professional communication, and operational efficiency.
Through live demonstrations and handson group activities, learners will build
prompt libraries, draft SOPs, and even design custom Al agents tailored to
financespecific tasks.
By the end of this workshop, participants will be confident in integrating Al
into core financial functions such as reconciliation, M&A, and compliance—
boosting productivity while ensuring datadriven decisions.. {
Learning Objectives Re
By the end of the course, participants will be able to:
1.Understand the foundational principles and practical uses of Generative Al
in finance. }
2.Craft effective Al prompts for diverse financial and:communication tasks.
3.Automate standard operating procedures and professional emails using Al.
4.Analyze financial data, identity inefficiencies, and extract insights with Al
tools.
5.Build prompt libraries and custom Al agents tailored to specific finance
functions.
e Duration Two(2) FullDay Workshop;
CS SS. Se
G invico
Generative Al For Finacne
(Day 1)
DAY /TIME
30 Minutes Introduction
Module 1: Understanding Al and Generative Models
1 Hour  Overview of Al and its impact on industries.
e What are generative models? (Focus on GPT)
30 Minutes a ,
Hallucination and Reasoning
Capabilities and limitations of Al
Module 2: Prompting Al for Success
1 Hour e Ditferences between oneliner prompts and structured
ts.
30 Minutes ae 7 . ig:
Techniques for crafting effective prompts for specific tasks.
e Examples and exercises for handson learning
1 Hour Lunch
Module 3: Professional Communication & SOP with Al
e Using Al to create and refine SOPs
1 Hour e Setting tone, emotion, and professional voice in
30 Minutes communication
Policy framing and compliance writing
e Practical exercises: drafting SOPs and various business emails
Module 4: Data Insight & Financial Analysis with Al
1 Hour e Al Powered Data analysis and its limitation
e * Reading and interpreting financial reports
30 Minutes a.
e + Finding red flags: cost leaks, performance gaps
e Exercise: Analyze sample company financials
30 Minutes Summary & Wrap Up
&
G invico
Generative Al For Finacne
(Day 2)
30 Minutes Introduction
Module 5: Integrating Al in Key Finance Functions
Applying Al to:
1.Balance Sheet Reconciliation
2.|Intercompany Transactions & Journal Entries
3.M&A and Due Diligence
4. Statutory Filing & Local Compliance
Group activity: Build prompt libraries for selected finance
functions
1 Hour Lunch
Module 6: Designing Custom Al Agents
e What are custom Al agents/Gemini GEMs and their value
3 Hours e Framework for creating a custom bot for finance tasks
e Live demo: setting up a taskspecific Al agent
Group activity: design a functional Al bot/GEM for a chosen
finance task
30 Minutes Summary & Wrap Up
(
If WIGsO",Generative Ai For Finance Professionals,Generative Ai For Finance: Practical Applications And Automation,"Generative Ai For Finance: Prompt Engineering, Data Analysis & Custom Agent Design",Generative Ai For Finance,Generative Ai Applications For Finance Professionals,4.1,3.26,51.07,1.55,1.82
c-e9cb76e3c2,EQ Converse to Connect Intelligently.pdf,EQ: Converse to Connect Intelligently,"EQ: CONVERSE TO
CONNECT
INTELLIGENTLY
Walk away with practical 'quick wins' to effectively improve your
communication skills and enhance productivity immediately.
Program Overview
In many workplaces today, the biggest problems are not technical — they are
communication problems.
People misunderstand each other.
Messages are interpreted differently.
Feedback is avoided.
Difficult conversations turn into tension or silence.
Even capable professionals often struggle to express themselves clearly, listen deeply,
and handle emotional conversations well.
This is where Emotional Intelligence (EQ) in communication becomes critical.
EQ: Converse to Connect Intelligently is a practical and highly interactive program
designed to help participants develop Communication Intelligence — the ability to
communicate with awareness, empathy, and confidence.
Learning Objectives
By the end of the course, participants will be able to learn about:
• Understand their own communication patterns
• Adapt to different personalities and communication styles
• Build trust and psychological safety in conversations
• Listen deeply and ask meaningful questions
• Handle feedback and difficult conversations constructively
EQ: Converse to Connect Intelligently
Duration One(1) FullDay Workshop;
Topic
Opening & Context Setting
• Welcome, objectives and outcome
• Emotional intelligence and communication skill
Activity: Why smart people still struggle with conversations?
Module 1: Communication Intelligence  Why logic alone does not
drive conversations
• Human emotions behind miscommunication and conflict
• Recognising emotional triggers in communication
• Managing emotional responses in conversations: Pause before
reacting
Activity: How EQ Are You? EQ selfawareness reflection
Module 2: Communication Flexibility  Knowing Self & Others
• Discover your social styles and preferences
• Impact of communication styles on relationships
• Adapting your approach for better connection
Activity: Communication style Elevator Pitch
Module 3: Trust, Rapport & Psychological Safety
• The psychology behind trust: Behaviours that build or break trust
• Rapport Building with Mirror & Matching
• Creating safe conversations in teams
Activity: Rapid rapport practice
Module 4: Communicating with Emotional Presence
• Aligning presence with nonverbal communication (body, voice and
posture)
• Emotional connector with 4C (calm, clear, comfort and credible)
• Building confidence and managing nervousness in conversations
Activity: Emotional Presence Playbook Building
WrapUp & Reflection
• Reflect on key insights from the day
• Identify one microbehaviour shift to carry forward
Activity: Reflection Card + Group Sharing
Summary & Wrap Up
(Day 1)
EQ: Converse to Connect Intelligently",Advanced Communication Intelligence For Effective Connections,Emotional Intelligence: Converse To Connect Intelligently,"Emotional Intelligence For Professional Communication, Trust, And Difficult Conversations",Communication Intelligence: Enhancing Emotional Intelligence For Better Conversations,Emotional Intelligence For Effective Communication And Connection,4.03,3.2,52.85,3.65,1.91
c-eb88a860d6,The Leadership Challenge Workshop Course Outline.pdf,The Leadership Challenge Workshop,"© INDIGO
THE LEADERSHI
CHALLENGE
WORKSHOP
Walk away with practical “quick wins” to implement NLP
techniques and drive impactful results immediately.
G invico
The Leadership Challenge Worksh
Program Overview
The Leadership Challenge Workshop is a leadership development program
based on the book The Leadership Challenge by Barry Posner and Jim
Kouzes. The workshop is designed to help participants improve their
leadership skills and effectiveness through a variety of methods including
The Five Practices of Exemplary Leadership, The Leadership Practices
Inventory (LPI), Experiential exercises and Personal development plans.
Learning Objectives
By the end of the course, participants will be able to:
e Understand and able to share concept of the 5 leadership practices
Identify learner's leadership strengths and weaknesses
Clarify and communicate learner's fundamental values and beliefs.
Identify action plans post workshop for continuous improvement
Duration two (2) FullDay Workshop;
cia
G invpico
The Leadership Challenge Worksh
e  (Day 1)
30 Minutes Introduction
7 Module 1: Orienteering
our
e Personal Best  Table discussion and interactive discussion
Module 2: Introduction to 5 leadership practices
out e Slide Presentation on LPI and how to apply it
Module 3: LPI (Leadership Practices Inventory) introduction
1 Hour  Pair discussion or Table discussion to identify 2 areas of
improvement
1 Hour Lunch
Module 4: Model The Way
2 Hours e Powerpoint Presentation : Characteristic of Admired Leader:
e Value exercise
> Hours Module 5: Inspire a shared vision
Breakout discussion (Area of improvement)
30 Minutes Recap and Discussion
(ey
CC SS ES See
G invpico
The Leadership Challenge
(Day 2)
30 Minutes Introduction
Module 6: Challenge the process
2 Hours e Breakout discussion (Post video learning & Area of
improvement) Paper tower activity
Module 7: Enable Others to act
1 Hour 30 Minutes  Table discussion (Powerful times) Post video learning Group
discussion
1 Hour Lunch
Module 8: Encourage the heart
e Breakout discussion
2 Hours a: .
e Recognition exercise
e Post Video learning
Module 9: Committing
2 Hour  Self Reflection
Group Sharing
30 Minutes Recap and Discussion
(ey",Advanced Leadership Development For Exemplary Practice,Leadership Challenge Workshop: Applying The Five Practices Of Exemplary Leadership,Mastering The Five Practices Of Exemplary Leadership,The Leadership Challenge Workshop: Mastering The Five Practices Of Exemplary Leadership,Leadership Effectiveness Through The Five Practices Of Exemplary Leadership,4.1,3.23,54,4.61,2.84
c-eb94a278e4,Software development Improvement Concepts & Practices Course Outline.pdf,Software Development Improvement Concepts & Practices,"SOFTWARE DEVELOPMENT
IMPROVEMENT CONCEPTS &
PRACTICES
Walk away with a list of key “quick wins” cases
you can start right away in the organization!
Program Overview
The ""Software Development Improvement Concepts & Practices"" workshop
provides developers with essential skills to enhance software development
processes. This workshop covers the Software Development Life Cycle
(SDLC) phases, from planning to deployment, offering best practices for
each stage to ensure quality and efficiency. Participants will also learn
structured problemsolving techniques to effectively approach complex
issues and improve team outcomes. Additionally, the workshop introduces
SCRUM principles and practices, including sprint planning, daily standups,
and retrospective meetings, to foster agile teamwork. Through handson
exercises, discussions, and practical examples, attendees will gain
actionable strategies to streamline development and drive continuous
improvement.
Learning Objectives
By the end of the course, participants will be able to:
Introduction of Software development concept & Methodologies
Acknowledgement of Challenges & Problem
Mindset
Opportunity to Evolve
Bring your own use case studies
Software Development Improvement Concepts & Practices
Duration
One (1) FullDay Workshop;
Anyone looking to improve themselves
Who Should Attend
In DIGsO
Software Development Improvement Concepts
« Course Outline
DAY |
Time Details Activity
30 Minutes Short Introduction by | Leaming + Debrief:
Trainer # Refresh Leamings of Day1
® Key takeaways
1 Hour 30 Minutes | Module 1: Software Leaming + Debrief:
Development Life * = Typical SW Development Life Cycle
Cycle(SDLG ® Waterfall vs Sccumin SW Development
@ Acknowledgement
® Challenges or Problem (classroom exercise)
Values:
* Decisionmaking model in a critical time
* Planning & Strategic thinking
2 Hours Module 2: Understand | Leaming + Debrief:
the Challenge ® Presenting your outcome
* Whatmakes up the “REQUIREMENT”?
® How does it work?
Knowledge is notequal understanding
Values:
*® setwsion & dartyof communicate
*# filtration of topdown information
1 Hour Lunch Lunch is served
1 Hour 30 Minutes | Module 3: Healthy Leaming + Debrief:
Growth Mindset # Growth Mindset
® = Shifting Leit& Shifting Right
® Business Domain Knowledge
® Order to Fulfillment Workflow
Values:
® = Leam to embrace change and develop a healthy mindset
# Know the workflow and knowledge
2 Hours Module 4: SCRUM Leaming + Debrief:
Techni ques e = =Business ‘USER’ Requirement
® User Story Writing (SCRUM)
* Managing the Scope
Values:
* Always know the requirements and challenges
« Take different views and opinions
® = =Leam to create constmuctve conversation
30 Minutes Module 5: Case Study | Leaming:
* Case Study
* = Practical Applications
* Brainstorm and discussion
Debrief:
* = Reflecton the course content and key takeaways.
(ei",Software Development Improvement Concepts & Practices,Software Development Improvement Concepts & Practices Workshop,"Software Development Improvement: Sdlc, Scrum & Agile Problem-Solving",Software Development Improvement Concepts & Practices,Software Development Improvement Concepts And Agile Practices,4.05,3.2,50.56,4.91,1.06
c-eb99910b3e,Gurney Mall Hunt Course Outline.pdf,Gurney Mall Hunt,"GURNEY MALL
HUNT
Transform your team into a unified, highperforming force by mastering the
arts of compassionate communication, precise time management, and
collective problemsolving in a fastpaced environment.
Program Overview
In today’s collaborative corporate landscape, building a cohesive team is the
linchpin of organizational success. Gurney Mall Hunt is an immersive, 1day
experiential workshop designed to empower professionals with the tools needed to
create a lasting culture of synergy and achievement. Moving through interactive
indoor mall hunting checkpoints and strategic hotelbased simulations, participants
will journey through selfdiscovery and collective problemsolving. Teams will learn
to navigate pressure situations, step completely outside their comfort zones, and
master highlevel focus. Ultimately, this program strengthens mutual trust and builds
professional bonds that extend far beyond the workplace.
Learning Objectives
By the end of the course, participants will be able to:
Master the ability to listen, process collective feedback, read body language,
and express strategic ideas effectively to achieve unified group goals.
Navigate fastpaced team challenges to manage limited time successfully,
coordinate rapid group efforts, and accomplish complex operational tasks
under pressure.
Step outside your personal comfort zone to master new skills, practice deep
patience, and apply creative thinking to overcome unfamiliar team barriers.
Duration
One (1) FullDay Workshop
Gurney Mall Hunt
DESCRIPTION
Module 1: Share a Gift with a Family
A bonding time with the family, sharing a gift with them
Fostering consideration and compassion, and thinking of others
Module 2: Search for a Brand Model
Hunt for shops utilizing creative thinking
Building team cooperation, and working together to achieve a goal
Module 3: Hunt an Item from a Book
Complete a 12word sentence using only the names of retail shops
Focusing on core communication skills with your team
Module 4: Photobooth
Learn how to work speedily with others, manage your time effectively,
and accomplish tasks under constraints.
Module 5: Master a Game
Step completely out of your comfort zone, try to master a brandnew
skill
Practice patience, and learn to never give up.
Module 6: Mind over Matter
Developing the capacity to focus your full, undivided attention on a
given task and learning to lead others by example.
Module 7: SembangSembang
Learn to read the body language of your team and others
Practice listening and talking to your teammates effectively
Module 8: International Silat (Indoor/Outdoor)
Learn to fully communicate and cooperate in order to achieve a major
goal together, substantially improving team bonding.
Summary and End of Course
Gurney Mall Hunt
** All activities are held indoor unless specified",Mastering High-Performance Teams Through Compassionate Communication And Strategic Problem Solving,Transformative Team Building Through Fast-Paced Challenges,"Experiential Team Building: Communication, Time Management, And Collaborative Problem-Solving","Mastering Compassionate Communication, Time Management, And Team Problem Solving",Transformative Team Building Through Compassionate Communication And Problem-Solving Skills,6.15,3.26,57.41,8.17,1.16
c-ed5459d6b1,Creative Thinking & Problem Solving.pdf,Creative Thinking & Problem Solving,"GQ invico,
CREATIVE
THINKING &
PROBLEM
SOLVING
Explore widely. Decide deeply. Create practical impact.
©
Program Overview
In today’s fastchanging engineering environment, technical expertise alone is no longer
sufficient. Engineers are increasingly expected to analyse complex problems, challenge
assumptions, collaborate across functions, and develop practical, innovative solutions
under tight timelines.
This highly interactive programme equips participants with structured creative thinking
and problemsolving approaches that can be applied to real workplace challenges.
Through practical activities, engineering case studies, collaborative exercises, AIassisted
ideation, and a handson team challenge, participants will strengthen their ability to think
critically, solve problems systematically, and communicate solution recommendations with
confidence.
Learning Objectives
By the end of the course, participants will be able to:
Apply structured creative thinking techniques to engineering and workplace
challenges.
Define problems clearly before developing solutions.
Analyse problems using practical problemsolving frameworks.
Generate innovative yet practical ideas using multiple thinking approaches.
Evaluate and validate solution options based on feasibility, risk, and impact.
Collaborate effectively to solve complex technical and operational challenges.
Use AI as a thinking partner to enhance ideation, analysis, and decisionmaking.
Develop and present a practical solution through a guided team challenge.
Duration
One (1) FullDay Workshop
Creative Thinking & Problem Solving
DESCRIPTION
Module 1: Building a Creative ProblemSolving Mindset
Why creativity matters in engineering and innovation
Understanding creative versus analytical thinking
Overcoming common thinking barriers and assumptions
Developing a growth mindset for continuous improvement
Activity: Creative Engineering Icebreaker Challenge
Module 2: Defining the Right Problem
Understanding symptoms versus root causes
Problem framing techniques
Root Cause Analysis (5 Whys and Fishbone)
First Principles Thinking
Double Diamond approach to problem exploration
Activity: Engineering Problem Investigation Workshop
Module 3: Generating Better Solutions
Divergent and convergent thinking
SCAMPER technique
Assumption Busting
Morphological Analysis
MultiPerspective Thinking for balanced decisionmaking
Activity: Engineering Idea Sprint
Module 4: Designing Practical Solutions
Introduction to Design Thinking
Understanding user and stakeholder needs
Rapid ideation techniques
Developing practical solution concepts
Prototyping and validation planning
Activity: Team Design Challenge
Creative Thinking & Problem Solving
DESCRIPTION
Module 5: Evaluating and Validating Ideas
Systems Thinking
Decision Matrix
Risk versus Impact analysis
Feasibility assessment
Continuous improvement mindset
Activity: Solution Evaluation Exercise
Module 6: AI for Creative Thinking & Problem Solving
Using AI to support brainstorming and idea generation
Analyzing technical information with AI
Creating structured solution options
Developing implementation plans
Writing effective prompts for engineering tasks
Handson Practice: Participants apply AI tools to solve realistic
workplace scenarios
Module 7: Team Innovation Challenge
Working in teams, participants identify a workplace challenge,
apply the thinking frameworks learned throughout the
programme, develop a practical solution, validate their
approach, and present their recommendations.
Summary and End of Course
(Continued)
Creative Thinking & Problem Solving",Creative Thinking & Problem Solving For Engineering Excellence,Creative Thinking & Problem Solving For Engineers,Creative Thinking And Problem Solving For Engineering Professionals,Creative Thinking And Problem Solving For Engineers,Creative Thinking And Problem Solving For Engineers,3.86,3.2,44.83,1.84,2.29
c-ee3eb10105,Cost Productivity Improvement.pdf,Cost Productivity Improvement,"G invico
COST
PRODUCTIVITY
IMPROVEMENT
Drive measurable savings through structured analysis and disciplined
execution
CLAIMABLE
= UL
One na
©
Program Overview
Organizations today operate in an increasingly competitive environment where
profitability depends not only on revenue growth but also on the ability to
continuously improve productivity while effectively managing costs. Cost
Productivity Improvement is a structured approach that focuses on maximizing
value, optimizing resources, eliminating waste, improving operational efficiency,
and creating sustainable savings across all business functions.
This program provides participants with practical methodologies, analytical tools,
and implementation techniques to identify cost drivers, uncover improvement
opportunities, quantify financial benefits, establish performance measures, and
sustain productivity improvements through effective execution and governance.
Through practical examples, case studies, and structured exercises, participants will
gain the knowledge and skills necessary to drive measurable cost productivity
improvements within their organizations.
Learning Objectives
By the end of the course, participants will be able to:
Understand the principles, concepts, and methodologies of cost productivity
improvement.
Analyze cost structures and identify key cost drivers within business operations.
Apply structured techniques to identify and quantify cost reduction
opportunities.
Develop cost productivity initiatives across different business functions.
Design meaningful KPIs and dashboards to monitor productivity and savings.
Implement costsaving initiatives through effective planning and change
management.
Establish governance mechanisms to sustain productivity improvements and
continuous cost optimization.
Duration
One (1) FullDay Workshop
Cost Productivity Improvement
(Day 1)
DESCRIPTION
Module 1: Cost Productivity Methodologies
Introduction
This module introduces the fundamental concepts, principles, and methodologies used to
improve cost productivity. Participants will learn structured approaches for increasing
efficiency, eliminating waste, and maximizing value from organizational resources.
Objective
Understand and apply key cost productivity methodologies to improve operational
efficiency and business performance.
Module Contents
1.Understanding Cost Productivity Fundamentals
2.Cost Reduction, Cost Optimization and Cost Transformation
3.Lean Thinking and Continuous Improvement Principles
4.Productivity Improvement Frameworks and Tools
5.Developing a Cost Productivity Roadmap
Classroom Exercise (Theory)
Participants review a business case involving rising operational costs and declining
productivity.
Working in groups, they identify productivity challenges, recommend suitable
methodologies, and develop a highlevel roadmap outlining improvement initiatives and
expected business benefits.
Module 2: Deep Cost Driver Analysis
Introduction
This module focuses on understanding how costs are generated and controlled within an
organization. Participants will learn techniques for identifying major cost drivers and
analyzing factors that contribute to cost escalation.
Objective
Identify and analyze key cost drivers to support effective cost management and
productivity improvement initiatives.
Module Contents
1.Understanding Cost Structures and Cost Behavior
2.Identifying Key Cost Drivers
3.ActivityBased Costing (ABC) Concepts
4.Process and Value Stream Cost Analysis
5.Root Cause Analysis Techniques
Classroom Exercise (Theory)
Participants analyze a departmental cost report to identify major cost drivers.
Using root cause analysis techniques, they determine factors contributing to increased
costs and recommend practical actions to improve cost efficiency and control.
Cost Productivity Improvement
(Day 1 Cont)
DESCRIPTION
Module 3: Identifying and Quantifying Cost Reduction Opportunities
Introduction
This module provides participants with practical approaches for identifying",Cost Productivity Improvement For Business Excellence,Cost Productivity Improvement For Sustainable Savings,"Cost Productivity Improvement: Analysis, Kpi Design, And Sustainable Savings",Cost Productivity Improvement: Strategies For Cost Reduction And Operational Efficiency,Cost Productivity Improvement Strategies For Operational Excellence,4.13,3.34,53.23,2.33,0.8
c-ef922bdbba,Powerful Habits ATV Course Outline.pdf,Powerful Habits,"Walk away with practical “quick wins” to
develop powerful habits that boost
productivity and personal effectiveness
immediately.
POWERFUL
HABITS
Master the Art of Cultivating Powerful Habits to Achieve
Exceptional ResultsandLead withImpact.
Duration
One(`1 ) FullDays Workshop;
Course Objectives
Program Overview
""Powerful Habits"" equips participants with practical strategies for personal and
professional growth. This immersive course combines selfawareness, relationship
building skills, and strategies for consistent action, supported by experiential
activities. This course is designed to immerse you in Powerful habits that drive
personal and professional growth. Through experiential learning and keen
observation, you’ll gain a deep understanding of each habit and how to implement
them in your daily life. The course also emphasizes effective coaching
methodologies to reinforce these habits, ensuring longlasting change. By
mastering these powerful habits, you’ll enhance your productivity, improve your
relationships, and achieve your goals with greater ease and efficiency.
By the end of the session, the participants will be able to:
SelfAwareness and Purpose: Clarify personal motivations using models like Ikigai.
Relationship Skills: Enhance rapport through principles of Give & Take and the
Liking Factor.Apply Habit Formation Frameworks
Purposeful Asking: Develop effective, strategic asking skills for goal achievement.
Consistent Action: Build actionable habits to drive continuous growth.
Reflection and Accountability: Establish personal accountability to reinforce
Powerful Habits
Course Outline
Topic
Registration & Breakfast (Venue: Penang ATV Eco Tour Balik Pulau ) (Google
Map Link : Introduction)
ATV ADVENTURE RIDE BEGINS (Outdoor)
Key Learning:
Navigating Uncertainty and Change
Outcome: Participants learn to stay focused, adaptable, and composed in
unpredictable situations.
Communication Under Pressure
Outcome: Enhances clarity and trust when coordinating with others in highpaced
environments.
Risk Awareness and Responsible DecisionMaking
Outcome: Develops sharper judgment and accountability in dynamic, realtime
scenarios.
Lunch & Rest
Team Collaboration Session(Indoor)
Key Learning:
Flying Ball
Outcome: Enhance focus, precision and coordination among team members
Nuts & Bolts
Outcome: Strengthen risk management, decision making and analytical thinking
while fostering ownership of ideas and results.
Balloon Furniture
Outcome: Encourage creative thinking, problem solving, and teamwork in
designing and building innovative solutions.
Wrap Up, Survey & Group Photo",Mastering Powerful Habits For Exceptional Results And Leadership,Master The Art Of Cultivating Powerful Habits For Personal And Professional Growth,Cultivating Powerful Habits For Personal Growth And Professional Effectiveness,Developing Powerful Habits For Enhanced Productivity And Personal Effectiveness,Cultivating Powerful Habits For Enhanced Productivity And Personal Effectiveness,4.13,3.24,54.74,7.14,1.13
c-efb51a43b6,Negotiating with the Devil! - HRDF Training.pdf,Negotiating With the Devil,"NEGOTIATING
WITH THE
DEVIL
Master the art of highstakes communication, uncover the hidden needs of any
counterparty, and influence even the most challenging stakeholders to secure
winwin outcomes.
Program Overview
Negotiation is an essential life skill used in everyday interactions, decision
making, and relationship building. Far beyond simple persuasion, effective
negotiation requires active listening, empathy, observation, and integrity to
uncover underlying needs. This intensive 2day workshop equips executives,
entrepreneurs, and leaders with practical techniques to navigate complex
interpersonal dynamics and differing perspectives. By mastering strategic
questioning and the 6 Laws of Influencing, you will learn to accurately read
counterparties, handle difficult situations, and maintain trust. Walk away with
actionable tactics to confidently manage conflicts and achieve winwin
results.
Learning Objectives
By the end of the course, participants will be able to:
Develop and use the Negotiation Matrix effectively
Use the Questioning and Listening Techniques effectively during
negotiation
Create a winwin situation for future negotiation
Identify the Needs and Wants of the other party
Apply the effective techniques and tactics of negotiation
Identify and apply the 6 Laws of Influencing
Duration
Two (2) FullDay Workshop (14 Hours)
Negotiating With the Devil
DESCRIPTION
Module 1: Negotiation Essentials
Fundamentals need to be aware of:
Negotiation Process
Stages of Negotiation
Negotiation Styles
Negotiation Principles
What is Negotiation?
Different Negotiation Situations
Module 2: Influencing Skills
6 Laws of Influencing:
Law of Authority
Law of Consistency
Law of Liking
Law of Reciprocal
Law of Scarcity
Law of Social Proof
Module 3: Preparation
The Power of Questioning
Q&L
Questioning Techniques
Types of Questions
The Power of Listening
Active Listening
Keys to Listening
Listening to Identify the Needs and Wants
Summary and End of Day 1
(Day 1)
Negotiating With the Devil
(Day 2)
DESCRIPTION
Opening & Recap
Module 4:Negotiating Environment
The Essential Tool for Negotiation
Mapping your Negotiation
Parameters in Negotiation
Creating Concessions
Body Language
Telephone Negotiation
Team Negotiation
Internal Negotiation
External Negotiation
Module 5: The Good vs Great Negotiator
Mind Reading during Negotiation
Negotiation Strategies
Identifying and Dirty Tricks and Using Effective Tactics during
Negotiation
Avoiding Common Mistakes in Negotiation
Handling difficult Negotiation Situations
Understanding the Kraljic’s Model in Negotiation
Offering Alternatives at an impasse
Summary and End of Course
Negotiating With the Devil",Advanced Strategic Negotiation Techniques For Executives And Leaders,Mastering High-Stakes Negotiation: Influencing Skills And Win-Win Strategies,"Strategic Negotiation: Influencing, Active Listening, And Win-Win Stakeholder Engagement",Mastering High-Stakes Negotiation Questioning Listening And Influence,Mastering High-Stakes Negotiation For Effective Outcomes,4.1,3.27,68.99,21.83,1.8
c-efdee6e6c9,Best Collaborative Power v5 Course Outline.pdf,Best Collaborative Power,"vie 25
G invico
BEST
COLLABORATIVE S
POWER
Join our teambuilding today!
Allis /
PRD: ; CLAIMABLE
C. » & ELy Ve
GO invico
BEST COLLABORATIVE POWER
Program Overview
Teams are an important building block of successful organizations. Whether the focus is on
service, quality, cost, value, speed, efficiency, performance, or other similar goals, teams are
the basic unit that supports most organizations. With teams at the core of corporate strategy,
our success as an organization can often depend on how well | and my team members
operate together. How are our problemsolving skills? Is the team enthusiastic and motivated
to do its best? Do we welcome challenges together? This is a Oneday program! This
program is divided into outdoor and/or indoor activities. All activities are designed with
safety in mind but heavy on learning points that foster selfawareness, reflection and
understanding, plus loads of humour and fun.
Learning Objectives
After completing the workshop, participants will be able to:
Strengthen teamwork and collaboration skills through group challenges.
e Enhance observation, social, and problemsolving abilities.
Build trust and camaraderie within the team by sharing personal stories and experiences.
Develop effective stress management techniques and learn how to handle difficult
situations.
Foster creativity and adaptability through performancebased activities.
Who Should Attend
Middle to seniorlevel executives from all divisions
e Duration
One (1) Full Day
GO invico
« Course Outline
List of Teambuilding Games ,
Team Formation
Name your team, build its identity
and pride. Uncover hidden talents
within members and explore new
possibilities together.
Learning Outcomes :
Self Awareness & Team
Talents/Strengths
SembangSembang
Team members take turns sharing
about 3 areas of their life,
fostering care and admiration
within the group.
Learning Outcomes :
Team moments: Sharing and
inspiring each other. Build
confidence and trust among
team members.
Colored Numbers
Teams race to form the winning
group, emphasizing assertiveness
and agility.
Learning Outcomes :
Team Dynamics: Be
Adaptable, Everyone has
values to team success,
whether it’s a big role ora
small one.
Yellow Rope
Using a yellow rope, participants
prove that nothing is impossible
with determination.
Learning Outcomes :
Team Achievements: Working
together in overcoming
obstacles together and
learning from the process.
Likes/Dislikes
Participants explore similarities
and differences, highlighting the
uniqueness of each individual.
Learning Outcomes :
Team Bonding: Understand
each other and then, be
understood. It’s an essential
process to build a strong
team.
Ball Transport
Use creative thinking and tools to
transport a ball through a series
of obstacles. Success will depend
on on team communication and
adaptability to the task at hand.
Learning Outcomes :
Communication & Teamwork:
Learn by doing, it’s a more
effective way to learn.
‘ey
GO invico
e Course Outline
=
Domino Targets
Teams use dominos to create
patterns and meet specific
goals. The challenge lies in
planning, communication, and
adjusting strategies as
obstacles arise.
Learning Outcomes :
Enhance problemsolving and
strategic thinking skills, while
revealing hidden strengths in
planning and teamwork.
8:00 a.m.
8:30 a.m.
12:00 p.m.
1:00 p.m.
4:15 p.m.
4:30 p.m.
Whacky Hit
Using a quirky tool, tackle the
challenges in this thrilling
game of Whacky Hit!
Learning Outcomes :
Unity, all working towards a
single mission.
Event Ends
International Silat
Teams work together to
create and perform their own
version of ""International
Silat."" This is the ultimate test
of creativity, collaboration,
and everything learned
throughout the day.
Learning Outcomes :
Foster pride in team identity,
celebrate individual talents,
and build confidence through
collective performance.
Registration & Breakfast is served
Morning Teambuilding Session
Afternoon Teambuilding Session
WrapUp, Survey, Group Photo",Collaborative Power: Building High-Performing Teams For Corporate Success,Teambuilding And Collaboration Skills Development,"Building Team Collaboration, Trust, And Creative Problem-Solving For Corporate Leaders","Collaborative Team Building: Strengthening Communication, Trust And Problem‑Solving Skills",Team Building Excellence: Enhancing Collaboration And Problem-Solving Skills,4.19,3.24,51.39,9.5,1.64
c-f59c4a8afa,Acceptance Sampling Course Outline.pdf,Acceptance Sampling,"ACCEPTANCE
SAMPLING
Construct powerful operating characteristic curves, evaluate statistical
decision errors, and deploy optimized acceptance sampling plans using
software to maximize quality control while minimizing inspection costs.
Acceptance Sampling
Program Overview
In manufacturing and quality assurance, balancing rigorous inspection with operational
cost is a critical challenge. This practical 1day course equips engineering, statistics, and
quality professionals with the tools to confidently design and evaluate riskmitigated
inspection gates. Utilizing JMP software, participants will move beyond guesswork to
master foundational sampling methods, analyze Operating Characteristic (OC) curves,
and calculate Average Total Inspection metrics. By understanding the statistical trade
offs of different sampling approaches, teams will leave fully capable of selecting and
executing optimal sampling plans that protect product quality on the job.
Learning Objectives
By the end of the course, participants will be able to:
Construct and analyze Operating Characteristic (OC) curves to assess the statistical
power and decision errors of inspection plans.
Determine and differentiate common sampling approaches using JMP software to
establish precise material gates.
Select appropriate sampling frameworks that effectively balance product quality
requirements with total corporate inspection costs.
Prerequisites
Vital and Applied Stats 101. Good understanding in basic Statistics (role of Statistics, data
type, basic terms and concepts for statistical analysis, common graphical and numerical
analyses, meaning and role of X and Y variables), and some exposure in area of
application. The understanding/exposure allows the learners to follow the class well and
be able to apply the knowledge learned on the job immediately after the class.
Participants are required to install JMP Software (SAS JMP Pro 16.2 or later) prior the
class.
Duration
One (1) FullDay Workshop
DESCRIPTION
Opening
Module 1: Acceptance Sampling Introduction
Where should Inspection be performed?
Types of Inspection
Acceptance Sampling vs. Process Control
What is a Sampling Plan?
Types of Sampling Plans
Operating Characteristics (OC) Curve
Types of Decision Error
Sampling Plan Selection Criteria
Module 2: Sampling Plan Determination
AQL Sampling Approach
LTPD Sampling Approach
Combined AQL/LTPD Sampling Approach
AOQL Sampling Approach
Sequential Sampling Plan
Pros and Cons for each Sampling Approach
Average Total Inspection (ATI) Interpretation
Sampling Plan Selection Guidelines
Summary and End of Course
Acceptance Sampling",Advanced Statistical Decision Making For Quality Control And Cost Optimization,Advanced Acceptance Sampling And Oc Curve Analysis,Designing Acceptance Sampling Plans For Statistical Quality Control,Acceptance Sampling: Constructing Oc Curves And Optimizing Plans With Jmp,Optimizing Acceptance Sampling For Quality Control And Inspection Costs,4.11,3.15,41.38,3.31,1.73
c-f6607a5b13,Escape Adventure Course Outline.pdf,Escape Adventure,"EXECUTIVE ONEDAY HIGH IMPACT
TEAM PROGRAM
Teams are an important building block of successful organizations. Whether the focus is on
service, quality, cost, value, speed, efficiency, performance, or other similar goals, teams are
the basic unit that supports most organizations.
With teams at the core of corporate strategy, your success as an organization can often
depend on how well you and other team members operate together. How are your problem
solving skills? Is the team enthusiastic and motivated to do its best? Do you work well
together? This is a oneday program!
This program is divided into outdoor and indoor activities.
All activities are designed with safety in mind but heavy on learning points that foster self
awareness, reflection and understanding...plus loads of humour and fun.
We will be focusing on:
•Personal power attributes
•Leadership and manager evolving responsibilities using S.O.U.N.D Leadership
•Embracing personalities and character diversity
•Desire to develop people at any instance and guiding them through
•Getting over obstacles and challenges successfully everyday
•Engaging with your people and customers using T.A.L.K.S to get positive results
With emphasis on team:
•Flexibility
•Situational Leadership
•Active Listening
•Probing questions and seeking answers
•Keeping targets in focus
•Creativity, CriticalThinking & ‘Smoove’ Collaboration
•Attitudes that say, ‘Never give up and never say can’t!’
•Slick comradeship and professional relationships
Behaviours to achieve:
•Creative expressions, ideas and solutions
•Getting agreements swiftly
•Quickening the process of making the right things happen
•Using T.A.L.K.S for desired results and seeing it to successful completion
•Implementing and practicing S.O.U.N.D Leadership
•Hearing the team celebrating as one, showing of support and
giving encouragement
Overview
Course Outline
TIME SESSION
Introductions & Team
Formation
Safety Briefing
DESCRIPTION
Introduction and get to
know session with
Program objectives being
shared.
Get the advice from the
experts. How to ensure
we keep ourselves and
others safe and in line
with safety measures.
LEARNING
Creating the
Environment and
Building the Picture of
Success
Know, observe and
practice international
safety rules and
regulations.
Activity 1: Monkey Business
Learn to climb like a pro
and perfect your
balancing skills on this
challenging rope course.
There are three levels for
you to try and it’s suitable
for monkeys of all ages as
well as for team building.
Personal Breakthrough 1:
Overcome your
fear of heights.
Enhance your
physical motor
skills.
Activity 2: Atan’s Leap
Remember the days of
climbing trees and using
them as a launch pad to
jump into the air? Well,
Atan’s Leap recreates the
opportunity to overcome
fear. By following the
instructions of the safety
staff, we can all build our
sense of self
responsibility and take
that leap into the
unknown.
Become as sticky footed
as a gecko on this
climbing tower. You
choose your own path to
the top. Safe in the
knowledge that there is
an autobelay system in
case your gecko feet lose
their grip!
Personal Breakthrough 2:
Letting go and
allow
international
safety measures
and tools to keep
you safe.
When risks are
high, we must
ensure all
precautions have
been taken.
Believe we can.
Personal Breakthrough 3:
1. Carry yourself
upwards using
your hand and
feet
coordination.
Know your
physical ability
and arm
strength.
3. Plan your route.
Course Outline
Activity 4: Flying Lemur
Enjoy the thrill of flying,
as you zip across a long
cable in between trees
high above the ground.
Personal Breakthrough 4:
1. You've gone up,
down and now
across!
Allow your
weight and
gradient to ‘fly’
you over tree
tops.
Feel the
exhilarating rush
of adrenalin, the
freedom of a
bird and your
confidence
developing.
Activity 5: Pain or Gain
Session 1: Team Presentation
In circle, each member
will receive a formed
stick. Facilitator will lead
in a demonstration of a
mock stressed and anger
moment. How",Enhancing Team Performance Through Personal Growth And Leadership,Executive One-Day High-Impact Team Building Program,Executive High Impact Team Building And Leadership Development,"High-Impact Team Leadership, Communication And Collaboration Workshop",High Impact Team Building And Leadership Development Program,4.2,3.43,64.64,3.72,1.82
c-f88c90d09c,OpenAI API with Python Course Outline.pdf,OpenAI API with Python,"Walk away with practical “quick wins” to integrate AI into
your workflows and optimize productivity immediately.
OPENAI
API
WITH PYTHON
Enhance your team's efficiency and master the art of leveraging
OpenAI's API with Python to drive innovation and automation.
Synopsis
This interactive 2day workshop will provide participants with handson
experience in using the OpenAI API with Python. Participants will learn how to
integrate powerful language models from OpenAI into their applications, such as
chatbots, content generators, and more, while gaining practical knowledge on API
parameters and best practices.
OpenAI API with Python
What You’ll Learn
You will learn how to set up and use the OpenAI API with Python, explore key API
parameters, build AIpowered applications such as chatbots and content
generators, optimize API usage, troubleshooting common issues, and understand
best practices for deploying OpenAI models in realworld scenarios.
Who Should Attend
This course is designed for Python developers, AI enthusiasts, product managers,
and entrepreneurs who want to learn how to integrate OpenAI’s API into real
world applications.
Prerequisite
Basic understanding of python programming.
Methodology
Theoretical insights with handson practical exercises.
Duration
2day Full Workshop.
OpenAI API with Python
Duration
Details
• Introduction to OpenAI AI and API Basics
• Setup OpenAI Account & OpenAI Playground
• OpenAI Request Parameters
• Pricing
· Structured outputs using Prompt Engineering
• Developing a simple Conversational AI
• Text Summarization and Content Generation (Techniques for
generating creative content, blog posts, and product descriptions
using GPT models.)
• RealWorld Use Cases and Best Practices (Practical use cases for
integrating the OpenAI API, such as sentiment analysis, automated
customer support, and code generation.)
·Troubleshooting and Scaling Applications
·Ethnics Considerations and Responsibility
Course Outline & Schedule  (Day 1)
OpenAI API with Python
Duration
Details
• Generating Images
• Processing Audio Files
• Basic FineTuning and Conversational AI
·Develop a unified dashboard for AI models
• Project
·Best Practices for API Usage
Course Outline & Schedule  (Day 2)
Disclaimer:
The use cases presented in this workshop are subject to change based on
advancements in OpenAI's API capabilities and participant needs",Integrate Ai Into Workflows With Openai And Python,Mastering Openai Api With Python For Ai Integration And Automation,Building Ai-Powered Applications With Openai Api And Python,Openai Api Integration With Python For Ai-Powered Applications,Integrating Openai Api With Python For Ai Application Development,4.11,3.21,49.28,2.63,1.18
c-f8df4c1e3b,Microsoft® SharePoint® Modern Experience Site Owner with Microsoft Forms & Flow.pdf,Microsoft® SharePoint® Modern Experience: Site Owner with Microsoft Forms & Flow,"MICROSOFT®
SHAREPOINT®
MODERN EXPERIENCE:
SITE OWNER WITH
MICROSOFT FORMS
& FLOW
Empower your team's collaborative efficiency and automate manual
administration by learning how to architect customized SharePoint sites,
secure sensitive data structures, and deploy seamless multisystem digital
workflows.
abase
Program Overview
Microsoft SharePoint Modern Experience: Site Owner with Microsoft Forms and
Flow is a comprehensive, 2day workshop designed to transition experienced users
into fully capable SharePoint platform administrators. The course breaks down
complex content structures into practical, actionable steps for both cloudbased
and onpremises environments. Participants will discover how to deploy team and
communication sites, structure customized data tracking lists, and manage
sophisticated version and approval controls. Beyond file storage, this masterclass
shows you how to integrate Microsoft Forms and Power Automate (Flow) to secure
enterprise data and automate repetitive business processes for maximum
organizational collaboration.
Learning Objectives
By the end of the course, participants will be able to:
Build and configure responsive SharePoint modern layouts, document libraries,
and custom metadata tracking lists from scratch.
Secure proprietary business files by assigning precise access rights, setting file
version checkouts, and enforcing mandatory content approval rules.
Capture live user data using Microsoft Forms and construct automated Flow
pipelines to seamlessly store data and trigger multistep organizational actions.
Duration
Two (2) FullDay Workshop
Microsoft® SharePoint® Modern Experience:
Site Owner with Microsoft Forms & FLow
DESCRIPTION
Module 1: Creating and Configuring a New Site
Create a Site in SharePoint
Configure Site Look and Layout
Module 2: Creating and Configuring Document Libraries
Create Document Libraries
Configure File Versioning and Checkout
Configure Content Approval
Module 2: Creating and Configuring Document Libraries
(Continued)
Module 3: Creating and Configuring Lists
Add List Apps to a Site
Create Custom Lists
Create Calculated and Validated Columns
Summary and End of Day 1
(Day 1)
Microsoft® SharePoint® Modern Experience:
Site Owner with Microsoft Forms & FLow
DESCRIPTION
Recap of Day 1
Module 4: Assigning Permissions and Access Rights
Secure Sites with Permissions
Secure Apps, Documents, and Files
Module 5: Creating and Configuring a Communication Site
Create a Communication Site
Configure a Communication Site
Module 6: Implementing Workflows with Forms and Flow
Capture Data with Forms
Store Form Data in SharePoint with Flow
Automate Business Processes with Forms, Flow, and SharePoint
Q&A, Summary and End of Course
(Day 2)
Microsoft® SharePoint® Modern Experience:
Site Owner with Microsoft Forms & FLow","Microsoft Sharepoint Modern Experience: Mastering Forms, Flow, And Collaboration",Mastering Sharepoint Modern Experience: Site Owner With Microsoft Forms & Flow,"Sharepoint Modern Site Ownership, Security, And Workflow Automation With Microsoft Forms",Microsoft Sharepoint Modern Experience: Site Owner With Forms & Power Automate,Microsoft Sharepoint Modern Experience: Site Ownership With Automation Tools,4.12,3.23,65.25,1.79,2.03
c-fb3b9f2f8d,The Oz Principles Building a Culture of Accountability in Technology Leadership.pdf,The Oz Principles Building a Culture of Accountability in Technology Leadership,"G invico
THE OZ PRINCIPLES: Z
ACCOUNTABILITY IN ,
TECHNOLOGY LEADERSHIP
Nn |
G invico
The 02 Principles: Building a Culture of Accountability in Technolo
Program Overview
In the fastpaced tech industry, challenges such as missed deadlines, unclear ownership,
technical debt, and inefficient crossteam collaboration can hinder progress. The Oz
Principles provide a framework for fostering a culture of accountability, where teams take
ownership, solve problems proactively, and drive results.
Learning Objectives
By the end of the course, participants will be able to:
Build a culture of ownership and problemsolving in tech teams.
e Improve team collaboration and responsibility across departments.
Drive faster execution and better decisionmaking in tech environments.
e Enhance proactive problemsolving instead of reactive firefighting.
e Duration Two (2) FullDay Workshop; of CG
@
G inpico
The 02 Principles: Building a Culture of Accountability in Technolo
Program Overview
DAY
Module 1: Introduction & Workshop Kickoff
e Icebreaker: The Ownership Mindset
e Understanding Above the Line vs. Below the Line behaviors.
Discussion: How accountability drives engineering excellence and team
effectiveness.
Module 2: The Four Steps to Accountability
SEE IT: Identifying bottlenecks in tech execution.
OWN IT: Taking responsibility for solutions.
SOLVE IT: Proactively addressing challenges.
DOTT: Following through with execution.
Module 3: Case Study & Application
Case Study: A software development team struggling with missed deadlines.
Group activity: Applying The Four Steps to Accountability.
DAY 2 Oo
Module 4: Leadership Accountability & Execution Culture 7 oe
Role of tech leaders in fostering accountability. fe)
The Accountability Ladder and its impact on execution.
Module 5: Building an AccountabilityDriven Tech Culture ~
* Creating a team culture that encourages initiative and ownership.
* Case Study: How accountability drives highperformance.in tech giants.
Module 6: Overcoming Barriers to Accountability in Tech we
e Addressing common tech leadership challenges.
e Effective communication to ensure accountability is empowering, not punitive.
Module 7: Action Planning & RealWorld Application
Developing a 30day action plan to integrate accountability in tech workflows.
e Peer discussions and leadership commitments.
Module 8: Workshop Reflection & Closing
e Key takeaways and commitment pledges.
@
G inpico
The 02 Principles: Building a Culture of Accountability in Technolo
DAY 1
[Time | Details
30 Minutes Leaming + Debrief:
e Short intro on Trainer Background
® Key points
aver Hour MODULE 1: Understanding and Internalizing Accountability in Tech Teams
MODULE 2. The Four Steps to Accountability
MODULE 3 .Case Study & Application
MODULE 4. Leadership Accountability & Execution Culture
30 Minutes Recap & O8A
DAY 2
[Time | Details
30 Minutes Leaming + Debrief:
« Shortrecap of day1
® Key points
jane Hour MODULE 5. Building an AccountabilityDriven Tech Culture
a Hours MODULE 6. Overcoming Barriers to Accountability in Tech
MODULE 7. Action Planning & RealWorld Application
MODULE 8. Workshop Reflection & Closing
@
CS I >",Advanced Strategic Leadership In Technology For Enhanced Accountability,Building A Culture Of Accountability In Tech Leadership,The Oz Principles: Building Accountability Culture In Technology Leadership,The Oz Principles: Accountability In Technology Leadership,Building Accountability And Ownership In Technology Leadership,4.1,3.2,41.55,3.73,1.84
c-fc1e23f44c,Risk and Opportunities Identification & Assessment For ISO 14001 EMS.pdf,Risk and Opportunities Identification & Assessment For ISO 14001 EMS,"RISK AND
OPPORTUNITIES
IDENTIFICATION &
ASSESSMENT
FOR ISO 14001 EMS
Build corporate resilience and capture market advantage by mastering
strategic risk assessment methodologies to systematically predict threats and
capitalize on favorable business conditions.
Program Overview
Risks represent potential threats that could negatively impact objectives, while
opportunities are favorable conditions that can enhance outcomes. A structured
approach to risk and opportunity assessment helps organizations make informed
decisions, allocate resources effectively, and maintain resilience in a dynamic
environment.
This process involves systematically identifying uncertainties, analyzing their
likelihood and impact, and developing strategies to mitigate risks or capitalize on
opportunities.
By integrating risk and opportunity assessment into strategic planning,
organizations can enhance performance, improve stakeholder confidence, and
create a competitive advantage.
Learning Objectives
By the end of the course, participants will be able to:
Define risk and opportunity in a business and project management context.
Identify Risks and Opportunities
Assess Risks and Opportunities
Duration
One (1) FullDay Workshop
Risk and Opportunities Identification &
Assessment For ISO 14001 EMS
DESCRIPTION
Module 1 : Introduction
Clause 6.1.1 of ISO 14001 (Environmental Management System)
Module 2: Risk Identification Techniques
Types of risk (Clause 4.1, Clause 4.2)
PESTLE
Group activity: Identifying issues and interested parties in different
processes.
Module 3: Risk Assessment Process
Risk assessment methodology (Likelihood, Severity, Risk Matrix)
How to categorize and prioritize risks
Group activity: Identifying risk and opportunities.
Module 4: Risk Control Measures
Hierarchy of Controls
How to apply control measures effectively
Group activity: Developing control measures for identified risk
Summary and End of Course
Risk and Opportunities Identification &
Assessment For ISO 14001 EMS",Advanced Risk And Opportunity Identification For Iso 14001 Environmental Management System,Risk And Opportunity Assessment For Iso 14001 Ems,Risk And Opportunity Identification And Assessment For Iso 14001 Environmental Management,Risk And Opportunities Identification & Assessment For Iso 14001 Ems,Risk And Opportunities Identification And Assessment For Iso 14001 Ems,4.07,3.19,46.42,26.07,0.94
c-fc909a70b3,ISO 14001 EMS Aspect Impact.pdf,ISO 14001 EMS Aspect Impact,"ISO 14001
EMS ASPECT
IMPACT
Drive sustainable organizational excellence by mastering the fundamentals of
ISO
14001:2026
systematically
identify,
evaluate,
and
mitigate
environmental aspects and impacts.
Program Overview
This intensive 7hour course provides a foundational deep dive into the core mechanics of
an ISO 14001 Environmental Management System (EMS). Designed to bridge theory and
practical workplace application, the workshop empowers participants to clearly
distinguish between environmental aspects and impacts under normal, abnormal, and
emergency operating conditions. Through handson exercises and a lifecycle perspective,
delegates will learn to map operational activities, assess impact significance against
regulatory considerations, and establish robust operational control measures. Strategists
and operational leaders will return to their organizations equipped to proactively manage
waste, curb emissions, and minimize corporate environmental risk.
Learning Objectives
By the end of the course, participants will be able to:
Understand Environmental Aspects & Impacts concepts
Identify aspects from their own work area
Evaluate environmental impacts and significance
Duration
One (1) FullDay Workshop
ISO 14001 EMS Aspect Impact
DESCRIPTION
Section 1 : Introduction to Environmental Management
What is environmental management?
Purpose of ISO 14001 (highlevel overview)
Section 2 : Key Concepts & Definitions
Environmental Aspect (cause) vs Environmental Impact (effect)
Normal, abnormal & emergency conditions
Section 3 : Identifying Environmental Aspects
Activities, products, and services mapping
Lifecycle perspective (raw material → disposal)
Common categories: Waste generation, Emissions (air, water,
noise)
Workshop: Identify aspects from a sample process
Section 4 : Evaluating Environmental Impacts
Severity and significance
Legal & regulatory considerations
Section 5 : Control Measures & Mitigation
Operational controls
Engineering vs administrative controls
Summary and End of Course
ISO 14001 EMS Aspect Impact",Mastering Environmental Aspects And Impacts In Iso 14001: A Foundation For Sustainable Organizational Excellence,Fundamentals Of Iso 14001 Ems For Environmental Excellence,"Iso 14001 Environmental Aspects, Impact Evaluation, And Control Measures",Mastering Iso 14001: Identifying And Mitigating Environmental Aspects And Impacts,Mastering Iso 14001: Environmental Aspects And Impact Mitigation,4.14,3.22,51.23,4.76,2.03
c-fce75fb260,Stats Method for Binomial Data.pdf,Stats Method for Binomial Data,"STATS
METHOD FOR
BINOMIAL
DATA
Master the statistical models of attribute data, execute rigorous multiprocess
proportion comparisons, and utilize advanced software analytics to
confidently track, analyze, and minimize manufacturing defect rates.
Program Overview
In quality engineering, analyzing pass/fail attributes requires specialized statistical tools
distinct from continuous data modeling. This 2day technical course provides engineers
and statisticians with the methodology to accurately evaluate and compare binomial
data. Moving from foundational hypothesis testing to advanced multiproportion
comparisons, participants will learn to design comparative experiments and verify if a
process satisfies specific quality and yield goals. Through handson application using
JMP/SOS software, teams will leave equipped to eliminate analytical guesswork and drive
precise operational improvements.
Learning Objectives
By the end of the course, participants will be able to:
Recognize when to deploy statistical methods specific to binomial data and structure
clear hypothesis tests for quality goals.
Execute one, two, and K proportion analyses to identify statistical variations in defect
rates across multiple processes.
Construct comparative experiments for attribute data and process the results using
JMP/SOS software for datadriven decisions.
Duration
Two (2) FullDay Workshop
Stats Method for Binomial Data
Prerequisites
Vital and Applied Stats 101, DOE 1 (Comparative Experiments). Good understanding in
basic Statistics (role of Statistics, data type, basic terms and concepts for statistical
analysis, common graphical and numerical analyses, meaning and role of X and Y
variables), hypotheses testing (αrisk,βrisk) and some exposure in area of application.
The understanding/exposure allows the learners to follow the class well and be able to
apply the knowledge learned on the job immediately after the class. Participants are
required to install JMP Software (SAS JMP Pro 16.2 or later) prior the class.
DESCRIPTION
Module 1: Introduction to Binomial Data and Hypothesis Testing
Explain the characteristics and applications of binomial data
Describe key concepts in hypothesis testing and statistical
decisionmaking
Interpret statistical risks and testing outcomes for quality
analysis
Module 2: One Proportion Analysis
Perform one proportion analysis to evaluate process
performance against targets
Interpret analysis results to support quality improvement
decisions
Determine whether a process meets specified defect rate or
yield requirements
Summary and End of Day 1
(Day 1)
Stats Method for Binomial Data
DESCRIPTION
Module 3: Two Proportion Analysis
Compare proportions between two processes or groups using
statistical methods
Identify significant differences in defect rates or yields
Interpret findings to support process comparison and
improvement initiatives
Module 4: K Proportions Analysis
Apply statistical methods to compare proportions across
multiple groups or processes
Evaluate differences in performance among several populations
simultaneously
Interpret analysis results to support datadriven decision making
Summary and End of Course
(Day 2)
Stats Method for Binomial Data",Mastering Binomial Data Analysis For Quality Engineering,Advanced Statistical Methods For Analyzing Binomial Data,Statistical Methods For Binomial Data And Multiproportion Comparison In Quality Engineering,Statistical Methods For Binomial Data And Proportion Analysis,Statistical Methods For Evaluating Binomial Data In Quality Engineering,5.94,3.29,47.36,1.84,1.78
c-fd44a2ec96,VBA for Microsoft Excel.pdf,VBA for Microsoft Excel,"VBA FOR
MICROSOFT
EXCEL
Automate repetitive spreadsheet workflows, construct powerful custom
functions, and deploy errorfree VBA code to transform standard Microsoft
Excel worksheets into dynamic, highperformance data processing tools.
Program Overview
Manual data manipulation often limits productivity and increases operational errors. This
intensive 2day technical workshop equips spreadsheet users with essential programming
concepts using Microsoft Visual Basic for Applications (VBA) to unlock advanced Excel
automation. Participants will progress from recording and refining basic macros to
handling complex data aggregation tasks. The course delves into object models,
worksheet architecture, range manipulation, conditional logic, and looping structures.
Through practical, handson lab exercises, learners will master writing custom user
defined functions, trapping runtime errors, and building interactive command buttons to
streamline workflows immediately.
Learning Objectives
By the end of the course, participants will be able to:
Use the programming capabilities of Microsoft Visual Basic for Applications in
Microsoft Excel applications to write custom functions and eventdriven procedures.
Validate data.
Find and trap errors.
Loop through the collection of cells and worksheets to process some calculation.
Duration
Two (2) FullDay Workshop
VBA for Microsoft Excel
PreRequisites
Before beginning this course, students should be able to:
Extensive understanding of Microsoft Excel or previous version of Microsoft Excel
Basic programming knowledge in Visual Basic.
DESCRIPTION
Module 1: Make a Macro Do Simple Tasks
Creating a Simple Macro
Changing Multiple Properties at Once
Manipulating Recorded Properties
Editing A Recorded Macro
Module 2: Make a Macro Do Complex Tasks
Task One : Importing a Report file
Task Two : Filling In Missing Labels
Module 3: Explore Workbooks and Worksheets
What is an object?
Understanding Workbooks
Understanding Worksheets
Module 4: Explore Range Object
Referring to a Range
Enhancing Recorded Selections
Entering Values and Formulas into a Range
Formatting a Range
Q&A, Summary & End of Day 1
(Day 1)
VBA for Microsoft Excel
DESCRIPTION
Module 5 (Part 1): Control Visual Basic
Using Conditionals
IfThenElse
SelectCase
Module 5 (Part 2): Creating Loops
Do…Loop
For…Next
For Each…Next
Module 6: User Define Function and Error Trapping
Creating a Custom Function
Type Of Errors
Error Handling
Module 7: Launch Macros with a Click
Creating Command Buttons
Assigning Macro to Button
Q&A, Summary & End of Course
(Day 2)
VBA for Microsoft Excel",Advanced Automation And Customization In Microsoft Excel Using Vba,Advanced Vba Programming For Microsoft Excel Automation,"Advanced Vba Programming For Microsoft Excel Automation, Custom Functions, And Error Handling","Mastering Excel Vba: Automation, Custom Functions, And Error Trapping",Advanced Vba Programming For Excel Automation And Custom Functions,5.72,3.23,50.52,9.35,1.6
c-fdce380c26,IR 4.0 Machine Connectivity.pdf,IR 4.0 Machine Connectivity,"IR 4.0 MACHINE
CONNECTIVITY &
AUTOMATION USING
SEMI SECS/GEMS
STANDARDS
Accelerate your Industry 4.0 transformation by mastering SEMI SECS/GEMS
standards to establish robust, realtime machine connectivity and automated
data acquisition across the manufacturing shop floor.
Program Overview
IR 4.0 Machine Connectivity & Automation using SEMI SECS/GEMS standards is a
comprehensive,
3day
technical
training
program
designed
for
professionals
implementing automated hosttomachine communication. To successfully execute an
Industry 4.0 datadriven strategy, manufacturing machines must be seamlessly connected
for realtime data acquisition and control. This course guides machine makers and
manufacturing teams through critical SEMI standards, message transfer protocols, and
business compliance rules. Combining theoretical deep dives with handson scenarios
using test tools, participants learn how to build SECS/GEMcompliant machinery and
leverage connected data to optimize shop floor planning, process efficiency, and
equipment maintenance.
Learning Objectives
By the end of the course, participants will be able to:
Master the underlying transport and highspeed messaging frameworks, including the
SEMI E4 (SECSI) and SEMI E5 (HSMS) protocol standards, timeout parameters, and
state configurations.
Interpret standard streams, functions, and data item dictionaries to successfully
configure and test data messages using SScript and Mint connectivity software.
Apply the SEMI E5 GEM business rules, state model methodologies, and functional
capabilities to establish compliant machinetohost integrations that improve shop
floor processes.
Duration
Three (3) FullDay Workshop
IR 4.0 Machine Connectivity & Automation
Using SEMI SECS/GEMS Standards
DESCRIPTION
Module 1: SECS GEM Connectivty Overview
Overview of SECS GEM
Implementation
Usage
Benefits
Module 2: Message Transfer Protocol
SEMI E4 Standards SECS1 Message Transfer
SECS1 — Protocol Layer
SECS1 — Message Transfer
SECS1 — Physical Layer
SECS1 — Block Transfer Protocol
SECS1 — Protocol Timeout
SECS1 — Message Block
SECS1 — Prootcol Parameter
SEMI E5 Standards for High Speed Messaging Services (HSMS)
HSMSSS Message Format
HSMSSS Message Header
HSMSSS Data Message (SType = 00)
HSMSSS Control Message (SType Codes)
HSMSSS Procedure
HSMSSS State Diagram
HSMS Timeout
HSMS Host Equipment Configuration
Summary and End of Day 1
(Day 1)
IR 4.0 Machine Connectivity & Automation
Using SEMI SECS/GEMS Standards
DESCRIPTION
Recap of Day 1
Module 3: Message Content
SEMI E5 Standards
SECSII Message Content
SECSII Streams & Functions
SECSII Message Details
SECSII Data Item Dictionary
SECS Message Language (SML)
Module 3: Message Content (Continued)
The use of SScript Test Tool and Mint machineconnect software
(starter)
Test tool setup
Message setup
Practical — SECS Message setup and testing
Summary and End of Day 2
(Day 2)
IR 4.0 Machine Connectivity & Automation
Using SEMI SECS/GEMS Standards
DESCRIPTION
Recap of Day 2
Module 4: GEM Implementation
SEMI E5 GEM Business Rules and Compliance
Introduction
State Model methodology
Requirement and Capabilities
Fundamental Requirements
Additional Capabilities
Module 4: GEM Implementation (Continued)
SEMI E5 GEM Business Rules and Compliance (Continued)
Documentation (SECS/GEM manual)
Compliance Statement
Practical  Capabilities Testing
Practical  Machine (Mint) to Host (SScript) implementation
testing
Summary and End of Course
(Day 3)
IR 4.0 Machine Connectivity & Automation
Using SEMI SECS/GEMS Standards",Industry 4.0 Machine Connectivity And Automation Using Semi Secs/Gems Standards,Mastering Semi Secs/Gems For Ir 4.0 Machine Connectivity,Mastering Semi Secs/Gems For Industry 4.0 Machine Connectivity And Automation,Semi Secs/Gems Standards For Machine Connectivity And Automation,Mastering Industry 4.0 Machine Connectivity With Semi Secs/Gems Standards,3.89,3.32,63.01,2.6,1.91
