id,pdf_file,original_title,extracted_content_sample,title_llama3.2_3b,title_qwen2.5_7b,title_qwen3.8_27b,title_nemotron_120b_free,title_gpt_4o_mini_paid,latency_sec_llama3.2_3b,latency_sec_qwen2.5_7b,latency_sec_qwen3.8_27b,latency_sec_nemotron_120b_free,latency_sec_gpt_4o_mini_paid
c-0110cd2cb7,ESG in Action From Awareness to Implementation.pdf,ESG in Action: From Awareness to Implementation,"ESG IN ACTION:
FROM
AWARENESS TO
IMPLEMENTATION
Build practical knowledge of Environmental, Social, and Governance (ESG)
principles to support responsible decision-making, sustainable growth, and
long-term organizational value.
Program Overview
Environmental, Social, and Governance (ESG) considerations are increasingly
shaping how organizations manage risks, create value, and respond to
stakeholder expectations. This 2-day training provides participants with a
practical understanding of ESG fundamentals, including environmental
sustainability, social responsibility, and governance practices. Participants will
explore ESG integration strategies, reporting frameworks, implementation
challenges, and emerging trends through case studies and interactive
discussions. The programme is designed to help organizations strengthen
sustainability efforts, improve decision-making, and support long-term
business resilience in a rapidly evolving ESG landscape.
Learning Objectives
By the end of this pr",Advanced Esg Implementation Strategies For Sustainable Business Growth,Esg In Action: From Awareness To Implementation,"Practical Esg Implementation: Principles, Reporting Frameworks, And Sustainable Decision-Making",Practical Esg Implementation: From Awareness To Action,Practical Implementation Of Esg Principles For Sustainable Business Success,2.84,3.32,70.53,12.18,1.43
c-036ef84608,"Powerful Habits_ Experiential Learning, Observation & Effective Coaching Outline.pdf","Powerful Habits: Experiential Learning, Observation & Effective Coaching Methodology","POWERFUL HABITS:
EXPERIENTIAL
LEARNING,
OBSERVATION &
EFFECTIVE COACHING
METHODOLOGY
Master essential foundational habits through immersive experiential learning,
cultivate a proactive mindset within a solution-focused circle of control, and
deploy empathetic coaching methodologies to drive collaborative, win-win
organizational outcomes.
Program Overview
Welcome to ""Powerful Habits: Experiential Learning, Observation & Effective Coaching
Methodology."" This course is designed to immerse you in the seven essential habits that
drive personal and professional growth. Through experiential learning and keen
observation, you’ll gain a deep understanding of each habit and how to implement them
in your daily life. The course also emphasizes effective coaching methodologies to
reinforce these habits, ensuring long-lasting change. By mastering these powerful habits,
you’ll enhance your productivity, improve your relationships, and achieve your goals with
greater ease and efficiency.
Learning Obje",Mastering Powerful Habits: Experiential Learning And Effective Coaching For Personal And Professional Growth,"Powerful Habits: Experiential Learning, Observation & Effective Coaching Methodology",Mastering Seven Powerful Habits Through Experiential Learning And Coaching,Mastering Essential Habits Through Experiential Learning And Coaching,Powerful Habits For Personal And Professional Growth Through Experiential Learning,4.23,3.46,60.87,3.12,3.37
c-041cfc7db9,Leading By Listening.pdf,Leading By Listening,"G invico
LEADIN
BY
LISTENING
Nn \f-
Walk away with practical 'quick wins' to effectively improve your
Leadership skills and enhance productivity immediately.
g
G invico
Leading By Listening
¢ Program Overview
‘The world is giving you answers each day. Learn to Listen’ quotestorthemind
Good communication is a must in your professional endeavours and your
personal life. This goes beyond just nodding your head anytime someone
speaks to you. With plenty of active listening skills, you can avoid
misunderstandings, ensure there is lots of recognition, and have a better
understanding of viewpoints.
‘Leaders who do not listen will eventually be surrounded by people who have
nothing to say - Andy Stanley
Leading happens between people. Successful leaders transform their
business environment, organisational culture, people and group a mamics by
the way they listen. This is a one-day program C
oo
;
¢ Learning Objectives
By the end of the course, participants will be able to: ,
1.Be able to unders",Leading By Listening To Achieve Exceptional Leadership,Leadership Skills: Leading By Listening,Leading By Listening: Mastering Communication And Questioning Skills For Leaders,"Leadership Communication: Listening, Questioning, And Feedback",Leading By Listening: Enhancing Leadership Skills Through Active Communication,4.08,3.27,44.34,3.41,1.49
c-0506f7cd09,Effective Spare Parts Cost Reduction Cost through Optimized Spares Inventory.pdf,Effective Spare Parts Cost Reduction Through Optimized Spares Inventory,"EFFECTIVE SPARE
PARTS COST
REDUCTION COST
THROUGH OPTIMIZED
SPARES INVENTORY
Optimize your working capital and eliminate costly equipment downtime by
mastering the inventory control systems, criticality matrices, and warehouse
best practices needed to streamline spare parts management.
Program Overview
Effective Spare Parts Cost Reduction Through Optimized Spares Inventory is an
intensive training program designed to balance spare parts availability with
operational costs. High spare parts availability secures asset uptime, but improper
management easily locks up millions of dollars in bloated, obsolete, or misplaced
inventory. This course targets critical maintenance bottlenecks—such as inaccurate
Bills of Materials (BOMs), obsolescence, and poor tracking—by establishing
systematic inventory classification frameworks (ABC, VED, FSN). Participants will
learn to calculate economic order points, establish asset criticality, and leverage
CMMS data to build a proactive reliability culture ",Advanced Inventory Management And Optimization Techniques For Enhanced Spare Parts Control,Effective Spare Parts Cost Reduction Through Optimized Inventory Management,Strategic Spare Parts Inventory Optimization And Maintenance Cost Reduction,Optimizing Spare Parts Inventory For Cost Reduction,Effective Spare Parts Management For Cost Reduction And Operational Efficiency,4.16,3.34,53.6,31.52,1.11
c-057c98f22b,OWN The Shift Be The One Your Team Can Count On Course Outline.pdf,OWN The Shift: Be The One Your Team Can Count On,"OWN THE
SHIFT:
BE THE ONE
YOUR TEAM
CAN COUNT ON
Walk away with practical 'quick wins' to effectively improve your
operation skills and improve productivity immediately.
G inp
OWN THE
IFT:
ANCOUNTON =,»
wal
Walk away with practical 'quick wins' to effectively improve your
operation skills and improve productivity immediately.
NM
Program Overview
Learning Outcome
By the end of this program, participants will be able to:
Shift from “just doing my job” to actively contributing to a strong, reliable
team culture
Communicate clearly and respectfully using the 3Cs (Clarity, Consistency,
Connection)
Support peers and FLMs with positive, proactive behaviour that builds trust
Give and receive feedback in a simple, respectful way that energizes team
morale
Apply all learning in a high-pressure team simulation, reflecting real shift
challenges
OWN The Shift: Be The One Your Team Can Count On
Operation Specialists (OS) are the backbone of Intel’s Assembly Test
Manufacturing operations. Their role ",Operation Specialists: Unlocking Strong Team Culture Through Personal Leadership,Own The Shift: Be The One Your Team Can Count On,Team Communication And Accountability In Manufacturing Shift Operations,"Owning Your Shift: Building Team Communication, Feedback And Accountability",Owning Your Shift: Building Team Dynamics And Communication Skills,4.09,3.08,65.38,2.01,1.03
c-073792eae6,CREDIBLE Leadership Workshop A 2-Day Program for Company Leaders.pdf,CREDIBLE Leadership Workshop A 2-Day Program for Company Leaders,"6 invicc #iar
a poral d
CREDIBLE LEADERSHIP
WORKSHOP:
A 2-DAY PROGRAM FOR
COMPANY LEADERS
EMPOWERING LEADERS T0
INSPIRE, INNOVATE, AND
INFLUENCE
Nn |
g
G inpico
CREDIBLE Leadership Workshop:
A 2-Day Program for Company Leaders Empowering Leaders to Inspire, Innovate, ce
¢ Program Overview
In today’s fast-changing business environment, leaders must adapt, inspire, and drive
results while balancing performance and team engagement. The CREDIBLE Leadership
Workshop is a 2-day immersive program designed to equip company leaders with the
skills to lead with confidence and impact.
Through interactive sessions, case studies, and hands-on activities, participants will
master agility, relationship-building, coaching, innovation, and empathy—all essential for
high-performing leadership. By strengthening these core leadership pillars, attendees will
leave with practical strategies to enhance team trust, foster innovation, and sustain long-
term success in their organizations. Lead with purpose. In",Credible Leadership For Effective Corporate Success,"Credible Leadership Workshop: Inspire, Innovate, And Influence","Credible Leadership: Empowering Company Leaders Through Coaching, Innovation, And Empathy","Credible Leadership: Inspire, Innovate, Influence, And Adapt","Credible Leadership: Inspiring Change, Innovation, And Empathy In Leaders",4.12,3.45,65.55,5.25,1.46
c-0a3d35bf49,Microsoft 365 Copilot for Real Work.pdf,Microsoft 365 Copilot for Real Work,"MICROSOFT 365
COPILOT FOR REAL
WORK
Supercharge your daily workflow and maximize workplace efficiency by
transforming raw prompts into powerful, automated output across the entire
Microsoft 365 application suite.
Program Overview
This hands-on course helps participants use Microsoft 365 Copilot for real workplace tasks
without going into heavy AI theory. The focus is on practical daily productivity: writing better
emails, summarising information, improving documents, preparing presentations, understanding
simple data, and using Copilot Chat or app-based Copilot correctly.
Participants will learn by doing. Each module starts with a workplace task, followed by guided
Copilot practice, prompt improvement, and real-work application. The course is designed for
beginners and users who want to become more confident using the Copilot tools available in
their Microsoft 365 environment.
By the end of the course, participants will be able to use Copilot more confidently, write better
prompts, cho",Advanced Microsoft 365 Copilot For Real-World Productivity And Efficiency,Microsoft 365 Copilot For Daily Productivity,Practical Microsoft 365 Copilot For Workplace Productivity And Prompt Mastery,Microsoft 365 Copilot Practical Skills For Daily Workplace Efficiency,Maximizing Productivity With Microsoft 365 Copilot For Workplace Efficiency,4.21,3.18,62.07,12.45,0.72
c-0b734151c7,Who Moved My Cheese Course Outline.pdf,Leadership Lessons From Who Moved My Cheese,"LEADERSHIP
LESSONS FROM
WHO MOVED
MY CHEESE
Lead your team through organizational transitions with confidence by shifting
mindsets, overcoming the paralysis of fear, and transforming unexpected
workplace friction into strategic growth opportunities.
G invico
LEADERSHIP
LESSONS FROM
WHO MOVED
MY CHEESE
Lead your team through organizational transitions with confidence by shifting
mindsets, overcoming the paralysis of fear, and transforming unexpected
workplace friction into strategic growth opportunities.
©
Program Overview
Leadership Lessons From Who Moved My Cheese is an immersive, 1-day program
specifically engineered for corporate leaders navigating modern workplace
transitions. In an evolving professional landscape, managing shifting projects,
fluctuating client demands, and structural changes is inevitable. This masterclass
strips away the complexity of change management, using experiential activities,
group discussions, and roleplay to help leaders break out of old, stagnant
behav",Leadership Lessons From Who Moved My Cheese: Mastering Change And Strategic Growth,Leadership Lessons From Who Moved My Cheese,Leading Teams Through Organizational Change: Mindset Shifts And Strategic Growth,Leadership Mindset Strategies For Managing Organizational Change,Navigating Change: Leadership Strategies For Organizational Success,4.15,3.01,50.91,6.36,0.74
c-0d820233d2,Technical Structured Problem Solving(TSPS) Course Outline.pdf,Technical Structured Problem Solving (TSPS~8D),"Technical Structured
Problem Solving
(TSPS~8D)
Enhance
your
team's
analytical
capabilities and master the art of
technical structured problem-solving
to tackle complex challenges with
precision.
A 2-Day Hands-On Workshop for Professionals
Technical Structured Problem Solving (TSPS~8D)
1
Why This Workshop Matters
In technical and manufacturing environments,
problems escalate quickly, affecting yield, quality,
cost, and delivery.
This workshop equips teams with a proven structured
method to:
Isolate true root causes
Prevent recurrence
Improve cross-functional troubleshooting
Strengthen technical decision-making
Document and communicate issues
professionally
TSPS ensures problems are solved correctly,
systematically, and permanently.
Technical Structured Problem Solving (TSPS~8D)
2
Training Needs We Address
Based on industry feedback, the workshop solves
Unclear or inaccurate problem statements
Difficult facilitating cross-functional
problem-solving
Repeated technical issues due to weak r",Enhancing Technical Structured Problem Solving For Complex Challenges,Technical Structured Problem Solving For Engineers,Technical Structured Problem Solving: 8D Root Cause Analysis For Manufacturing Professionals,Technical Structured Problem Solving (Tsps 8D) Workshop,Mastering Technical Structured Problem Solving For Complex Challenges,4.08,3.4,61.61,1.76,0.76
c-12e4f6c4f5,Workplace Wellness.pdf,Workplace Wellness (1 Day),"WORKPLACE
WELLNESS
(1 DAY)
Reclaim your mental edge and stop burnout before it starts by mastering NLP-
driven pattern interrupts, priority alignment via the Eisenhower Matrix, and
sustainable energy tracking.
G invico
WORKPLACE
WELLNESS
(1 DAY)
Reclaim your mental edge and stop burnout before it starts by mastering NLP-
driven pattern interrupts, priority alignment via the Eisenhower Matrix, and
sustainable energy tracking.
©
Program Overview
In today's fast-paced work culture, maintaining a healthy work-life balance and
prioritizing personal well-being is essential for sustained productivity and job satisfaction.
Forbes magazine report post-pandemic we are experiencing a ‘new kind of burnout’ that
is seriously jeopardising our wellbeing. Burnout especially, 76% of employees and 96% of
leaders experiencing burnout at some point in their careers, it seems obvious that
preventing burnout and looking after our wellbeing should be a business priority for all –
but what does that look like",Mastering Nlp-Driven Pattern Interrupts For Enhanced Workplace Wellness And Productivity.,Mastering Workplace Wellness: Stress Management And Productivity Techniques,"Nlp-Driven Workplace Wellness: Burnout Prevention, Priority Management, And Resilient Mindset","Burnout Prevention With Nlp, Eisenhower Matrix & Self-Care Strategies",Workplace Wellness: Strategies For Managing Stress And Preventing Burnout,4.1,3.05,60.62,3.72,1.73
c-13648cd0ed,ISO 90012015 Awareness Training.pdf,ISO 14001:2015 Awareness Training,"ISO 9001:2015
AWARENESS
TRAINING
Cultivate an organizational culture of continuous improvement and
institutionalize global operational benchmarks by mastering the foundational
structure and implementation mechanics of the ISO 9001:2015 Quality
Management System (QMS) framework.
Program Overview
ISO 9001:2015 Awareness Training is an intensive, 2-day workshop engineered for
management teams, QMS leaders, and operational supervisors to align corporate
processes with international quality benchmarks. This program details the 7 Quality
Management Principles and breaks down the complete high-level structure of the
standard, from defining organizational context to executing performance
evaluations. Through hands-on application labs—including SWOT matrices, risk
criteria mapping, and operational Turtle Diagrams—participants will bridge
theoretical standard clauses with daily practical controls. Ultimately, this course
equips your team to drive operational excellence, establish risk-based thin",Iso 9001:2015 Quality Management System Fundamentals,Iso 9001:2015 Quality Management System Awareness Training,Iso 9001:2015 Quality Management System Awareness And Continuous Improvement,Iso 9001:2015 Quality Management System Awareness And Practical Application,Iso 9001:2015 Quality Management System Awareness And Implementation Training,4.06,3.36,62.39,3.81,1.53
c-15c33a57cf,Automotive Core Tools SPC.pdf,Automotive Core Tools: SPC,"AUTOMOTIVE
CORE TOOLS:
SPC
This course provides knowledge for current internal auditors and personnel
involved in the development and management of an automotive quality
management system
G inv
AUTOMOTIVE
CORE TOOLS:
SPC
This course provides knowledge for current internal auditors and personnel
involved in the development and management of an automotive quality
management system
hed Dcorr ®
©
Program Overview
To accomplish continual improvement, there must be a commitment to improvement and
us of effective methods. Statistical Process Control (SPC) describes several basic
statistical methods that can be used to make our efforts at improvement more effective.
This is aimed at practitioners and managers beginning the application of statistical
methods, covering statistical process controls and process capability analysis.
Learning Objectives
By the end of the course, participants will be able to:
To understand the concepts of automotive core tools SPC.
To utilize essential statistical te",Statistical Process Control For Automotive Quality Management Systems,Statistical Process Control For Automotive Quality Management,Automotive Statistical Process Control And Process Capability Analysis,Automotive Core Tools: Statistical Process Control (Spc),Automotive Quality Management System Using Statistical Process Control,4.03,3.17,42.64,6.38,0.78
c-1773478532,NLP  From Fundamentals to Real-World Applications Course Outline.pdf,Natural Language Processing: From Fundamentals to Real-World Applications,"Walk away with practical “quick wins” to implement NLP
techniques and drive impactful results immediately.
NATURAL
LANGUAGE
PROCESSING
FROM FUNDAMENTALS
TO REAL-WORLD APPLICATIONS
Enhance your team's proficiency and master the art of applying natural
language processing (NLP) from fundamentals to real-world solutions.
Synopsis
This hands-on training program provides participants with a deep understanding
of Natural Language Processing (NLP) concepts, techniques, and applications.
Through practical exercises and real-world case studies, participants will learn
how to process, analyze, and derive insights from text data using NLP models. By
the end of the training, attendees will be equipped with the necessary skills to
implement NLP solutions in their respective domains.
NLP : From Fundamentals to Real-World Applications
What You’ll Learn
Participants will gain foundational and advanced knowledge in NLP, including text
preprocessing, word embedding, and information extraction. They will",Natural Language Processing Fundamentals And Real-World Applications,Natural Language Processing: From Fundamentals To Real-World Applications,Hands-On Natural Language Processing For Text Analytics And Real-World Ai Applications,Natural Language Processing: From Fundamentals To Real-World Applications,Natural Language Processing: From Fundamentals To Practical Applications,4.14,3.36,53.86,2.22,2.04
c-1aa078a931,IATF 16949_2016 Interpretation & Application.pdf,IATF 16949:2016 Interpretation & Application,"IATF 16949:2016
INTERPRETATION
& APPLICATION
Accelerate automotive manufacturing excellence by decoding the IATF
16949:2016 standard to build rigid, high-standard compliance and drive
flawless tier-one customer satisfaction.
GO invico,
IATF 16949:2016
INTERPRETATION
& APPLICATION
Accelerate automotive manufacturing excellence by decoding the IATF
16949:2016 standard to build rigid, high-standard compliance and drive
flawless tier-one customer satisfaction.
©
Program Overview
IATF 16949:2016 is a global standard that guides how automotive
manufacturers and suppliers should manage quality, consistency, and
customer satisfaction. It ensures that organizations can produce automotive
parts that are safe, reliable, and meet customer & regulatory requirements.
Note: The IATF 16949:2016 standard text does not include ISO9001:2015
requirements. This course does not cover the requirements of ISO 9001:2015.
Learning Objectives
By the end of the course, participants will be able to:
Interpretation",Advanced Automotive Quality Management And Compliance,Iatf 16949:2016 Interpretation & Application,Iatf 16949:2016 Automotive Quality Management Interpretation And Application,Iatf 16949:2016 Interpretation And Application For Automotive Quality Management,Iatf 16949:2016 Interpretation And Application For Automotive Excellence,5.64,3.2,49.19,4.15,1.4
c-1c57e5ee7b,Artificial Intelligence for Engineers Course Outline.pdf,Artificial Intelligence for Engineers,"Walk away with practical “quick wins” to integrate AI
into your engineering workflows and boost efficiency
immediately.
ARTIFICIAL
INTELLIGENCE
FOR ENGINEERS
Enhance your engineering expertise and master the art
of leveraging artificial intelligence to optimize design,
analysis, and problem-solving.
Program Overview
Artificial intelligence (AI) is rapidly transforming the manufacturing industry.
AIpowered technologies are being used to automate tasks, make better decisions,
and improve quality. As an engineer, you can play a key role in this transformation.
This program will teach you the skills you need to use AI in manufacturing and
engineering. You will learn about the latest AI technologies, such as machine
learning, deep learning, and natural language processing. You will also learn how
toapply AI to real-world manufacturing problems, such as product design &
development, process improvement, quality control, and maintenance.
Course Objectives
By the end of this program, participa",Artificial Intelligence For Enhanced Engineering Expertise,Artificial Intelligence For Engineers: Practical Applications And Quick Wins,Practical Ai Integration For Engineering Workflows And Manufacturing Problem-Solving,Artificial Intelligence For Engineers,Artificial Intelligence Integration For Engineering Excellence,3.86,3.35,62.68,1.28,1.53
c-1cf479cee7,Inspiring Leadership Excellence.pdf,Inspiring Leadership Excellence: Leading From Good to Great,"Inspiring
Leadership
Excellence
Leading From Good to
Great
With Colored Brain Communication
and Emotional Driver
Inspiring
Leadership
Excellence
Leading From Good to
Great
With Colored Brain Communication
and Emotional Driver
“The key to
successful
leadership is
not in natural
gifts, but in
the ability to
maximize
maximize the
natural gifts
of those
around you.”
The Surface
Perception
Iceberg
Team Synergy
Breakdown
Chronic
Miscommunication
Stagnant
Leadership
The Root
Causes
Clashing Brain
Processing
Hidden Emotional
Drivers
Unseen
Limitations
Who Should Attend
Executives & HODs
Cultivating high-performance
cultures and driving high-level
strategic synergy.
Engineers &
Functional Teams
Improving cross-functional
communication and mutual
understanding.
Managers
Enhancing team management,
mitigating conflict, and
amplifying influence.
Aspiring Leaders
Anyone ready to move from
‘good’ to ‘great’ by mastering
personal responsibility and
self-awareness.
Workshop Objectives & Key Takeaways
D",Unlocking High-Performance Leadership: Mastering Colored Brain Communication And Emotional Drivers.,Inspiring Leadership Excellence: Maximizing Natural Gifts With Colored Brain Communication,Inspiring Leadership Through Colored Brain Communication And Emotional Driver Mastery,Leading From Good To Great With Colored Brain Communication And Emotional Drivers,Inspiring Leadership Excellence: Mastering Communication And Emotional Drivers,4.16,3.49,58.94,10.54,0.72
c-1d4ec3b124,Artificial Intelligence for Finance Course Outline.pdf,Artificial Intelligence for Finance,"Walk away with practical “quick wins” to apply AI in
financial analysis, risk management, and process
optimization immediately.
ARTIFICIAL
INTELLIGENCE
FOR FINANCE
Enhance your financial expertise and master the art of
leveraging artificial intelligence for data-driven
decision-making and automation.
Program Overview
Artificial Intelligence for Finance is a comprehensive program that will teach you
the skills you need to use artificial intelligence (AI) to transform your business or
department. The program covers the latest AI technologies, such as machine
learning, deep learning, and natural language processing. You will also learn how
to apply AI to real-world financial problems, such as risk assessment, fraud
detection, customer segmentation, and demand forecasting. This training
program is perfect for businesses of all sizes that want to stay ahead of the
competition. With AI, you can automate tasks, make better decisions, and improve
your bottom line. This is an opportunity to lea",Artificial Intelligence For Finance: Mastering Data-Driven Decision Making And Automation,Artificial Intelligence For Finance: Practical Applications And Quick Wins,Applied Artificial Intelligence For Financial Analysis And Risk Management,Artificial Intelligence For Finance: Ai Applications In Risk Management And Financial Analytics,Harnessing Artificial Intelligence For Financial Decision-Making And Risk Management,4.22,3.47,66.04,4.18,0.97
c-1f738f2efd,Effective Communication Course Outline.pdf,Effective Communication,"EFFECTIVE
COMMUNICATION
Bridge communication gaps, align diverse personal dynamics, and deliver
impactful messages with the empathy and clarity needed to foster deep
workplace trust.
6 INDIGO
EFFECTIVE
COMMUNICATION
Bridge communication gaps, align diverse personal dynamics, and deliver
impactful messages with the empathy and clarity needed to foster deep
workplace trust.
e
Program Overview
In today’s collaborative environment, technical expertise alone isn’t enough—
success hinges on how effectively we connect. This intensive 1-day workshop
is designed to elevate your professional relationships by turning everyday
interactions into opportunities for alignment. Participants will learn to master
the fundamental building blocks of communication, recognize diverse
personal dynamics, and leverage active listening to resolve conflicts before
they escalate. By developing sharp articulation skills, a strong voice, and
confident body language, you will gain the practical tools necessary to bre",Effective Communication Skills For Workplace Harmony,Effective Communication For Professional Success,"Effective Workplace Communication: Clarity, Active Listening, And Trust Building",Effective Communication: Building Trust Through Active Listening,Mastering Effective Communication For Workplace Trust And Collaboration,4.06,2.93,44.58,2.49,1.52
c-20afedbbcf,Grinding Practical Hands On Course Outline.pdf,Grinding Practical Hands On,"GRINDING
PRACTICAL
HANDS ON
Master the core fundamentals of mechanical grinding, assembly wheel
engineering, and industrial safety through an intensive, hands-on practical
application workshop.
G invico
GRINDING
PRACTICAL
HANDS ON
Master the core fundamentals of mechanical grinding, assembly wheel
engineering, and industrial safety through an intensive, hands-on practical
application workshop.
Ss
Program Overview
Grinding Practical Hands On is a comprehensive, one-day technical workshop
designed to equip industrial leaders and technical teams with the essential
principles of mechanical grinding. Participants will start by mastering the
mechanical components, functions, and dressing methods of the assembly wheel.
The training transitions into mandatory safety protocols, hazard identification, and
tool selection to ensure effective workplace practices. Finally, an extended
afternoon practical session allows learners to apply precision grinding techniques
under expert instructor guidance,",Mastering Mechanical Grinding And Industrial Safety In Hands-On Practice,Master Mechanical Grinding And Safety Techniques,"Hands-On Mechanical Grinding, Assembly Wheel Engineering, And Industrial Safety","Mechanical Grinding Fundamentals: Assembly Wheel, Safety, And Precision Techniques",Hands-On Mechanical Grinding And Safety Techniques Workshop,4.07,2.92,47.07,9.64,1.59
c-20c409f38c,Programmable Logic Controllers(PLC).pdf,Programmable Logic Controllers (PLC),"PROGRAMMABLE
LOGIC
CONTROLLERS
(PLC)
Master automated machinery control and bridge the gap between industrial
hardware and software logic by designing, programming, and executing real-
world PLC applications.
6 INDIGO ,
PROGRAMMABLE ve | |
LOGIC
CONTROLLERS
(PLC)
Master automated machinery control and bridge the gap between industrial
hardware and software logic by designing, programming, and executing real-
world PLC applications.
nents Whoce
UT IMAB Wy F 4
MY
©
Program Overview
Programmable Logic Controllers (PLC) is an intensive, 2-day workshop that blends
core theoretical knowledge with interactive, hands-on industrial training.
Engineered to introduce participants to modern automation concepts and
operations, this course utilizes dedicated PLC training kits and simulation tools
modeled on the industry-standard OMRON range of PLCs. Attendees will actively
explore control system terminology, hardware architectures, and the functional
relationship between sensors and actuators. By le",Mastering Programmable Logic Controllers (Plc) For Industrial Automation,Mastering Programmable Logic Controllers For Automation,"Hands-On Plc Programming, Ladder Logic, And Industrial Automation Control",Designing And Programming Plc Systems For Industrial Automation,Mastering Programmable Logic Controllers For Automated Machinery Control,4.13,3.05,49.33,4.8,0.96
c-218d577fbf,Production Supervisor Development Program.pdf,Production Supervisor Development Program,"PRODUCTION
SUPERVISOR
DEVELOPMENT
PROGRAM
Empower operational leadership on the manufacturing floor by combining
execution accountability with Lean Six Sigma practices to drive a safety-
driven, quality-focused culture.
G invico
PRODUCTION
SUPERVISOR
DEVELOPMENT
PROGRAM
Empower operational leadership on the manufacturing floor by combining
execution accountability with Lean Six Sigma practices to drive a safety-
driven, quality-focused culture.
©
Program Overview
This two
day program equips production supervisors to deliver extraordinary results and
build a culture of manufacturing excellence. Day 1 develops execution, accountability,
and team leadership through practical simulations and role plays. Day 2 strengthens
knowledge on advanced problemsolving, Lean practices, and manufacturing systems
necessary to create a proactive, safetydriven, and qualityfocused culture on the
manufacturing floor. By the end, participants will be ready to lead confidently, drive
performance, and susta",Advanced Operational Leadership For Manufacturing Excellence,Production Supervisor Development Program: Execution Accountability And Lean Six Sigma,Production Supervisor Leadership With Lean Six Sigma And Manufacturing Excellence,Operational Leadership & Lean Six Sigma For Production Supervisors,Production Supervisor Leadership And Lean Six Sigma Excellence,4.02,3.08,59.64,5.85,1.22
c-2231757816,Lean Six Sigma - Green Belt Certification Course Outline.pdf,Lean Six Sigma - Green Belt Certification,"GO inv
LEAN SIX SIGMA -
GREEN BELT
CERTIFICATION
uv
Walk away with a list of key “quick wins” cases
you can start right away in the organization!
lll
e Dorp ®
4 &
E o>
vine eno
g
G inpico é
Lean Six Sigma - Green Belt Certifica
¢ Program Overview ‘N
The Lean Six Sigma Green Belt Certification is a comprehensive 10-day
program designed to equip professionals with the skills and knowledge
needed to drive process improvements within their organizations. By
integrating Lean principles, which focus on eliminating waste, with Six Sigma
methodologies aimed at reducing variation, this certification ensures a
structured approach to achieving operational excellence.
Participants will learn to apply DMAIC (Define, Measure, Analyze, Improve,
and Control) methodology, utilize statistical tools, and lead improvement
projects.
¢ Learning Objectives
By the end of the course, participants will be able to:
¢ Ability to use a structured approach to process improvement
¢ Ability to use DMAIC methodology -",Lean Six Sigma Green Belt Certification: Drive Process Excellence,Lean Six Sigma Green Belt Certification,Lean Six Sigma Green Belt Certification: Dmaic Process Improvement,Lean Six Sigma Green Belt: Mastering Dmaic & Process Improvement,Lean Six Sigma Green Belt Certification For Process Improvement Experts,4.17,3.41,52.68,13.01,0.99
c-2319aa97e3,ATV Adventure Tour(Package).pdf,ATV Adventure Tour,"—
Want to experience 3
a new adventurous Time to explore a
New destination on
the other side of
service now! earth
trip? Pook our
+60 12-400 1158
Consulting (M) PLT
B| ADVENTURE
TOUR
. ©
4,
© \khenghuat. koay@gma
ro
oe ee
4 =
""ke
el mr
Poy
| -
‘©
©) \khenghuat koay@qmé
@ +60 12-400 1156",Advanced Travel Consulting For Destination Management,Adventure Tourism Exploration,Adventure Tourism: Exploring New Destinations Around The World,Adventure Tour Exploration Experience,Exploring New Destinations Through Adventure Tourism,3.97,3.01,53.87,40.82,1.37
c-2636c0fecc,Conference The EQ Edge Driving Engagement & High Performance.pdf,The EQ Edge: Driving Engagement & High Performance,"CONFERENCE THE EQ EDGE:
DRIVING ENGAGEMENT & HIGH
PERFORMANCE
(2  DAY)
1 Day Conference
if WICGsO
CONFERENCE THE EQ EDGE:
DRIVING ENGAGEMENT & HIGH
PERFORMANCE
(2 DAY)
In the past, it was widely believed that our success in
life is measured and determined by our IQ. But in
recent times, or at least for the past 10 years, studies
have revealed that people with high EQ are often the
most successful in their personal lives as well as their
careers. Many people with high IQ but low EQ have
failed in their undertakings in life. Many successful
nations and companies have acknowledged and
reaffirmed the importance of EQ as a critical success
factor. EQ plays a huge part in Employee
Engagement and to get your employees to be
innovative, creative and think out of the box for
excellent problem solving and decision-making.
The EQ Edge: Driving Engagement & High
Performance
Key Benefits and Objectives
Enhances Understanding
Strategies
Practical Skills
Global Trend
Understand the items in being Hig",Driving Engagement And High Performance Through Emotional Intelligence,Driving Engagement And High Performance Through Emotional Intelligence,Emotional Intelligence And Personality Profiling For Employee Engagement And High Performance,The Eq Edge: Driving Engagement And High Performance,Emotional Intelligence: Driving Engagement And High Performance,4.12,3.08,50.67,1.93,1.1
c-270a07181c,ISO 22002 PRP on Food Safety.pdf,ISO 22002 PRP on Food Safety,"ISO 22002 PRP ON
FOOD SAFETY
Strengthen your organization’s food safety foundation by mastering the
compliance and implementation requirements of ISO 22002 Prerequisite
Programmes.
(BASED ON ISO 22002-100
& ISO 22002-1:2025)
GO invico £
ISO 22002 PRP ON
FOOD SAFETY
(BASED ON ISO 22002-100 Xt
& ISO 22002-1:2025)
Strengthen your organization’s food safety foundation by mastering the
compliance and implementation requirements of ISO 22002 Prerequisite
Programmes.
©
Program Overview
A robust food safety management system is only as strong as its foundational controls.
Prerequisite Programmes (PRP) on Food Safety is a practical, 1-day course designed to
provide a detailed interpretation and execution strategy for the ISO 22002 standard.
Essential for food safety team members, managers, and internal auditors, this program
covers critical manufacturing elements—including facility layouts, utilities, hygiene
practices, and contamination prevention. Ultimately, participants will gain the vital ",Prerequisite Programmes For Food Safety And Quality Management.,Iso 22002 Prp For Food Safety Compliance,Implementing Iso 22002 Prerequisite Programmes For Food Safety Compliance,Iso 22002 Prerequisite Programme Implementation For Food Safety Compliance,Mastering Iso 22002 Prerequisite Programs For Food Safety Compliance,4.1,3.5,68.81,6.44,0.94
c-271e63424f,The Winning Attitude For Employees Course Outline.pdf,The Winning Attitude For Employees,"THE WINNING
ATTITUDE FOR
EMPLOYEES
Ignite a culture of high performance and transform your workplace dynamics
by breaking free from stagnant mindsets and embracing a motivated,
purpose-driven professional outlook.
G invico
THE WINNING
ATTITUDE FOR
EMPLOYEES
Ignite a culture of high performance and transform your workplace dynamics
by breaking free from stagnant mindsets and embracing a motivated,
purpose-driven professional outlook.
©
Program Overview
In today’s fast-paced corporate environment, the difference between success and
stagnation often comes down to a single factor: attitude. The Winning Attitude For
Employees is an engaging, 2-day personal development masterclass designed to
recondition mindsets and eliminate the ""loser's mentality"" that drains workplace
productivity. Through critical thinking shifts, positive self-belief, and emotional
intelligence strategies, this course empowers participants at all professional levels
to navigate change proactively. Attendees will master","Transform Your Attitude, Elevate Your Performance",Developing A Winning Attitude For Employee Success,Cultivating A Winning Attitude For High-Performance Leadership And Positive Team Dynamics,"Mastering Attitude Shifts: Leadership, Emotional Intelligence & Personal Branding",Transforming Workplace Mindsets Through Positive Attitude Development,9.86,3.1,57.12,8.94,0.95
c-2859851be2,Industry 4.0 Advanced Data Science &Data Visualization & Machine Learning with Python Course Outline.pdf,Industry 4.0 Advanced Data Science &Data Visualization & Machine Learning with Python,"G invico
INDUSTRY 4.0:
ADVANCED DATA SCIENCE Se
DATA VISUALIZATION &
MACHINE LEARNING WITH
PYTHON
Nn le
g
G invico
Industry 4.0: Advanced Data Science,Data Visualization & Machine Lea ython
¢ Program Overview
This Machine Learning online course will provide you with insights into the vital roles
played by machine learning engineers and data scientists.
Upon completion of this course, you will be able to uncover the hidden value in data
using Python programming for futuristic inference.
¢ Learning Objectives
By the end of the course, participants will be able to:
e Master the concepts of supervised and unsupervised learning,
recommendation engine, and time series modelling
¢ Gain practical mastery over principles, algorithms, and applications of
machine learning
¢ Implement models such as support vector machines, kernel SVM, naive
Bayes, decision tree classifier, random forest classifier, logistic regression,
K-means clustering and more in Python °°
Ss
e Duration Five (5) Full-Day Works",Advanced Data Science With Python And Machine Learning,"Industry 4.0: Advanced Data Science, Data Visualization, & Machine Learning With Python","Advanced Machine Learning, Data Visualization, And Deep Learning With Python","Industry 4.0: Advanced Data Science, Machine Learning & Data Visualization With Python","Advanced Data Science, Data Visualization, And Machine Learning With Python",4.03,3.83,65.03,3.58,1.68
c-2ad80a0cf0,Microsoft Power Apps Workshop - HRDF Training.pdf,55265AC Microsoft Power Apps for End Users,"55265AC
MICROSOFT
POWER APPS
FOR END USERS
Accelerate your internal business efficiency and eliminate manual data entry
barriers by learning to design, test, and deploy customized, low-code mobile
and desktop applications across your entire corporate ecosystem.
G invico
AR
55265AC
MICROSOFT
POWER APPS
FOR END USERS
Accelerate your internal business efficiency and eliminate manual data entry
barriers by learning to design, test, and deploy customized, low-code mobile
and desktop applications across your entire corporate ecosystem.
A CLAIMABLE F
\
ull
Seca « ra
©  100% HRDE CLaimable
Program Overview
Microsoft Power Apps for End Users is a highly practical, 2-day instructor-led workshop
engineered to help professionals transform their daily workflows without deep software
development or coding knowledge. Moving past the limitations of restrictive data forms,
this course takes users through structured, hands-on labs to build tailored applications
from scratch or pre-built templates. Parti",Microsoft Power Apps For End Users - Accelerate Business Efficiency And Mobile-Ready App Deployment,Microsoft Power Apps For End Users,"Microsoft Power Apps Low-Code Application Design, Deployment, And Integration",Microsoft Power Apps For End Users: Build Low-Code Business Applications,Mastering Microsoft Power Apps For Business Efficiency And Integration,4.15,3.39,52.23,2.35,0.92
c-2c40a9797c,AI Mystery Lab.pdf,AI Mystery Lab,"AI
MYSTERY LAB
AI
MYSTERY LAB
A Gamified AI Learning Experience for Practical AI
Exposure, Team Collaboration, and Soft Skills
Development
A Gamified AI Learning Experience for Practical AI
Exposure, Team Collaboration, and Soft Skills
Development
Overview
Overview
AI Mystery Lab is an interactive gamified learning program designed to help
participants learn AI in a fun, practical, and easy-to-understand way. Through a
mystery-based storyline, team challenges, and guided AI activities, participants
experience how AI can support problem-solving, communication, teamwork, and
decision-making in a real and engaging setting.
This program is suitable for organizations that want to introduce AI in a more
engaging format instead of a normal classroom-style session. It combines
learning, teamwork, and application in one experience.
Objective
Objective
By the end of the program, participants will be able to:
understand the basic role of AI in the workplace
identify how AI can support thinking, c",Advanced Strategic Ai Problem-Solving For Real-World Applications,"Ai Mystery Lab: Practical Ai, Team Collaboration, And Soft Skills Development","Gamified Ai Problem-Solving, Prompting, And Team Collaboration For Professionals",Gamified Ai Learning For Team Collaboration And Problem Solving,Gamified Ai Learning: Team Collaboration And Practical Skills Development,4.13,3.42,73.54,1.86,2.02
c-2d3777fed2,Crafting Team Excellence Connect and Create.pdf,Crafting Team Excellence,"HRDF CLAIMABLE COURSE
CRAFTING
TEAM
EXCELLENCE
Connect & Create
Unlock Team Building Excellence
with Our Art and Teambuilding
Workshop Today!
, )
CRAFTING
TEAM
EXCELLENCE
Connect & Create
Unlock Team Building Excellence
with Our Art and Teambuilding
Workshop Today!
€)
R e g i s t r a t i o n & M o r n i n g T e a
7.30 AM
I n t r o d u c t i o n & I c e B r e a k i n g S e s s i o n
8.30 AM
T e a m B u i l d i n g S e s s i o n t o C O N N E C T
9.30 AM
A r t S e s s i o n t o C R E A T E
10.30 AM
L U N C H
12.00 NOON
T e a m B u i l d i n g S e s s i o n t o C O N N E C T
1.00 PM
W r a p U p , S u r v e y & G r o u p P h o t o
4.15 PM
4.30 PM
AFTERNOON SESSION
1.00 PM Team Building Session to CONNECT
Sembang-Sembang
Team members take turns sharing
about 3 areas of their life,
fostering care and admiration
within the group.
Learning Outcomes :
Team moments: Sharing and
inspiring each other. Build
confidence and trust among
team members.
Body Gymnastics
Teams communicate to create
three ",Unlocking Team Excellence Through Creative Collaboration,Crafting Team Excellence: Connect & Create,Art-Driven Team Building Workshop For Communication And Collaboration,Art-Integrated Team Building Workshop For Communication And Collaboration,Unlocking Team Building Excellence Through Creative Collaboration,4.1,2.98,44.87,3.9,0.74
c-2d59b2137b,AI-Enhanced Root Cause Analysis for Manufacturing Excellence (2 Days) Course Outline.pdf,AI-Enhanced Root Cause Analysis for Manufacturing Excellence (2 Days),"AI-ENHANCED ROOT
CAUSE ANALYSIS
FOR
MANUFACTURING
EXCELLENCE (2
DAYS)
Walk away with practical 'quick wins' to effectively improve your
root cause analysis skills and enhance productivity immediately.
AI-ENHANCED ROOT %6
CAUSE ANALYSIS
FOR
MANUFACTURING
EXCELLENCE (2
DAYS) iS
Nf i i
Walk away with practical 'quick wins' to effectively improve your
root cause analysis skills and enhance productivity immediately.
‘e
Program Overview
Recurring manufacturing problems often consume significant engineering time, increase
operational costs, and undermine product quality. Many organizations conduct Root
Cause Analysis (RCA), yet the same issues frequently reappear because investigations
focus on symptoms rather than the true underlying causes. Effective RCA requires a
structured, data-driven approach that moves beyond firefighting toward systematic
problem solving.
This practical two-day workshop guides engineers and quality professionals through a
step-by-step methodology for identifying, val",Effective Root Cause Analysis For Manufacturing Excellence,Ai-Enhanced Root Cause Analysis For Manufacturing Excellence,Ai-Enhanced Root Cause Analysis For Manufacturing Quality Excellence,Ai-Enhanced Root Cause Analysis For Manufacturing Excellence,Ai-Enhanced Root Cause Analysis For Improved Manufacturing Efficiency,4.11,3.37,53.88,1.81,0.76
c-2efbac7384,Business Writing for Today Workplace.pdf,Business Writing for Today's Workplace,"2021
Business Writing for Today’s Workplace
Training
Introduction
Writing business-related documents in today's workplace requires a solid
understanding of the fundamentals behind how specific documents should be
approached, designed and edited.
Written communications in the workplace should be concise, yet thorough and well
laid out. Technology enabled communications should also be well thought out and
designed to get the correct message across, while avoiding any potential
misinterpretation.
This course targets how to create business documents in the modern workplace,
which takes into account the many forms that modern communication can take, and
teaches participants how to align their message with the appropriate medium.
Learning
Outcomes
Review Personality Types When
Communicating
02
Identify and Understand Your Audience
03
Understand Basic Writing Principles
01
Understand the Writing Process
04
Write With Clarity
05
Apply effective formats to meet your
purpose
06
Learning
—. =, Ou",Business Writing For Effective Communication In The Modern Workplace,Business Writing Skills For Modern Communication,Modern Business Writing For Clear Professional Communication,"Effective Business Writing: Audience, Clarity & Format",Business Writing Skills For Effective Workplace Communication,4.08,2.95,51.66,4.71,0.84
c-2f080dd0fb,Prompt Engineering for Business Course Outline.pdf,Prompt Engineering for Business,"Walk away with practical “quick wins” to craft effective
prompts and optimize decision-making, automation, and
productivity immediately.
PROMPT
ENGINEERING
FOR BUSINESS
Enhance your team's efficiency and master the art of prompt
engineering to drive AI-powered solutions for business success.
Synopsis
Prompt engineering is a critical skill for businesses seeking to effectively
communicate with their customers, employees, and stakeholders. This course
provides a comprehensive introduction to prompt engineering techniques tailored
specifically for business applications. Participants will learn how to craft clear,
compelling prompts that drive engagement, elicit desired responses, and enhance
communication across various business contexts.
Prompt Engineering for Businesses
What You’ll Learn
In this one-day training course, participants will learn the fundamentals of
Conversational AI, including natural language processing principles and the
structure of GPT models. Through hands-on exercis",Advanced Conversational Ai For Business Success,Prompt Engineering For Business Efficiency,Practical Prompt Engineering For Business Ai And Productivity Optimization,Prompt Engineering For Business: Enhancing Ai-Driven Productivity,Prompt Engineering Techniques For Enhanced Business Communication,4.06,3.16,57.32,3.39,0.74
c-30535561be,Business Intelligence Power BI.pdf,Business Intelligence: Power BI,"BUSINESS
INTELLIGENCE:
POWER BI
Connect disparate corporate data sources, build advanced relational data
models, and design stunning, interactive dashboards to rapidly transform raw
operational numbers into actionable business intelligence.
Program Overview
In today's data-driven environment, the ability to quickly consolidate information
and share corporate insights is a critical competitive advantage. This immersive 2-
day course introduces analysts, engineers, executives, and Excel users to the robust
ecosystem of Power BI Desktop. Moving seamlessly from foundational data
extraction to advanced reporting, participants will gain hands-on experience using
Power Query and Power Pivot. Day 1 focuses on connecting data sources, shaping
queries, and managing complex data relationships. Day 2 elevates these models
through custom calculations, analytics pane clustering, and interactive dashboard
formatting. Through live demonstrations and practical case-study labs, teams will
master data vi",Power Bi Business Intelligence And Data Visualization Training,Business Intelligence: Power Bi Fundamentals,"Power Bi Business Intelligence: Data Modeling, Transformation, And Dashboard Design","Power Bi: Data Integration, Modeling & Interactive Dashboard Design",Advanced Business Intelligence And Data Visualization With Power Bi,4.08,3.0,54.06,2.03,0.8
c-306927903f,We Own It! The Accountable Frontline Manager Course Outline.pdf,We Own It! The Accountable Frontline Manager,"WE OWN IT!
THE ACCOUNTABLE
FRONTLINE MANGER
Walk away with practical 'quick wins' to effectively improve your
frontline managers and enhance productivity immediately.
G inpico
WE OWN IT!
THE ACCOUNTABL
Nn Le
Walk away with practical 'quick wins' to effectively improve your
frontline managers and enhance productivity immediately.
e
Program Overview
Frontline Managers (FMs) are the driving force behind Manufacturing
operations. Their role demands agility, precision, decision-making under
pressure—and above all—effective leadership. Yet many FM teams
encounter persistent challenges:
• Miscommunication across teams and shifts
• Low morale and disengagement during demanding periods
• Ambiguity around leadership expectations
• Difficulty holding team members (and themselves) accountable
In today’s manufacturing environment, being a Frontline Manager is no
longer just about managing tasks. It’s about leading with ownership—taking
full responsibility not only for results, but for the culture, ",Effective Frontline Leadership: Taking Ownership And Driving Productivity,We Own It! The Accountable Frontline Manager,Accountable Frontline Manager Leadership For Manufacturing Operations,The Accountable Frontline Manager: Ownership & Leadership,Empowering Frontline Managers For Enhanced Team Accountability And Performance,4.1,3.08,51.06,4.41,1.64
c-320401822c,Deep Learning Foundation with Applications in Computer Vision.pdf,Deep Learning Foundation with Applications in Computer Vision,"DEEP LEARNING
FOUNDATION WITH
APPLICATIONS IN
COMPUTER VISION
Bridge the gap between foundational data science and advanced computer
vision by learning to program, optimize, and deploy industrial-grade neural
network models from scratch.
GQ invico £
For gas
ata in,
tatus —~ eo wads
Statu d
%~10=data
) “id,
atuses[status.nane] :
atuses
DEEP LEARNING
FOUNDATION WITH
APPLICATIONS IN
COMPUTER VISION
Bridge the gap between foundational data science and advanced computer
vision by learning to program, optimize, and deploy industrial-grade neural
network models from scratch.
©
Program Overview
n this course, various machine and deep learning algorithms will be explored.
Starting from the basics of machine and deep learning, the participants will learn
how to construct various machine and deep learning systems from their basic
building blocks, and will understand how to apply them to real-world scenarios.
Python will be used for all examples and exercises during the hands-on sessions. It
is an",Deep Learning Foundation With Applications In Computer Vision,Deep Learning Foundation With Applications In Computer Vision,Deep Learning Foundations And Practical Computer Vision Applications,Deep Learning Foundation With Applications In Computer Vision,Deep Learning Foundations And Applications In Computer Vision,4.1,3.08,56.97,3.59,1.85
c-377f9d24ac,ISO 14001_2026 Internal Auditing.pdf,ISO 14001:2026 Internal Auditing (Based on 19011:2026 Guidelines),"ISO 14001:2026
INTERNAL AUDITING
(BASED ON 19011:2026
GUIDELINES)
Master the future of environmental compliance by transforming your internal
audit process into a powerful, risk-based strategic asset that aligns
seamlessly with the latest global sustainability benchmarks.
Program Overview
ISO 14001:2026 represents the latest evolution of the Environmental Management System
(EMS) standard, building on the Annex SL harmonised structure while strengthening
alignment with sustainability and organizational strategy, whilst managing issues relating
to environmental conditions (such as pollution levels, availability of natural resources,
climate change, biodiversity or ecosystem health).
Internal auditing is an integral activity to verify the effectiveness of the EMS and it
can be a valuable tool that drives improvement. The success of an audit depends very
much on the competency of the auditors.
This 2-day course provides a comprehensive training for internal auditors. It is
suitable for bot",Iso 14001:2026 Internal Auditing For Effective Environmental Management,Iso 14001:2026 Internal Auditing,Risk-Based Internal Auditing For Iso 14001:2026 Environmental Management Systems,Iso 14001:2026 Internal Auditor Training: Process & Risk-Based Auditing,Mastering Iso 14001:2026 Internal Auditing For Environmental Compliance,4.23,3.29,79.0,2.64,2.05
c-37e9d11a05,Fostering Team Collaboration with DISC Profiling Course Outline.pdf,Fostering Team Collaboration with DISC Profiling,"FOSTERING
TEAM
COLLABORATION
WITH DISC
PROFILING
Decode the driving forces behind human behavior and adapt your
communication dynamics to dissolve workplace conflict, align unique
strengths, and champion high-performing team collaboration.
G invico
FOSTERING
TEAM
COLLABORATION
WITH DISC
PROFILING
Decode the driving forces behind human behavior and adapt your
communication dynamics to dissolve workplace conflict, align unique
strengths, and champion high-performing team collaboration.
©
Program Overview
Your values, motivations and personality have the power to drive your success or
your failure at work or at home. DISC is a model of human behavior that helps
people understand why they do what they do. This engaging and interactive 2-day
workshop incorporates a DISC behavior assessment to give a more complete
understanding of yourself and others. It enhances your ability to use your natural
personality or communication style to better collaborate with others in order to
become a more in",Fostering High-Performing Team Collaboration With Disc Profiling And Behavioral Analysis,Fostering Team Collaboration With Disc Profiling,Disc Profiling For Team Collaboration And Conflict Resolution,Mastering Disc Profiling For Enhanced Team Collaboration And Communication,Enhancing Team Collaboration Through Disc Behavioral Profiling,4.18,3.05,48.67,1.59,1.63
c-39c9c20ed2,Mobile Photography Course Outline.pdf,Mobile Photography,"MOBILE
PHOTOGRAPHY
Unlock the full creative potential of your smartphone camera by mastering
professional composition, lighting control, and advanced mobile editing
techniques that turn everyday snapshots into striking visual stories.
G invico
MOBILE
PHOTOGRAPHY
Unlock the full creative potential of your smartphone camera by mastering
professional composition, lighting control, and advanced mobile editing
techniques that turn everyday snapshots into striking visual stories.
©
Program Overview
In a visual-first world, the best camera is the one that is always in your pocket. Mobile
Photography is a highly practical, 1-day masterclass designed for professionals, content
creators, and marketing leads looking to elevate their visual branding. This program strips
away the complexity of traditional photography, focusing on how to maximize mobile
camera sensors, leverage natural or artificial light, and apply advanced composition rules.
Through hands-on shooting exercises and mobile editing w",Unlocking Professional Mobile Photography For Visual Storytelling,Mobile Photography: Mastering Smartphone Cameras For Professional Imaging,"Professional Mobile Photography: Composition, Lighting, And Advanced Editing Techniques","Advanced Mobile Photography: Composition, Lighting & Professional Editing","Mastering Mobile Photography: Composition, Lighting, And Editing Techniques",3.94,3.33,47.37,20.95,1.99
c-3bcd19a655,Automotive Core Tools FMEA.pdf,Automotive Core Tools: FMEA,"AUTOMOTIVE
CORE TOOLS:
FMEA
Mitigate operational risks, safeguard product integrity, and master the latest
alignment protocols by embedding standard failure prevention logic directly
into your manufacturing lifecycle.
GO invico A
AUTOMOTIVE
CORE TOOLS:
FMEA
Mitigate operational risks, safeguard product integrity, and master the latest
alignment protocols by embedding standard failure prevention logic directly
into your manufacturing lifecycle.
©
Program Overview
Automotive Core Tools: FMEA is an intensive, 1-day masterclass engineered for
directors, managers, department heads, document controllers, and line leaders.
Available via face-to-face physical or virtual sessions, this program provides the
practical knowledge and skills required to seamlessly implement Failure Mode and
Effects Analysis. Moving step-by-step through the AIAG-VDA FMEA 1st Edition
standards, participants will learn to integrate risk-analysis structures into their
corporate ecosystems. From initial project planning ",Automotive Core Tools: Mastering Fmea For Risk-Driven Product Development And Manufacturing Operations,Automotive Core Tools: Fmea Masterclass,Aiag-Vda Fmea Masterclass For Automotive Design And Process Risk Assessment,Automotive Core Tools: Fmea,Advanced Failure Mode And Effects Analysis For Automotive Excellence,4.09,2.97,49.51,20.29,0.83
c-3c48f12c13,World Class Mindset.pdf,World Class Mindset: Nothing Is Impossible!,"WORLD CLASS
MINDSET:
NOTHING IS
IMPOSSIBLE!
Ignite your inner potential and reshape your professional path by shifting from
standard habits to an elite, growth-oriented framework where setbacks
become your greatest competitive edge.
G invico
WORLD CLASS
MINDSET:
NOTHING IS
IMPOSSIBLE!
Ignite your inner potential and reshape your professional path by shifting from
standard habits to an elite, growth-oriented framework where setbacks
become your greatest competitive edge.
©
Program Overview
Achieving top-tier performance demands a radical shift in how we approach daily
challenges. WORLD CLASS MINDSET: NOTHING IS IMPOSSIBLE! is an intensive,
experiential training program designed to break down the boundaries of a fixed
mindset and replace it with an agile, solution-driven framework. Through a
structured blend of tactical team challenges—such as collaborative structural
builds, barrier navigation, and synchronized team showcases—participants learn to
cultivate a resilient self-image, adapt",World Class Mindset: Unleashing Unstoppable Growth And Team Harmony,World Class Mindset: Nothing Is Impossible!,Cultivating Resilient Growth Mindset And Synchronized Team Performance,"World Class Mindset: Cultivating Growth, Resilience And Team Excellence",World-Class Mindset: Cultivating Resilience And Team Synergy For Success,4.16,3.44,59.58,5.29,1.85
c-3c60173fb2,Design Like A Pro Using Canva - HRDF Training.pdf,Design Like a Pro Using Canva,"DESIGN LIKE
A PRO USING
CANVA
Unlock your creative potential and elevate your corporate branding by
mastering professional, non-technical visual design strategies that eliminate
the need to outsource your marketing media.
G invico
DESIGN LIKE
A PRO USING
CANVA
Unlock your creative potential and elevate your corporate branding by
mastering professional, non-technical visual design strategies that eliminate
the need to outsource your marketing media.
Allis
©
Program Overview
Design Like a Pro Using Canva is a comprehensive, 2-day hands-on workshop tailored for
entrepreneurs, business owners, and digital marketers who want to produce stunning
visuals without needing advanced graphic design skills. The course bypasses dense
technical theory to focus entirely on practical execution and core features, guiding you
through layout navigation, branding toolkits, and social media content creation. Through
direct trainer-guided practice, you will learn how to visually establish your corporate
iden",Design Like A Pro Using Canva For Entrepreneurs And Business Owners,Design Like A Pro Using Canva,Professional Canva Design For Corporate Branding And Marketing,Design Like A Pro Using Canva For Business Branding And Social Media,Mastering Visual Design For Corporate Branding Using Canva,4.14,3.03,51.25,3.04,0.76
c-3e4975bde7,Mindset Shift Course Outline.pdf,Mindset Shift,"MINDSET
SHIFT
Empower organizational leaders to cultivate a growth-oriented mindset,
master the psychology of change, and build high-performing, empathetic
teams rooted in trust, accountability, and creative problem-solving.
Program Overview
This program is thoughtfully designed to empower leaders to cultivate a growth-
oriented mindset essential for navigating challenges and driving transformative
change in their organizations. It emphasizes the importance of self-awareness as
the foundation of effective leadership, equipping participants with the tools to
recognize their strengths, overcome personal barriers, and adopt a proactive
approach to growth.
Through an in-depth exploration of team dynamics, participants will gain insights
into the psychological drivers that motivate individuals and teams, enabling them to
foster trust, empathy, and collaboration in diverse environments. Additionally, the
program delves into the creation of positive, solution-focused work environments
where a",Empowering Leaders Through Mindset Shift And Strategic Team Building.,Empower Growth Mindset And Leadership Excellence,"Growth Mindset Leadership For Building Empathetic, High-Performing Teams","Mindset Shift: Building Empathetic, High-Performing Teams",Empowering Leaders Through Growth Mindset And Team Dynamics,4.13,3.27,52.92,2.41,0.78
c-3e9cb06950,"GITHUB, Copilot & Claude.pdf","GitHub, Copilot & Claude","GITHUB,
COPILOT &
CLAUDE
Empower your development teams to safely accelerate software delivery by
mastering AI governance, GitHub Copilot ecosystem integration, and Claude
Code agentic workflows.
GO invico £
= .
NN Saas <a 4
GITHUB,
COPILOT &
CLAUDE
Empower your development teams fo safely accelerate software delivery by
mastering Al governance, GitHub Copilot ecosystem integration, and Claude
Code agentic workflows.
©
Program Overview
In an era where software delivery velocity is paramount, modern developers must
transition from traditional manual programming to highly strategic, AI-assisted
engineering. This intensive three-day masterclass guides technical professionals through
the secure adoption of advanced AI development tools, centering on GitHub Copilot and
Claude Code. Participants will establish a baseline for responsible AI governance,
learning to balance rapid delivery with mandatory human-in-the-loop verification and
enterprise compliance. Through rigorous hands-on applicat",Advanced Ai Development Tools For Accelerating Software Delivery.,Mastering Github Copilot And Claude Code For Ai-Assisted Software Development,"Ai-Assisted Software Development: Github Copilot, Claude Code & Agentic Workflows","Ai Governance, Github Copilot & Claude Code Agentic Workflows",Mastering Ai Tools For Enhanced Software Development With Github Copilot And Claude,4.17,3.28,73.51,7.34,0.76
c-406b591122,DOE 2 (Factorial Experiments).pdf,DOE 2 (Factorial Experiments),"DOE 2
(FACTORIAL
EXPERIMENTS)
Analyze complex multi-factor interactions, master fractional screening
strategies, and utilize advanced software modeling to optimize manufacturing
processes and drive precise engineering decisions.
Program Overview
Building on foundational comparative techniques, this intensive 2-day course equips
technical professionals with the methodology to design and analyze multi-factor industrial
processes. Moving beyond single-variable testing, participants will explore the mechanics
of full and fractional factorial designs alongside screening experiments. Using JMP
software, learners will gain hands-on experience identifying main effects, evaluating
structural aliasing, and manipulating prediction profilers. This workshop bridges statistical
modeling with real-world application, enabling teams to isolate critical process drivers,
minimize experimental runs, and rapidly implement optimal engineering solutions.
Learning Objectives
By the end of the course, particip",Design And Analysis Of Multi-Factor Industrial Processes With Jmp Software,Advanced Factorial Experiment Design And Analysis,Advanced Factorial And Fractional Doe For Multi-Process Optimization With Jmp,Advanced Design And Analysis Of Factorial Experiments With Jmp,Advanced Multi-Factor Analysis And Optimization Using Jmp Software,4.16,3.25,43.96,15.78,0.75
c-4110493276,Microsoft Excel Formulas & Functions.pdf,Microsoft Excel Formulas & Functions,"MICROSOFT
EXCEL
FORMULAS &
FUNCTIONS
Master advanced syntax and calculation logic, streamline intricate multi-
sheet data lookups, and deploy powerful array formulas to quickly isolate
business trends and elevate corporate efficiency.
Program Overview
Navigating large datasets efficiently is vital for today’s data-centric career roles. This
intensive 2-day technical workshop equips intermediate users with the advanced skills
required to transform raw rows of numbers into actionable business decisions. Moving far
beyond simple addition, participants will dive deep into structural operators, cell
referencing techniques, and multi-sheet range naming methods. Through guided hands-
on modules, learners will master a broad spectrum of built-in functions—spanning core
text, database, and lookup formulas—before advancing to single and multi-cell array
calculations. Technical professionals will leave fully prepared to optimize data readability
and dramatically accelerate daily reporting efficie",Advanced Excel Formulas And Functions For Data-Driven Decision Making,Advanced Microsoft Excel Formulas & Functions,"Advanced Excel Formulas, Multi-Sheet Lookups & Array Calculations For Business Data Analysis",Advanced Excel Formulas Functions And Array Calculations For Business Analysis,Mastering Advanced Excel Formulas And Functions For Data Analysis,4.07,2.96,62.72,2.24,1.49
c-4155f58aff,AI in Action for Strategic Professionals (1 Day).pdf,AI in Action for Strategic Professionals,"AI IN ACTION
FOR STRATEGIC
PROFESSIONALS
Accelerate executive insight and deliver data-verified, framework-driven
business proposals by mastering advanced retrieval-augmented generation
(RAG) and multi-model verification workflows.
(1 DAY)
G inv
ALIN ACTION
FOR STRATEGIC
PROFESSIONALS
(1 DAY)
Accelerate executive insight and deliver data-verified, framework-driven
business proposals by mastering advanced retrieval-augmented generation
(RAG) and multi-model verification workflows.
hed Fre Dcoxnp bed
©
Program Overview
In a business climate demands rapid clarity, strategic professionals are challenged to
quickly navigate vast financial datasets, extract shifting industry trends, and produce
high-impact communications under compressed timelines. This high-impact, one-day
hands-on workshop bridges the gap between raw data and executive execution.
Participants bypass generic AI chat use cases to master specialized frameworks—
integrating advanced prompt mastery, RAG-enabled workflows for ci",Advanced Ai-Driven Strategic Analysis For Business Leaders.,Ai In Action For Strategic Professionals: Master Rag And Multi-Model Verification Workflows,"Ai-Driven Strategic Analysis: Rag Workflows, Multi-Model Verification, And Board-Ready Proposals",Ai In Action For Strategic Professionals,Advanced Ai Strategies For Strategic Decision-Making Professionals,4.05,3.39,52.05,2.95,1.82
c-41582c1456,Sales Excellence Training Program Course Outline.pdf,Sales Excellence Training Program,"SALES
EXCELLENCE
TRAINING
PROGRAM
Bridge the gap between your sales and marketing objectives, transform client
rejections into revenue, and elevate your customer relations through a unified,
high-impact persuasion framework.
G invico
SALES
EXCELLENCE
TRAINING
PROGRAM
-
Bridge the gap between your sales and marketing objectives, transform client
rejections into revenue, and elevate your customer relations through a unified,
high-impact persuasion framework.
©
Program Overview
Many organizations struggle with a costly disconnect: sales teams face frustration
and rejection, while marketing and sales misalign on lead generation and follow-
up. Sales Excellence Training Program is an intensive, 2-day masterclass designed
to centralize marketing and sales plans into a singular, revenue-generating
strategy. Through hands-on people skills development, participants will master a
structured 5-step sales flow, emotional persuasion techniques, and customer
service etiquette. By cultivating a winni",Sales Excellence Training Program,Sales Excellence Training Program: Bridging Marketing And Sales For Revenue Growth,"Strategic Sales Persuasion, Negotiation Mastery, And Customer Relationship Excellence",Strategic Sales Excellence: Bridging Marketing Goals With Persuasive Techniques,Sales Mastery: Elevating Communication And Customer Engagement Skills,4.09,3.38,62.66,10.97,0.75
c-41695b3176,Creative & Structured Problem Solving & Think Out of the Box.pdf,Creative & Structured Problem Solving & Think Out of the Box,"CREATIVE &
STRUCTURED
PROBLEM SOLVING
&
THINK OUT OF THE
BOX
Break free from restrictive thinking patterns and dismantle technical
bottlenecks by systematically blending rigid engineering logic with inventive,
out-of-the-box creativity.
Program Overview
Creative & Structured Problem Solving & Think Out of the Box is an intensive 2-day
technical workshop engineered specifically for Equipment and Operation
Specialists to elevate their troubleshooting and process improvement capabilities.
This active learning program masterfully bridges the gap between structured
analytical data and creative ideation by introducing the world-class TRIZ (Theory of
Inventive Problem Solving) philosophy. Through interactive hands-on workshops,
participants will learn to dismantle engineering contradictions, map system
functions, and challenge routine assumptions. Attendees leave equipped with
practical tools like Reverse Thinking and the 40 Inventive Principles to continuously
challenge established workplace",Creative Problem Solving With Triz & Advanced Strategic Thinking,Creative & Structured Problem Solving & Think Out Of The Box,Triz Creative And Structured Problem Solving For Engineering Specialists,Mastering Triz And Creative Thinking For Technical Problem Solving,Creative Problem Solving And Innovation Techniques Using Triz Principles,4.15,3.44,61.74,2.78,0.85
c-436063a2f7,Executive One Day High Impact Team Program.pdf,Executive One-Day High Impact Program,"EXECUTIVE
ONE-DAY HIGH
IMPACT TEAM
PROGRAM
Ignite organizational performance and forge unbreakable team bonds through
a high-impact blend of adrenaline-fueled outdoor challenges and strategic
indoor behavioral reflection.
Program Overview
The Executive One-Day High Impact Team Program is a dynamic, fast-paced
workshop designed to transform your workforce into a cohesive, high-performing
strategic unit. Recognizing that teams are the vital core of corporate strategy, this
program balances high-energy outdoor rope and climbing courses with reflective
indoor behavioral exercises. Activities are engineered with safety at the forefront
while delivering deep insights into self-awareness, personal breakthrough, and
situational leadership. Participants will cultivate critical thinking, break down
communication barriers, and build a unified, resilient attitude to drive rapid
corporate results.
Learning Objectives
By the end of the course, participants will be able to:
Overcome mental barriers, ",Building Unbreakable Teams Through High-Impact Leadership,Executive One-Day High Impact Team Program,"Executive Team Building, Situational Leadership, And Communication Through Outdoor Adventure",High-Impact Team Leadership And Communication Through Outdoor Challenges,High-Impact Team Building And Leadership Development Program,4.14,3.09,67.07,16.18,2.19
c-43c8e32496,Employees Engagement Heart & Mind Matters Course Outline.pdf,Employees Engagement: Heart & Mind Matters,"Employees Engagement:
Heart & Mind Matters
Employees have long been identified as
the
most
valuable
asset
in
any
organization.
Employee engagement is the critical
driver of business success in today's
competitive marketplace. High levels of
engagement promote retention of talent,
improve organizational performance and
stakeholder value.
An engaged team is highly relevant,
fantastic performance and producing the
expected result. They are motivated, self-
driven, go-getter, and self-sustaining.
In times of difficulties, the engagement
gave way to the resource constraint,
workload overwhelming and stress of
losing the job. Employees tuned into a
self-preservation mode, avoidance, some
may loss the sense of purpose.
Employees often need more support than
usual from senior leadership, but it isn’t
always easy for leaders to leading in
difficult times to know the best ways to
meet their employees’ needs.
In this workshop, we are looking into how
leaders
can
be
adaptable
to
meet
employees’ sh","Employee Engagement: Unlocking Heart, Mind, And Purpose",Employee Engagement Through Caring And Empathy Cultivation,"Re-Engaging Employees Through Empathetic Leadership, Psychological Wellbeing, And Purpose-Driven Motivation","Leadership Strategies For Employee Engagement: Appreciation, Empathy, And Goal Setting",Fostering Employee Engagement Through Empathy And Purposeful Leadership,4.21,3.43,71.93,2.21,1.82
c-4641af0228,SAP Crystal Report for Enterprise.pdf,BI - SAP Crystal Report for Enterprise,"BI - SAP
CRYSTAL
REPORT FOR
ENTERPRISE
Transform raw corporate data into dynamic, high-impact visual intelligence by
mastering the advanced query, design, and conditional reporting capabilities
of the SAP platform.
O inpisos
BI - SAP
CRYSTAL
REPORT FOR
ENTERPRISE
Transform raw corporate data into dynamic, high-impact visual intelligence by
mastering the advanced query, design, and conditional reporting capabilities
of the SAP platform.
©
Program Overview
BI - SAP Crystal Report for Enterprise is an intensive, 2-day technical workshop built
for Application Consultants, Business Analysts, and Power Users seeking to elevate
their data presentation. This practical course guides participants through the entire
report lifecycle—from initial data source connection and query construction to
advanced layout formatting and report distribution via the SAP BusinessObjects BI
platform. Attendees will dive deep into creating nested groups, building complex
logical formulas, and designing conditional",Mastering Sap Crystal Report For Enterprise Reporting Solutions,Advanced Sap Crystal Report Design For Enterprise Reporting,"Advanced Sap Crystal Reporting For Enterprise Query Design, Formulas, And Visual Analytics",Bi Sap Crystal Report For Enterprise: Advanced Query And Conditional Reporting,Advanced Reporting Techniques With Sap Crystal Reports For Enterprise,4.05,3.02,60.78,14.97,0.95
c-4642fbdd8c,Growth Mindset 2 Course Outline.pdf,Growth Mindset 2,"GROWTH
MINDSET 2
GROWTH
MINDSET 2
Reframe Challenges, Redefine Success,
Reinvent Yourself.
Reframe Challenges, Redefine Success,
Reinvent Yourself.
Overview
Overview
This program is thoughtfully designed to empower organizations to
cultivate a growth-oriented mindset essential for navigating challenges &
driving transformative change in their organizations. It emphasizes the
importance of self-awareness as the foundation of growth mindset,
equipping participants with the tools to recognize their strengths,
overcome personal barriers & adopt a proactive approach to growth.
Through an in-depth exploration of team dynamics, participants will gain
insights into the psychological drivers that motivate individuals & teams,
enabling them to foster trust, empathy & collaboration in diverse
environments. The program delves into the creation of positive, solution-
focused work environments where accountability & innovation thrive,
ensuring participants are prepared to inspire & lead.
Learning Ob",Advanced Growth Mindset And Leadership Development,Cultivating A Growth Mindset For Leadership Success,"Growth Mindset Leadership: Reframe Challenges, Empower Teams, And Drive Innovation","Growth Mindset 2: Reframe Challenges, Redefine Success, Reinvent Yourself",Cultivating A Growth Mindset For Transformational Leadership,4.16,3.37,50.31,5.71,1.48
c-47a33d722c,Personal Influence & Psychology of Interaction Course Outline.pdf,Personal Influence & Psychology of Interaction,"PERSONAL
INFLUENCE &
PSYCHOLOGY OF
INTERACTION
Gain practical strategies you can apply
immediately to enhance your influence and build
stronger, more impactful connections within your
organization!
G inv
PERSONAL
INFLUENCE &
PSYCHOLOGY OF
INTERACTION
c
Gain practical strategies you can apply
immediately to enhance your influence and build
stronger, more impactful connections within your
organization!
e p®
dey
tg pO
aw
GI Geen...
RRM con UII
Dy
e
Program Overview
Communication is one of the most important tools in any business
environment, and it's no surprise that innovation often follows better
communication. When employees are able to interact effectively, they can
discuss ideas and strategies  that can improve processes, increase
efficiency, and result in new products and services. In this session, we'll
discuss how better communication leads to innovation, including a look at
the potential benefits for any organization.
Learning Objectives
Setting the platform for how everybody win",Improving Personal Influence And Effective Communication For Business Success,Personal Influence & Psychology Of Interaction,Personal Influence And Psychology Of Interaction Through Transactional Analysis,Personal Influence And Psychology Of Interaction,Personal Influence And Effective Communication Strategies For Leadership,4.17,3.08,66.17,3.12,1.95
c-4886288c14,AI Foundation & Custom GPT for Engineers Course Outline.pdf,AI Foundation & Custom GPT for Engineers,"Walk away with practical “quick wins” to effectively integrate
AI and Custom GPT into your engineering workflows and
enhance productivity immediately.
AI FOUNDATION
& CUSTOM GPT
FOR ENGINEERS
Enhance your engineering processes by mastering AI-driven
automation and optimization strategies, improving efficiency and
performance.
Overview
AThis one-day training program is specifically tailored for manufacturing
engineers, providing a comprehensive introduction to the foundational principles
of Artificial Intelligence (AI) and Generative Pre-trained Transformers (GPT). The
course aims to bridge the gap between theoretical understanding and practical
application by equipping participants with the knowledge and skills to leverage
these technologies effectively. Through this program, participants will learn to
craft effective AI prompts and develop a custom GPT model tailored to their
unique workflows. The focus is on enabling automation and optimization of tasks
to enhance efficiency and prod",Advanced Ai And Custom Gpt For Enhanced Engineering Productivity And Efficiency,Ai Foundation & Custom Gpt For Engineers,Ai Foundations And Custom Gpt Development For Manufacturing Engineers,Ai Foundations And Custom Gpt For Engineering Applications,Ai-Driven Automation And Custom Gpt For Engineering Excellence,4.14,3.31,52.57,5.23,1.8
c-493724d2f6,"Growth Mindset Building the Habits to Learn, Adapt & Thrive in a Changing Workplace.pdf","Growth Mindset Building the Habits to Learn, Adapt & Thrive in a Changing Workplace","FUTURE READY™ MINDSETS
Building the Habits to
Learn, Adapt & Thrive
in a Changing Workplace
Develop a Growth Mindset
to embrace change,
overcome setbacks and
create your best future.
A PRACTICAL
WORKSHOP
FOR HIGH PERFORMANCE
& FUTURE READINESS
THE 5 GROWTH PRACTICES™ ————
000
3. ADAPT BETTER™
Replace limiting Be curious, seek Embrace change, Learn from others
beliefs and see feedback and build resilience and create a culture
possibilities. keep growing. and stay agile. that helps all grow.
GROW TODAY. ADAPT TOMORROW.
Empowering individuals. Strengthening teams. Building future ready organisations.
Build habits for
continuous
improvement.
PART OF THE
FUTURE READY™
DEVELOPMENT ECOSYSTEM
PAGE 2
TODAY’S WORKPLACE REALITIES
RAPID CHANGE & DISRUPTION
Technology, Al and market shifts are
transforming the way we work.
HIGHER EXPECTATIONS
Organisations expect more agility,
innovation and continuous improvement
from everyone.
UNCERTAINTY IS THE NEW NORMAL
We face constant change, new challenges
",Future-Ready Mindsets For Personal And Organizational Growth And Success,"Building The Growth Mindset To Learn, Adapt & Thrive","Growth Mindset: Building Learning Agility, Resilience, And Adaptive Habits For Future Readiness","Building Growth Mindset Habits To Learn, Adapt, And Thrive","Growth Mindset Mastery: Cultivating Habits To Learn, Adapt, And Thrive",4.36,3.76,71.93,7.98,0.94
c-4a1aeb9eee,Design of Experiment Using JMP.pdf,Design of Experiment Using JMP,"DESIGN OF
EXPERIMENT
USING JMP
Master the principles of Design of Experiments with JMP through hands-on
activities, real-world case studies, and practical modeling techniques to
optimize processes with confidence.
Program Overview
Design of Experiments (DOE) is a methodology for planning and conducting a
series of experimental runs in which controlled changes are made to inputs in order
to observe and identify causes for changes in the outputs of a system or process.
This interactive activity filled course is created with the purpose of:
Apply systematic experimentation
Find important factors impact process output
Optimize a specific process output
Learning Objectives
By the end of the course, participants will be able to:
Understand DOE concept and terms
Able to design an experiment using JMP
Use JMP to conduct & find modelling
Finalize what are the critical parameters impact a process
Duration
Two (2) Full-Day Workshop
Design of Experiment Using JMP
Pre-Requisites
Student already hav",Advanced Design Of Experiments Using Jmp Software,Design Of Experiments Using Jmp,Design Of Experiments And Process Optimization Using Jmp,Design Of Experiments Using Jmp: Hands‑On Process Optimization,Design Of Experiments Mastery Using Jmp Software,4.07,3.21,49.94,4.62,0.81
c-4a7325fcfd,Infographic using PowerPoint.pdf,Creating Infographics Quickly with PowerPoint,"CREATING
INFOGRAPHICS
QUICKLY WITH
POWERPOINT
Transform dense, text-based data into visually stunning, highly shareable
infographics using advanced PowerPoint drawing tools, strategic data
storytelling, and dynamic custom animations.
Program Overview
In recent years, the term infographic has typically come to mean an easily
shareable information visual with multiple illustrations in one graphic. These seem to
have a way of going viral because they give the viewer that exciting feeling of
understanding complexity in just a single image file. Many learners describe
themselves as ""visual learners."" This means that they would rather get a simple,
concise image or chart that conveys information. Data means to the most to this
crowd when there are charts and graphs that drive the message home. All this can
be done within Microsoft PowerPoint, the most used Presentation Application.
Learning Objectives
By the end of the course, participants will be able to:
Craft a visual representation of a ",Creating Visual Storytelling With Powerpoint Infographics,Creating Infographics Quickly With Powerpoint,Advanced Powerpoint Infographic Design And Visual Data Storytelling,Creating Impactful Infographics With Powerpoint: Drawing Tools & Data Storytelling,Creating Engaging Infographics Using Advanced Powerpoint Techniques,4.06,3.0,44.65,6.38,1.73
c-4bf1e54041,Technical Troubleshooting and Decision Making a Structured Approach to Solution.pdf,Technical Troubleshooting and Decision Making: A Structured Approach to Solution,"TECHNICAL
TROUBLESHOOTING
AND DECISION
MAKING A
STRUCTURED
APPROACH TO
SOLUTION
Sharpen your diagnostic logic, isolate complex system faults with systematic
precision, and execute rational, data-driven decisions to maximize equipment
reliability and operational safety
Program Overview
Technical Troubleshooting and Decision Making: A Structured Approach to Solution
is an intensive, 2-day technical workshop engineered for multidisciplinary
engineering and operations teams. Because the quality of your operational results
depends entirely on the quality of your decisions, this course delivers a rigorous
framework to analyze systemic failures, protect component safety, and maintain
peak functionality. Moving beyond trial-and-error methods, participants will explore
sophisticated failure classifications, P-F curve prioritization, and root cause analysis
toolkits like the 5 Whys and Ishikawa diagrams. By merging diagnostic reliability
tools with lean error-proofing and predictive maintenance ",Technical Troubleshooting And Decision Making: A Structured Approach To Solution,Technical Troubleshooting And Decision Making: A Structured Approach To Solution,Systematic Technical Troubleshooting And Data-Driven Decision Making For Engineering Operations,Technical Troubleshooting And Decision Making: A Structured Approach To Solution,Technical Troubleshooting And Decision Making For Enhanced Operational Reliability,4.14,3.38,57.75,5.46,1.88
c-4c451c9778,Prep-Course for CTFL - HRDF Training.pdf,Prep-Course for CTFL,"PREP-COURSE
FOR CTFL
Master the core methodologies of international software verification and
accelerate your engineering capabilities by aligning theoretical testing
principles with rigorous, real-world execution strategies.
6 INDIGO.
PREP-COURSE
FOR CTFL
Master the core methodologies of international software verification and
accelerate your engineering capabilities by aligning theoretical testing
principles with rigorous, real-world execution strategies.
©
Program Overview
In the era of Industry Revolution 4.0, Software Development and Testing are key skill set
needed by many companies and organization across the world. The good news is we have
a comprehensive Software Testing Syllabus to develop Software Testing skill set among IT
and Software Professionals as well as anyone who are interested to learn this skill set.
In this technical workshop, we will combine the theories of Software Testing as well
to provide hands-on practices to ensure participants fully understand and acquire",Mastering International Software Verification And Testing For Ctfl Certification,Mastering Software Testing Fundamentals And Techniques,"Software Testing Fundamentals, Techniques, And Management For Ctfl Preparation",Software Testing Fundamentals And Techniques For Ctfl Certification,Mastering Software Testing Methodologies For Effective Engineering Practices,4.1,3.03,57.21,3.01,0.82
c-4ecfa07aad,Nurturing Positive Energy.pdf,Nurturing Positive Energy,"NURTURING
POSITIVE
ENERGY
Ignite a high-performance culture across your technical teams by unlocking
personal strengths, mastering self-motivation, and building the verbal
confidence required to uplift daily workplace collaboration.
G invico
NURTURING
POSITIVE
ENERGY
Ignite a high-performance culture across your technical teams by unlocking
personal strengths, mastering self-motivation, and building the verbal
confidence required to uplift daily workplace collaboration.
©
Program Overview
""Nurturing Positive Energy"" is a one-day intensive workshop designed to foster
selfawareness, motivation, and positivity among technicians. Through a series of
interactive activities, discussions, and reflective practices, participants will explore
how to harness and enhance their personal strengths, cultivate a supportive team
environment, and confidently communicate to uplift themselves and their
colleagues. The training aims to transform the workplace into a thriving, energetic,
and supportive sett",Nurturing Positive Energy For High-Performance Technical Teams,Nurturing Positive Energy: Enhancing Self-Awareness And Workplace Positivity,"Cultivating Self-Motivation, Verbal Confidence, And Team Collaboration For Technical Teams",Cultivating Positive Energy For High-Performance Technical Teams,Cultivating High-Performance Culture Through Positive Energy And Self-Motivation,4.1,3.07,66.39,1.75,1.25
c-4ef96a96f2,Speaking Up For Progress.pdf,Speak Up for Progress,"SPEAK UP
FOR
PROGRESS
Break the cycle of workplace silence, articulate your ideas with absolute
clarity, and assert your perspective confidently to drive meaningful
organizational progress.
G invico
SPEAK UP
FOR
PROGRESS
Break the cycle of workplace silence, articulate your ideas with absolute
clarity, and assert your perspective confidently to drive meaningful
organizational progress.
e
Program Overview
Remaining silent in the workplace can inadvertently signal approval and stifle
organizational growth, yet speaking up often requires deep tactical skill. This
comprehensive 1-day workshop empowers middle- to senior-level executives
to confidently find their voice and make a lasting impact. Participants will
explore why people stay quiet, assess their own communication styles, and
discover the secrets of great speakers. By mastering proactive planning,
precise articulation, and the C.R.A.V.E. formula, you will learn to navigate
critical workplace situations while remaining cool, calm, a",Speak Up For Meaningful Organizational Progress And Growth.,Speak Up For Progress: Articulating Ideas For Organizational Impact,Articulating Ideas With Clarity And Confidence For Organizational Progress,Speak Up For Progress: Mastering Confident Workplace Communication,Empowering Voices: Mastering Communication For Organizational Progress,4.06,3.28,53.46,3.89,0.91
c-51f2c112d1,Practical VDA 6.3 Process Audit Workshop (2023 Edition).pdf,Practical VDA 6.3 Process Audit Workshop (2023 Edition),"PRACTICAL
VDA 6.3 PROCESS
AUDIT WORKSHOP
(2023 EDITION)
Align your manufacturing standards with premium German automotive
expectations by mastering the scoring metrics, questionnaires, and core
competencies of the VDA 6.3 process audit framework.
G invico
=
—-
PRACTICAL
VDA 6.3 PROCESS
AUDIT WORKSHOP
(2023 EDITION)
Align your manufacturing standards with premium German automotive
expectations by mastering the scoring metrics, questionnaires, and core
competencies of the VDA 6.3 process audit framework.
©
Program Overview
This 2-day course is designed with the basics of understanding and implementing the
VDA 6.3 Process Audit (2023) with performing process audits by according to
requirements, considering the process-oriented approach and customer specific
requirements for comprehensive application in the automotive industry.
VDA 6.3 has been widely used and mandated by certain vehicle makers within the
German Automotive supply chain and being specified as their Customer Specific
Require",Mastering Vda 6.3 Process Audit For Automotive Manufacturing Standards,Practical Vda 6.3 Process Audit Workshop (2023 Edition),Practical Vda 6.3 Process Audit For Automotive Manufacturing,Mastering Vda 6.3 Process Audit For German Automotive Supply Chain,Practical Vda 6.3 Process Audit Mastery For Automotive Excellence,5.89,3.32,50.76,9.95,2.11
c-5321c46109,FSSC 22000 Internal Audit Training (Based on ISO 22002-1&100 and Version 7).pdf,FSSC 22000 Internal Audit Training (Based on ISO 22002-1&100 and Version 7),"FSSC 22000
INTERNAL AUDIT
TRAINING
(BASED ON ISO 22002-1 &
100 AND VERSION 7)
Ensure the integrity of your food safety management system by mastering risk-
based internal auditing techniques aligned with the latest FSSC 22000
requirements.
G invico
FSSC 22000
INTERNAL AUDIT
TRAINING
(BASED ON ISO 22002-1 &
100 AND VERSION 7)
Ensure the integrity of your food safety management system by mastering risk-
based internal auditing techniques aligned with the latest FSSC 22000
requirements.
©
Program Overview
FSSC 22000 is a GFSI recognized certification for Food Safety Management System
(FSMS) that includes ISO 22000:2018 based on the ISO High Level Structure of
Management Systems, sector specific PRP, additional requirements supported by the
latest Board of Stakeholders (BoS) decisions.
Auditing is an integral activity to verify the effectiveness of the FSMS and it can be a
valuable tool that drives improvement. The success of an audit depends very much on the
competency of the auditors. Th",Mastering Food Safety Management System Auditing With Fssc 22000,Fssc 22000 Internal Audit Training: Risk-Based Techniques For Food Safety Management,Fssc 22000 Risk-Based Internal Audit For Food Safety Management,Fssc 22000 Internal Audit Training: Risk-Based Auditing Techniques,Fssc 22000 Internal Audit Techniques For Food Safety Management Systems,3.88,3.51,55.29,5.7,1.61
c-541cb1c0bf,Lean Manufacturing with Generative AI Applications.pdf,Lean Manufacturing with Generative AI Applications,"LEAN
MANUFACTURING
WITH GENERATIVE
AI APPLICATIONS
Improving Flow, Reducing Waste & Driving Continuous Improvement in
Manufacturing
O invico /
LEAN
MANUFACTURING
WITH GENERATIVE
Al APPLICATIONS
Improving Flow, Reducing Waste & Driving Continuous Improvement in
Manufacturing
©
Program Overview
Lean Manufacturing is a practical improvement approach that focuses on creating customer
value by reducing waste, improving process flow, and building a culture of continuous
improvement. In today’s manufacturing environment, organizations are facing increasing pressure
to improve productivity, reduce cost, shorten lead time, and respond faster to customer
requirements. This 2-day programme introduces participants to the core concepts and tools of
Lean Manufacturing, including value-added analysis, 7 wastes, Value Stream Mapping, flow, pull
system, 5S, Kaizen, standard work, one-piece flow, and visual management. To enhance the
practical application of Lean, this course also introduces the use of ",Advanced Strategic Management For Enhanced Manufacturing Efficiency And Productivity Through Generative Ai Applications,Lean Manufacturing With Generative Ai Applications,Lean Manufacturing With Generative Ai For Waste Reduction And Continuous Improvement,Lean Manufacturing With Generative Ai: Waste Identification And Flow Improvement,Lean Manufacturing Optimization With Generative Ai Techniques,4.19,3.5,62.76,3.81,0.76
c-55de08e6a5,Finding Your Colored Brain - HRDF.pdf,Finding Your Colored Brain,"1
Finding Your Colored
Brain
Unlock
Your
Genetic
Thinking
Process to Master Communication &
Team Synergy
Finding Your Colored Brain
Welcome to a transformative workshop designed to revolutionize how
you understand and interact with your team. Discover the hidden
forces that drive communication, collaboration, and conflict within
any organization.
Training Needs We Address
3
Communication Friction: Misunderstandings
between departments or team members due to
different processing styles.
Inefficient Management: Spending too much time
resolving ""people issues"" rather than executing
strategy.
Low Influence: Difficulty in persuading others or
getting buy-in for your ideas.
Team Disconnect: Diverse teams that are high in
talent but low in synergy and alignment.
Solving People-Centric Challenges Content:
Finding Your Colored Brain
Why This Workshop Matters
Stop Managing People Issues, Start Leading Performance.
The Struggle:
You are highly skilled but stumble over people
management or buildin",Unlocking Colored Brain Dynamics For High-Performing Teams,Mastering Colored Brain Dynamics For High-Performance Teams,Colored Brain Communication Mastery For Leadership And High-Performance Team Synergy,Building High‑Performing Teams Through Colored Brain Insights,Unlocking Team Dynamics Through Colored Brain Communication Techniques,4.18,3.48,67.58,12.3,1.52
c-56a44e8300,Master Resilient Leadership & Overcome Obstacles Course Outline.pdf,Master Resilient Leadership & Overcome Obstacles,"MASTER RESILIENT
LEADERSHIP & OVERCOME
OBSTACLES
U
Walk away with a list of key “quick wins” cases
you can start right away in the organization!
e
G inpico
Master Resilient Leadership & Overcome Obst
¢ Program Overview
Leadership isn’t just about skills and strategies—it’s about resilience. It’s
about staying clearheaded when everything feels uncertain, making tough
calls under pressure, and guiding your team through challenges without
burning out. The truth is, no leader is immune to setbacks, but resilient
leaders know how to adapt, recover, and keep moving forward.
If you've ever felt overwhelmed by change, struggled to maintain energy
and focus, or found it hard to lead effectively when things don’t go as
planned, this program is for you. Resilient leadership isn’t about avoiding
stress—it’s about building the inner strength to thrive despite it.
This program isn’t just theory—it’s a hands-on, interactive experience
designed to help you develop real-world resilience. Through engagi",Master Resilient Leadership: Thriving Under Pressure,Master Resilient Leadership & Overcome Challenges,"Resilient Leadership: Leading Through Change, Managing Pressure, And Building Team Strength",Resilient Leadership: Strategies To Overcome Obstacles And Thrive Under Pressure,Mastering Resilient Leadership: Strategies For Overcoming Challenges In Uncertain Times,4.14,3.16,53.37,3.67,1.73
c-573f77fc5c,Effective Implementation of Total Productive Maintenance Towards Zero Losses.pdf,Effective Implementation of Total Productive Maintenance Towards Zero Losses,"EFFECTIVE
IMPLEMENTATION OF
TOTAL PRODUCTIVE
MAINTENANCE
TOWARDS ZERO
LOSSES
Eliminate operational equipment failures, optimize manufacturing efficiency,
and build a culture of shared responsibility by embedding the foundational
pillars of Total Productive Maintenance into your daily facility operations.
Program Overview
Effective Implementation of Total Productive Maintenance Towards Zero Losses is a
comprehensive, 2-day practical masterclass designed for plant managers,
maintenance engineers, production supervisors, and operational excellence leads.
This program uncovers the core methodology of TPM, focusing on the strategic
elimination of the ""Six Big Losses"" that drain manufacturing productivity. Moving
step-by-step through the primary pillars—including Autonomous Maintenance (AM),
Planned Maintenance (PM), and Focused Improvement—participants will learn to
measure and calculate Overall Equipment Effectiveness (OEE) accurately. Through
interactive workshops and real-world case stud",Total Productive Maintenance Towards Zero Losses And Zero Breakdowns,Effective Implementation Of Total Productive Maintenance Towards Zero Losses,Total Productive Maintenance Implementation For Zero-Loss Manufacturing And Oee Excellence,Total Productive Maintenance Implementation For Zero Losses,Effective Total Productive Maintenance Strategies For Operational Excellence,4.19,3.22,50.55,4.76,1.58
c-5904065e98,Team Development Program.pdf,Team Development Program,"TEAM
DEVELOPMENT
PROGRAM
Transform organizational synergy and strengthen corporate alignment by
blending active outdoor problem-solving with targeted indoor resilience
strategies to build a cohesive, highly motivated unit.
Program Overview
In successful organizations, teams serve as the vital building blocks that drive core
strategies, efficiency, and performance. This full-day Team Development Program is
specifically structured around a balanced blend of 60% indoor and 40% outdoor activities
engineered to enhance how colleagues operate together. Designed with safety,
reflection, and humor in mind, the training shifts participants from individual focus to
collective alignment. By addressing real-world problem-solving, workplace stress, and
diverse character attributes, this interactive session empowers teams to overcome daily
obstacles, build resilient mindsets, and foster an unyielding, unified attitude toward
organizational success.
Learning Objectives
By the end of the course, parti",Advanced Team Development And Resilience Strategies For Corporate Excellence,Team Development Program: Building Synergistic And Resilient Units,Building Cohesive Teams Through Active Problem-Solving And Mental Resilience,Team Development Program: Enhancing Collaboration And Resilience,Cohesive Team Development Through Problem-Solving And Resilience Strategies,4.07,3.04,62.14,1.31,1.45
c-59afbf8ddc,Commonality Analysis Course Outline.pdf,Commonality Analysis (CA),"COMMONALITY
ANALYSIS
(CA)
Find the true causes of production defects, use basic data charts to spot
system shifts, and prevent costly manufacturing yield losses.
(Gy INDIGO,
COMMONALITY
ANALYSIS
(CA)
Find the true causes of production defects, use basic data charts to spot
system shifts, and prevent costly manufacturing yield losses.
SN ae Fi
ll UU Ko
e
Commonality Analysis (CA)
Program Overview
In advanced manufacturing, identifying the exact source of a product defect among
thousands of overlapping variables is a critical challenge. This technical 2-day course
equips engineers, statisticians, and yield analysts with the structured framework of
Commonality Analysis (CA) to confidently validate root causes. Moving from initial
problem signal detection to advanced statistical modeling, participants will learn how to
systematically prepare datasets and navigate interpretation issues. By mastering data
visualization and baseline shift detection algorithms, teams will leave fully capable o",Commonality Analysis (Ca) For Root Cause Investigation And Yield Analysis,Advanced Commonality Analysis For Manufacturing Defects,Commonality Analysis For Manufacturing Defect Root Cause Validation And Yield Stabilization,Commonality Analysis For Manufacturing Defect Root Cause Investigation,Commonality Analysis For Manufacturing Defect Resolution,4.1,3.32,46.81,6.97,1.38
c-5a0812b22f,Automotive Core Tools APQP & PPAP.pdf,Automotive Core Tools: APQP & PPAP,"AUTOMOTIVE
CORE TOOLS:
APQP & PPAP
Production Part Approval Process (PPAP) is intended to provide the evidence
that all customer engineering design record and specification requirements
are properly understood by the organization
G invico
AUTOMOTIVE
CORE TOOLS:
APOP & PPAP
Production Part Approval Process (PPAP) is intended to provide the evidence
that all customer engineering design record and specification requirements
are properly understood by the organization
©
Program Overview
Advanced Product Quality Planning (APQP) is a methodology used from early planning,
design phase, or process analysis in accordance with requirements of the customer. It
aids an organization to product a product quality plan which will support the
development of a product or service that will satisfy the customers.
Production Part Approval Process (PPAP) is intended to provide the evidence that all
customer engineering design record and specification requirements are properly
understood by the organization ",Advanced Product Quality Planning And Production Part Approval Process For Automotive Manufacturers,Advanced Product Quality Planning And Production Part Approval Process For Automotive,Automotive Core Tools: Apqp And Ppap For Quality Planning And Part Approval,Apqp And Ppap Fundamentals For Automotive Quality Management,Advanced Product Quality Planning And Production Part Approval Process In Automotive,4.05,3.26,56.62,2.58,1.55
c-5bf2657eb3,Vital & Applied Stats 101.pdf,Vital & Applied Stats 101,"VITAL & APPLIED
STATS 101
""From Data to Decisions: Building Your Statistical
Confidence One Step at a Time!""
If IDIGO
(S)
VITAL & APPLIED
STATS 101
©)
""From Data to Decisions: Building Your Statistical
Confidence One Step at a Time!""
©
100%. HRDF Claimable
Overview
The objective of this course is to provide participants with basic terms and
concepts for statistical data analysis, understand common graphical and
numerical analyses, learn practical statistical analysis skills and JMP skills, learn
how to make valid reports and conclusions based on statistical data. Topics
include describing single variables, relationships between multiple variables,
and sampling to prepare participants for taking more advanced statistics
courses.
Delivery Mode
PowerPoint presentation, hands-on activities, and Q&A
Duration
3 Days, 8Hours/day
Targeted Group
Engineering, Quality & Reliability, Statistician, Integration, Materials, Industrial
Engineering, Information Technology, Manufacturing
Pre-requisites
",Advanced Statistical Analysis And Modeling For Engineers And Scientists.,Building Statistical Confidence Through Practical Data Analysis,Fundamental Applied Statistics And Jmp For Engineering And Quality Professionals,From Data To Decisions: Statistical Analysis With Jmp,Fundamental Statistical Analysis And Jmp Skills For Decision Making,4.12,3.13,65.06,4.11,1.39
c-5c99b07fe5,Advanced ESD.pdf,Advanced ESD,"ADVANCED
ESD
Equip yourself with essential knowledge and hands-on skills in Electrostatic
Discharge (ESD) control and ANSI ESD S20.20 compliance.
G inv
ADVANCED
ESD
Equip yourself with essential knowledge and hands-on skills in Electrostatic
Discharge (ESD) control and ANSI ESD $20.20 compliance.
hed Dcorr ®
e
Program Overview
This 2-day Advanced ESD training program provides in-depth understanding of
Electrostatic Discharge (ESD) control principles and ANSI ESD S20.20 Revision
2021 compliance requirements. Participants will learn key technical concepts
including static charge generation, grounding, Faraday shielding, ionization,
surface resistivity, and ESD testing methods. The course also covers Human Body
Model (HBM), Charge Device Model (CDM), ESD protection systems, and
practical implementation of ESD control programs through case studies,
measurements, and hands-on activities in manufacturing environments.
Learning Objectives
By the end of the course, participants will be able to",Electrostatic Discharge Control And Ansi Esd S20.20 Compliance Training,Advanced Esd Control And Ansi Esd S20.20 Compliance,Advanced Electrostatic Discharge Control And Ansi Esd S20.20 Compliance,Advanced Esd Control And Ansi S20.20 Compliance,Advanced Electrostatic Discharge Control And Ansi S20.20 Compliance Training,4.16,3.25,68.93,33.3,9.87
c-601a459e68,Situational Leadership at the Workplace Workshop.pdf,Situational Leadership at the Workplace Workshop,"SITUATIONAL
LEADERSHIP AT
THE WORKPLACE
WORKSHOP
SITUATIONAL
LEADERSHIP AT
THE WORKPLACE
WORKSHOP
Nf Lal
e
Program Overview
This interactive two-day Situational Leadership Workshop provides managers and
supervisors with a robust understanding and practical application of Situational
Leadership principles. The workshop is designed to empower leaders to effectively
adapt their leadership styles to the unique needs of their team and dynamic
workplace situations
Learning Objectives
Situational Leadership at the Workplace Workshop
Two (2) Full-Day Workshop;
By the end of the course, participants will be able to:
•Comprehensively understand the Situational Leadership model.
•Recognize and adapt to different leadership styles (Directing, Coaching, Supporting,
Delegating).
•Assess and match their leadership approach to employee maturity and readiness.
•Apply practical strategies for performance management and team development.
•Enhance communication through targeted conversations and feedback ",Advanced Situational Leadership For Effective Workplace Management,Situational Leadership Strategies For Effective Management,Situational Leadership: Adapting Styles For Team Performance And Workplace Success,Situational Leadership: Adapting Styles For Team Success,Situational Leadership Skills For Dynamic Workplace Management,4.09,3.29,52.11,25.74,0.92
c-6021338849,Data Science (Intermediate to Advanced).pdf,Data Science (Intermediate to Advanced),"DATA SCIENCE
(INTERMEDIATE
TO ADVANCED)
Bridge the gap between raw data and predictive intelligence by mastering
advanced Python modeling, deep learning architectures, and scalable web
application deployments.
""eta
6 InDiac Onan
4 script src- address [stay |
@tatus.command ~
Appears. [tree] =
allege gee ” EXAMPLE TEXT BLOCK
\ rane ao —_
DATA SCIENCE
(INTERMEDIATE
TO ADVANCED)
Bridge the gap between raw data and predictive intelligence by mastering
advanced Python modeling, deep learning architectures, and scalable web
application deployments.
Ss
Program Overview
Data Science (Intermediate to Advanced) is an intensive 5-day technical program tailored
for software engineers, computer science engineers, and data analysts with prior Python
knowledge. Divided into an intermediate segment (2 days) and an advanced segment (3
days), this workshop scales capabilities from foundational software engineering best
practices to complex AI deployment. Participants will master supervised and unsupervi",Advanced Data Science With Predictive Intelligence And Scalable Web Deployments,Data Science: Intermediate To Advanced Techniques In Python Modeling And Machine Learning,"Advanced Python Data Science: Deep Learning, Nlp & Web Deployment","Intermediate To Advanced Data Science: Machine Learning, Deep Learning & Deployment",Advanced Data Science Techniques: From Python Modeling To Ai Deployment,3.97,3.52,59.69,5.0,1.52
c-602225c04f,Statistical Process Control (SPC).pdf,Statistical Process Control (SPC),"Statistical Process
Control (SPC)
Statistical Process Control for Quality
Excellence
A 2-Day Technical Workshop for Engineers & Quality
Teams
Statistical Process Control (SPC)
1
; GO) invico
Statistical Process : , ee
Control (SPC)
Statistical Process Control for Quality
Excellence
Teams
A 2-Day Technical Workshop for Engineers & Quality eo
—
Statisti€al Prog@ss Control (SPC)
Why This Workshop Matters
Modern manufacturing environments demand precision,
consistency, and rapid detection of variation.
Product quality issues escalate quickly — affecting
yield, cost, delivery, customer trust, and long-term
competitiveness.
This workshop equips participants with the statistical
thinking and SPC tools needed to:
Understand where variation comes from
Detect deviations with control charts
Stabilize processes before defects occur
Improve capability indices (Cp, Cpk)
Reduce cost of quality and rework
Strengthen organization-wide quality performance
Statistical Process Control (SPC)
2
Training Nee",Advanced Statistical Process Control For Quality Excellence,Statistical Process Control For Quality Excellence,Statistical Process Control For Process Stability And Capability Excellence,"Statistical Process Control: Mastering Variation, Control Charts & Capability Analysis",Statistical Process Control For Enhanced Quality And Process Stability,4.15,3.47,62.47,2.46,1.57
c-614e097094,Measurement System Analysis (MSA).pdf,Measurement System Analysis (MSA),"MEASUREMENT
SYSTEM
ANALYSIS
(MSA)
Quantify measurement variations, validate metrology capabilities, and
harness data-driven statistical methodologies to ensure total accuracy and
precision across manufacturing operations.
Program Overview
In high-precision manufacturing, the integrity of your data dictates the quality of your
product. This comprehensive course introduces engineering and quality professionals to
the vital concepts and methodologies of Measurement System Analysis (MSA). Moving
beyond basic statistics, participants will learn how to systematically plan, execute, and
analyze measurement capability studies. By isolating and quantifying the exact sources of
measurement variation, assessing gauge repeatability and reproducibility (GR&R), and
evaluating tool matching, you will acquire the critical insights needed to optimize
metrology systems. Ultimately, this program equips teams to eliminate testing errors,
reduce production costs, and maintain a highly stable, competitive q",Measurement System Analysis (Msa) For Precision And Quality Control,Measurement System Analysis For Precision Manufacturing,"Measurement System Analysis For Manufacturing: Gr&R, Metrology Validation, And Statistical Capability Studies",Quantifying Measurement Variation And Validating Metrology Capabilities,Mastering Measurement System Analysis For Precision Manufacturing,4.14,3.29,57.88,3.98,0.78
c-615deb8603,Microsoft Excel Basic to Intermediate.pdf,Microsoft Excel Basic to Intermediate,"Walk away with practical “quick wins” to apply Excel
functions and automation for a more efficient and data-
driven workflow immediately.
MICROSOFT
EXCEL
BASIC TO
INTERMEDIATE
f_S
Code Low
AMS FAN
WB ayayy Rate ¥
jo Aa1B WW oS a PAS \OM
Lars Pu MW WD a WS LR
53483 av) TR WI TA MHS a3
S28 PIM TS AAR % yi} wm ee
8 97585 WB LAN 4H . 8 oe
A18 2889 sy
9 REIT FAB Te by 2 ne sn
40 RRC ws as ee & we ae
a\ \) :) Om
m a ee
BERS ~ BR AST
. ae ee
41481 rT) f oe
: ae 18 mel s 8S
a Sar BR a aM ee eee
ea me \_ 8 Lee eee
v3) pe | ya ee
o\ © me \_\
rowers rh — ||
oy) HS rt @\ Tis ae
2 Ue 40.0 Poy) ) n NOK
seest eae wants
poss a ms
gs
EXCEL
BASIC 10
INTERMEDIATE &==0%0
. eesLLs away with practical “quick wins” to apply Excel
unctions and automation for a more efficient and data-
driven workflow immediately.
LAIMABLE
© .
UTI I:
Le
My
(0)
Sauy « a8""
Overview
This course is designed to provide participants with a comprehensive
understanding of Microsoft Excel, from basic to intermediate levels. Participant",Excel Functions And Automation For Efficient Data-Driven Workflows.,Master Microsoft Excel Basic To Intermediate Skills,"Microsoft Excel Basic To Intermediate: Functions, Automation, And Data Analysis",Microsoft Excel Fundamentals To Intermediate Skills,Excel Mastery: From Basic Functions To Data Analysis Techniques,4.1,3.09,46.7,3.39,0.91
c-61d4d2ecf3,Tufting & Indoor Adventure Course Outline.pdf,Tufting & Indoor Adventure (Hotel),"TUFTING &
INDOOR
ADVENTURE
(1 DAY)
Unleash your team's creative potential, patience, and collaborative
communication through an immersive, hands-on crafting experience designed
to push individuals outside their comfort zones.
G invico
TUFTING &
INDOOR
ADVENTURE
1 DAY
Unleash your team's creative potential, patience, and _ collaborative
communication through an immersive, hands-on crafting experience designed
to push individuals outside their comfort zones.
©
Program Overview
Tufting & Indoor Adventure is an interactive, full-day workshop meticulously
designed for corporate leaders, managers, and project teams. This refreshing
program leverages unique, tactile crafting mediums to spark critical thinking and
break down communication barriers. Participants will master the mechanics of
textile tufting, experiment with multi-layered sand art candle chemistry, and
engage in creative straw bag painting. By stepping outside their typical workplace
routines into a supportive studio environment,",Tufting & Indoor Adventure For Corporate Innovation And Team Collaboration,Tufting & Indoor Adventure Workshop,Immersive Team Building Through Hands-On Crafting And Creative Collaboration,Creative Collaboration And Patience Building Via Tufting And Craft Activities,Creative Tufting And Team Building For Enhanced Collaboration,4.02,3.24,56.01,3.39,0.91
c-64778e09b2,Managing Strategic Teams The Sun Tzu's Way.pdf,Managing Strategic Teams The Sun Tzu's Way,"Programme Objective
STRATEGIC
THE
TEAMS
SUN
TZU'S
MANAGING
Sun Tzu’s Art of War is one subject that has never ceased to
arouse interest among people, nations and also the business
professionals. It is best remembered for what perhaps the
world’s earliest secrets of success on the battlefield, and it is
as relevant to both military and business strategists today.
Introduction
This training workshop expounds a compact set of
principles essential for victory in business battles by
adopting the Sun Tzu’s Way and with combination of
essential Blue Ocean Strategies. It covers vital areas of
management
and
leadership
and
this
includes
establishing business vision as well as a departmental
vision, strategies, managing team’s discipline plus
sustaining team’s morale, adopting diplomacy during
times of conflict and embracing change towards
effective team and business management.
This programme is crucial for senior executives and
managers who are looking into different ways and
methods
to
improv",Strategic Leadership And Business Management Through Sun Tzu'S Art Of War And Blue Ocean Strategies,Strategic Leadership And Management Using Sun Tzu'S Art Of War,Strategic Business Leadership And Team Management Through Sun Tzu'S Art Of War,Strategic Management With Sun Tzu And Blue Ocean Frameworks,Strategic Leadership And Management Using Sun Tzu'S Principles,4.15,3.09,58.41,7.62,1.37
c-671b25ebd5,Mental Well-Being Program (Half day).pdf,Mental Well-Being Program,"Walk away with a list of  “quick wins” cases
you can use right away in the organization!
MENTAL
WELLBEING
PROGRAM
Upskill you and your team’s Mental Wellbeing and Learn how
to bring your projects to the next level
In DoiG
‘S)
MENTAL
WELLBEING
PROGRAM
Upskill you and your team’s Mental Wellbeing and Learn how
to bring your projects to the next level
Walk away with a list of “quick wins” cases
you can use right away in the organization!
e
Program Overview
Mental health, a crucial aspect of global well-being, faces unique challenges
and manifestations in different regions, including Malaysia. Understanding
when a mental health problem escalates into a mental illness is vital,
particularly in how it impairs an individual's functioning in daily roles. Common
mental illnesses such as depression, anxiety disorders, psychosis, as well as
issues like suicide, non-suicidal self-injury, and substance use disorders,
significantly affect millions worldwide.
Recognizing the signs and knowing when to",Advanced Mental Wellbeing Strategies For Effective Project Management,Mental Wellbeing Program: Recognizing And Managing Mental Health Issues,"Mental Health Awareness, First Aid, And Self-Help Strategies For Wellbeing","Mental Wellbeing Fundamentals: Awareness, Self‑Help And Professional Support",Mental Wellbeing Strategies For Enhanced Workplace Performance,4.03,3.08,60.39,2.7,0.76
c-6a5f56075d,Power Up Your Team.pdf,Power Up Your Team,"POWER UP
YOUR TEAM
Ignite a high-energy ""Winner's Mindset"" and unlock peak collaborative
performance by navigating your team through the five vital stages of the Team
Collaboration Life Cycle.
G inv
POWER UP
YOUR TEAM
Ignite a high-energy ""Winner's Mindset"" and unlock peak collaborative
performance by navigating your team through the five vital stages of the Team
Collaboration Life Cycle.
Ss
Program Overview
Power Up Your Team is a high-impact, one-day active learning program structured
around a 20% classroom and 80% experiential game-based delivery model. The
program addresses a critical workplace gap: under-developed collaboration skills.
By mapping team progress directly to the five phases of the Team Collaboration
Life Cycle (Knowing, Forming, Storming, Norming, and Performing), this training
challenges
self-limitations
and
bridges
personal
behavioral
differences.
Participants will build deep trust, replace toxic assumptions with collective synergy,
and return to work with a resili",Unlocking Peak Team Collaboration Performance,Power Up Your Team: Navigate The Team Collaboration Life Cycle,Building High-Performance Teams Through The Five Stages Of Collaboration,Power Up Your Team: Building Collaboration And A Winner’S Mindset,Power Up Your Team: Mastering Collaboration And The Winner'S Mindset,4.04,3.33,70.45,15.04,0.89
c-6acd55508d,ISO 370012016 Awareness Training.pdf,ISO 37001:2016 Awareness Training,"ISO 37001:2016
AWARENESS
TRAINING
Safeguard your organization’s integrity and foster a culture of compliance by
mastering the international standards required to detect, prevent, and
respond to bribery risks.
6) INO '|GOC i=
ISO 37001:2016
AWARENESS
TRAINING
Safeguard your organization's integrity and foster a culture of compliance by
mastering the international standards required to detect, prevent, and
respond to bribery risks.
©
Program Overview
ISO 37001:2016 Awareness Training is an essential 1-day course tailored for top
management, QMS teams, department managers, and supervisors. Available
through both face-to-face and virtual formats, this program delivers a practical
breakdown of the Anti-Bribery Management System (ABMS) framework.
Participants will unpack the core clauses of the ISO standard—from leadership
commitments and risk planning to financial controls and performance evaluation. By
mapping out the Plan-Do-Check-Act (PDCA) lifecycle, this course equips corporate
leaders",Iso 37001:2016 Anti-Bribery Management System Awareness Training For Effective Compliance,Iso 37001:2016 Awareness Training For Compliance,Iso 37001:2016 Anti-Bribery Management System Awareness Training,Iso 37001:2016 Anti-Bribery Management System Awareness Training,Iso 37001:2016 Anti-Bribery Management System Awareness Training,4.11,3.12,49.6,3.75,2.53
c-6d3da80d79,LLM & Agentic AI Concepts to Application Course Outline.pdf,LLM & Agentic AI: Concepts to Application,"LLM &
AGENTIC AI:
CONCEPTS TO
APPLICATION
Walk away with practical 'quick wins' to effectively integrate
LLMs and Agentic AI into your engineering workflows and
enhance productivity immediately.
G inpico
LLM &
AGENTIC Al:
CONCEPTS 10
APPLICATION
~_
Walk away with practical 'quick wins' to effectively integrate
LLMs and Agentic Al into your engineering workflows and
enhance productivity immediately.
‘e
Program Overview
This one-day training program is specifically tailored for engineers, providing
a underlying foundation in principles of Artificial Intelligence (AI) and
Generative Pre-trained Transformers (GPT) and their applications. The
course aims to bridge the gap between theoretical understanding and
practical application by equipping participants with the knowledge and skills
to leverage these technologies effectively.
Through this program, the class will understand the fundamentals of AI which
will help them understand better the foundations of LLM engine today.
Following that th",Llm And Agentic Ai Concepts For Enhanced Productivity,Llm & Agentic Ai: Concepts To Application,"Hands-On Llm And Agentic Ai: Prompting, Rag, And Tool Development",Llm And Agentic Ai: Concepts To Practical Application For Engineers,Integrating Llms And Agentic Ai Into Engineering Workflows,4.09,3.0,53.14,3.15,1.7
c-6d937d838f,Master Workplace Wellness & Performance.pdf,Master Workplace Wellness & Performance,"MASTER WORKPLACE
WELLNESS &
PERFORMANCE
G inpico
MASTER WORKPLACE
WELLNESS &
PERFORMANCE
Nn Li
‘e
Program Overview
Stress, fatigue, and burnout are no longer just personal struggles—they are
workplace nightmares! Employees are often juggling high-pressure work
environments with tight deadlines, and constant problem-solving, leaving little time
for self-care, mental clarity, and energy optimization
Research shows that around 1 in 6 people (14.7%) experience mental health
problems in the workplace.
Nearly half (48%) of employees say their mental wellbeing declined in 2022, and
28% said they are miserable in their workplace. 60% of employees also reported
feeling emotionally detached at work.
When mental health is compromised, relationship impaired, productivity and
creativity rocks bottom.
Learning Objectives
Master Workplace Wellness & Performance
Two (2) Full-Day Workshop;
By the end of the course, participants will be able to:
• Map & manage stress triggers with customized coping stra",Mastering Workplace Wellness And Performance,Mastering Workplace Wellness & Performance,"Workplace Stress Management, Resilience, Mindfulness, And Peak Performance","Mastering Workplace Wellness: Stress Management, Resilience & Performance Optimization",Mastering Workplace Wellness And Performance Strategies,4.15,3.25,64.18,2.68,0.94
c-6e4b2eeb58,Heritage Hunt Challenge Course Outline(Full Day) (1).pdf,Heritage Hunt Challenge,"Join our teambuilding today!
Heritage Hunt
Challenge
Heritage Hunt
Challenge
Join our teambuilding today!
‘e
Program Overview
Who Should Attend
Duration Full-day workshop;
Learning Objectives
The myriad sites within the Cultural Enclave define the history of George Town in richness
and variety. Within the enclave, you will find the sites that span the breadth and depth of the
multicultural melting pot that make George Town what is it today. From the Street of
Harmony to clan kongsis and associations, this is the place that begs to be explored.
Middle- to senior-level executives from all divisions
Aftercompleting theworkshop,participants will beable to:
Learn to listen and take feedback from others
Learn to effectively communicate your ideas and thoughts
Learn how to manage your time in pressure situations
Learn to come out of your comfort zone
Heritage Hunt Challenge
Time
Description
Introduction & Briefing (Indoor)
• Setting the Stage for Heritage Hunt Activity
• Group Photo
Heritage ",Advanced Team Building For Executive Development,Soft Skill Development For Effective Communication And Teamwork,"Heritage Adventure Teambuilding: Communication, Collaboration & Problem-Solving Under Pressure",Effective Communication And Team Collaboration Via Heritage Hunt Challenge,Heritage Hunt Challenge: Enhancing Teamwork And Communication Skills,4.05,3.24,61.61,3.15,0.88
c-70aaa616a3,Unlocking Innovation Through Lego Serious Play.pdf,Unlocking Innovation Through LEGO® SERIOUS PLAY®,"UNLOCKING
INNOVATION
THROUGH LEGO®
SERIOUS PLAY®
Break organizational silos and dismantle traditional thinking constraints by
utilizing the kinesthetic, 3D prototyping mechanics of the LEGO® SERIOUS
PLAY® methodology.
UNLOCKING
INNOVATION
THROUGH LEGO®
SERIOUS PLAY®
Break organizational silos and dismantle traditional thinking constraints by
utilizing the kinesthetic, 3D prototyping mechanics of the LEGO® SERIOUS
PLAY® methodology.
©
Program Overview
This immersive two-day workshop leverages the LEGO® SERIOUS PLAY®
methodology to enhance creative thinking and problem-solving skills, fostering
innovation in a collaborative environment. Participants will engage in hands-on
activities to build and share their ideas using LEGO bricks, gaining insights and
developing strategies to tackle real-world challenges.
Learning Objectives
By the end of the course, participants will be able to:
Apply creative and adaptive thinking techniques to develop innovative solutions
that respond to changing en",Unlocking Innovation Through Collaborative Creative Problem-Solving With Lego Serious Play,Unlocking Innovation Through Lego® Serious Play® Methodology,Creative Innovation And Collaborative Problem-Solving Through Lego Serious Play,Unlocking Innovation Through Lego® Serious Play®,Innovative Problem Solving And Creative Collaboration With Lego® Serious Play®,4.15,3.35,55.56,4.29,1.37
c-73e1a14d1f,Employees' Self-Motivation Program – Handling Tough Times.pdf,Employees' Self-Motivation Program – Handling Tough Times,"EMPLOYEES' SELF-MOTIVATION
PROGRAM – HANDLING
TOUGH TIMES
Walk away with a list of key “quick wins” cases
you can start right away in the organization!
G inv
EMPLOYEES’ SELF-MOTIVATION
PROGRAM - HANDLING
TOUGH TIMES
u
Walk away with a list of key “quick wins” cases
you can start right away in the organization!
e
Program Overview
This motivation program is designed specifically for workers at any level to
practice self motivation by improving oneself with professional motivation
skills such as developing positive self belief system, adopting a winning
attitude and practicing proven success methods that influence self-esteem,
character building and realize their true inner potential.
Learning Objectives
By the end of the course, participants will be able to:
Adopt self esteem blocks that increase motivation and inspiration.
Implement attitude guidelines that encourage self accountability.
Identify steps to change a de-motivating culture into a motivating one.
Identify how to encourage ea",Advanced Self Motivation Strategies For High Performance Teams,Employees' Self-Motivation Program – Handling Tough Times,Employee Self-Motivation And Resilience Through Positive Mindset Strategies,Developing Positive Belief Systems And Self-Motivation For Challenging Situations,Empowering Self-Motivation Strategies For Overcoming Challenges,4.04,3.25,46.3,8.0,1.62
c-75b7c07dad,Introduction to SAP Business.pdf,Introduction to SAP BusinessObjects BI Solutions,"INTRODUCTION
TO SAP BUSINESS
OBJECTS BI
SOLUTIONS
Unlock the full analytical potential of your enterprise data by mastering the
strategic on-premise reporting, design, and visualization tools of the SAP
BusinessObjects suite.
G invico
INTRODUCTION
TO SAP BUSINESS
OBJECTS BI
SOLUTIONS
Unlock the full analytical potential of your enterprise data by mastering the
strategic on-premise reporting, design, and visualization tools of the SAP
BusinessObjects suite.
©
Program Overview
Introduction to SAP Business Objects BI Solutions is a high-level, 2-day foundational
course tailored for Application Consultants, Business Analysts, Power Users, and
Solutions Architects. This program delivers a comprehensive overview of SAP's
strategic on-premise analysis and reporting infrastructure. Participants will evaluate
the primary features, target demographics, and specific business use cases for
each tool in the BI suite. From navigating local and enterprise data sources to
exploring platforms like SAP ",Advanced Strategic Business Intelligence And Reporting Solutions For Sap Businessobjects.,Introduction To Sap Businessobjects Bi Solutions,"Sap Businessobjects Bi: Enterprise Reporting, Visualization, And Strategic Data Analysis","Strategic Reporting, Design & Visualization With Sap Businessobjects",Mastering Sap Businessobjects Bi Solutions For Strategic Reporting And Visualization,4.15,3.28,54.27,4.95,1.65
c-767e680cb6,Constructive Conversation Giving & Receiving Feedback Course Outline.pdf,Constructive Conversation: Giving & Receiving Feedback,"CONSTRUCTIVE
CONVERSATION:
GIVING &
RECEIVING
FEEDBACK
Break through workplace communication barriers, articulate your ideas with
absolute bravery, and master the art of giving and receiving constructive
feedback to accelerate your career advancement.
Program Overview
In many workplaces, the fear of saying the wrong thing or delivering poorly
received feedback creates a culture of silence—a form of ""speaking
constipation"" that stymies both personal excellence and career progression.
This dynamic 1-day workshop offers an immediate antidote by equipping
professionals with the tools to speak with clarity, bravery, and variety.
Participants will discover how to rapidly build rapport to establish deep
workplace trust, project confidence using their voice and body language, and
flexibly navigate difficult interactions with versatile personal dynamics.
Ultimately, you will walk away with actionable techniques to master the
strategic art of asking empowering questions and delivering constructi",Effective Communication And Feedback For Career Advancement,Constructive Conversation: Giving & Receiving Feedback,"Mastering Constructive Feedback, Active Listening, And Workplace Communication",Constructive Conversation: Giving And Receiving Feedback,Mastering Constructive Feedback And Effective Communication Skills,4.07,3.0,55.24,2.64,1.68
c-76a4e1558e,FSSC V7 Upgrading & Key Changes.pdf,FSSC Upgrading & Key Changes (Version 7),"FSSC
UPGRADING
AND KEY
CHANGES
Master the FSSC 22000 v7 changes and auditing requirements to ensure a
seamless transition for your organization.
(Version 7)
G invico
FSSC
UPGRADING
AND KEY
CHANGES
(Version 7)
Master the FSSC 22000 v7 changes and auditing requirements to ensure a
seamless transition for your organization.
©
Program Overview
FSSC 22000 contains a complete Certification Scheme for Food Safety Management
Systems aligned with the ISO Management System approach and the ISO Harmonized
Structure. The certification scheme FSSC 22000 version 7 was published on 1 May 2026
due to the following reasons:
Incorporating the new ISO 22002-x series on pre-requisite programs
Aligning of the Scheme with the GFSI benchmarking requirements 2024
Strengthening the requirements to support organizations in their contributions to
meeting the Sustainable Development Goals (SDGs)
Providing a more defined structure for the division of food chain (sub)categories
Editorial changes and amendments as p",Mastering Fssc 22000 V7: Key Changes And Upgrading Requirements,Master Fssc 22000 V7 Changes And Auditing Requirements,"Fssc 22000 Version 7: Key Changes, Upgrading, And Certification Audit Transition",Fssc 22000 Version 7 Upgrade And Auditing Essentials,Mastering Fssc 22000 V7 Changes For Effective Food Safety Auditing,4.22,3.53,52.1,15.79,1.03
c-77ff26f5da,ISO 90012015 Awareness Training.pdf,ISO 9001:2015 Awareness Training,"ISO 9001:2015
AWARENESS
TRAINING
Cultivate an organizational culture of continuous improvement and
institutionalize global operational benchmarks by mastering the foundational
structure and implementation mechanics of the ISO 9001:2015 Quality
Management System (QMS) framework.
Program Overview
ISO 9001:2015 Awareness Training is an intensive, 2-day workshop engineered for
management teams, QMS leaders, and operational supervisors to align corporate
processes with international quality benchmarks. This program details the 7 Quality
Management Principles and breaks down the complete high-level structure of the
standard, from defining organizational context to executing performance
evaluations. Through hands-on application labs—including SWOT matrices, risk
criteria mapping, and operational Turtle Diagrams—participants will bridge
theoretical standard clauses with daily practical controls. Ultimately, this course
equips your team to drive operational excellence, establish risk-based thin",Advanced Quality Management System Awareness And Implementation,Iso 9001:2015 Quality Management System Awareness Training,Iso 9001:2015 Quality Management System Awareness And Implementation,Iso 9001:2015 Awareness Training: Building Quality Management Foundations,Iso 9001:2015 Quality Management System Implementation Training,4.13,3.1,59.13,17.18,0.96
c-7bf248989b,Equipment Reliability & Availability Course Outline (2D).pdf,Equipment Reliability & Availability,"GO inpico
— |
VAILABILITY
Nn i=
g
G inpico
Equipment Reliability and Availability
¢ Program Overview
In the competitive field of electronics manufacturing, ensuring that equipment operates
reliably and is available when needed is critical for maintaining productivity and cost
efficiency.
This two-day training is designed to provide engineers and technicians with practical
knowledge, tools, and techniques to enhance equipment reliability and availability.
Participants will learn how to identify, analyze, and address common equipment issues, as
well as implement effective maintenance
practices to minimize downtime and maximize operational efficiency.
This interactive training includes a blend of theory, real-world case studies, and hands-
onexercises, enabling participants to apply concepts directly to their workplace.
¢ Learning Objectives 0
By the end of the course, participants will be able to:
e Understand Key Concepts: Define and explain equipment reliability
and availability. ,
e A",Equipment Reliability And Availability Management,Equipment Reliability And Availability Management,Equipment Reliability And Availability: Predictive Maintenance And Failure Analysis,Equipment Reliability And Availability: Maintenance Strategies And Performance Metrics,Enhancing Equipment Reliability And Availability In Manufacturing,4.2,3.56,73.39,2.08,0.84
c-7f9d921aae,DOE 1 (Comparative Experiments).pdf,DOE 1 (Comparative Experiments),"DOE 1
(COMPARATIVE
EXPERIMENTS)
Master the core statistical foundations of experimental design, execute
rigorous multi-sample comparison tests, and harness software-driven analysis
to maximize manufacturing precision and process stability.
Program Overview
In modern manufacturing, isolating critical process factors while minimizing testing risks is
vital for continuous improvement. This 3-day technical course introduces engineers,
statisticians, and quality professionals to Design of Experiments (DOE) focused
specifically on comparative experiments. Moving beyond basic observations, participants
will master the statistical foundations of hypothesis testing, sample size determination,
and data visualization. Utilizing JMP software and custom JSL scripts, teams will gain
hands-on experience in executing 1-sample, 2-sample, paired, $k$-sample, and
Randomized Block Design (RBD) comparisons—enabling them to apply proven data-driven
methodologies on the job immediately.
Learning Objectives
B",Design Of Experiments For Comparative Analysis,Mastering Comparative Experiments In Doe And Statistical Analysis,Design Of Experiments: Comparative Statistical Testing And Process Optimization With Jmp,Comparative Experiments In Design Of Experiments: Hands-On Jmp Analysis,Mastering Design Of Experiments For Comparative Analysis In Manufacturing,4.11,3.41,48.44,1.6,1.57
c-801372834d,Presenting to Influence.pdf,Presenting to Influence,"[nfluence |
ower to aly
effe cl,
6 INDIGOYF
RESENTING
INFLUENCE evans
From confident presentations to meaningful connections—
one skill at a time.
Walk away with actionable strategies to
deliver impactful presentations, build
rapport, and communicate with clarity to
influence your audience effectively
©
G invico
Presenting to Influence
¢ Program Overview
A Winning Presentation
¢ Breaks your fear and build eloquence in speech (Power of fake it to make it)
* Connects your thoughts directly to the audiences’ and get your ideas across
easily (Power of Getting Straight to the point)
¢ Builds your rapport, trust and credibility (Power of Liking)
¢ Provide clarity and make consensus and approvals possible (Clarity leads to
success)
¢ Yields a high success rate in meeting the intent of the presentation
¢ Course Objectives
By the end of this program, participants will be able to:
* Organise ideas and thought effectively
¢ Express technical ideas in an easy way
¢ Structure ideas into presentatio",Presenting To Influence: Mastering Impactful Communication For Strategic Effect.,Presenting To Influence: Mastering Communication And Leadership Skills,Presenting To Influence: Mastering Persuasive Communication And Audience Engagement,Presenting To Influence: Build Rapport And Deliver Impact,Mastering Impactful Presentations And Effective Audience Influence,4.18,3.53,51.18,3.35,1.19
c-81e19d0455,Emotional Intelligence at Work Course Outline.pdf,Emotional Intelligence at Work,"EMOTIONAL
INTELLIGENCE
AT WORK
Decode behavioral patterns, master self-regulation, and harness the power of
high-EQ leadership to forge trusted workplace relationships and maximize
team potential.
G invico
EMOTIONAL
INTELLIGENCE
AT WORK
Decode behavioral patterns, master self-regulation, and harness the power of
high-EQ leadership to forge trusted workplace relationships and maximize
team potential.
e
Program Overview
While technical expertise and IQ were once considered the primary
benchmarks for professional success, modern organizational dynamics prove
that Emotional Intelligence (EQ) is the ultimate differentiator for impactful
careers. This transformative 2-day workshop is designed to help professionals
decode interpersonal relationships by understanding complex personality
profiles. Participants will explore practical strategies to leverage their
personal strengths, mitigate behavioral weaknesses, and read others ""like a
book"". By cultivating deep self-awareness and active empath",Emotional Intelligence At Work: Mastering Self-Regulation And High Eq Leadership,Emotional Intelligence At Work: Decode Behavioral Patterns And Lead With High-Eq Thinking,Emotional Intelligence And Personality Profiling For High-Eq Workplace Leadership,Emotional Intelligence At Work,Emotional Intelligence Mastery For Effective Leadership And Team Collaboration,4.11,3.38,57.41,6.53,0.99
c-843765eb3e,Super Sale Program - Influencing & Persuasion Skills Course Outline.pdf,Super Sales Program - Influencing And Persuasion Skills,"SUPER SALES
PROGRAM -
INFLUENCING AND
PERSUASION
SKILLS
Command every room and elevate your commercial performance by mastering
the sophisticated behavioral insights and ethical persuasion strategies
needed to win over today’s demanding buyer.
G inv
SUPER SALES
PROGRAM -
INFLUENCING AND
PERSUASION
SKILLS
Command every room and elevate your commercial performance by mastering
the sophisticated behavioral insights and ethical persuasion strategies
needed fo win over today’s demanding buyer.
©
Program Overview
The modern sales landscape has evolved; driven by technology, today's buyers are
more sophisticated and demand deeper relationships anchored in honesty and
integrity. The defining divide between an average salesperson and a super-
achiever is not the product itself, but the advanced capability to ethically influence
and persuade others to agree with their way of thinking. Super Sales Program -
Influencing And Persuasion Skills is an immersive, 2-day workshop designed to
eliminate co",Mastering Influential Sales Strategies For High-Performance Results,Advanced Sales Influence And Persuasion Skills,Advanced Sales Influence And Ethical Persuasion For Commercial Excellence,Influencing And Persuasion Skills For Sales Professionals,Mastering Influencing And Persuasion Skills For Sales Success,4.11,3.28,57.78,2.09,1.65
c-848b3bd1a3,Search Engine Optimizations For Business - HRDF Training.pdf,Search Engine Optimizations For Business,"SEARCH ENGINE
OPTIMIZATIONS
FOR BUSINESS
Dominate search engine rankings and capture high-value organic traffic by
transforming your website into a powerful, high-visibility business asset
optimized for major global search engines.
Program Overview
In today’s digital marketplace, capturing organic search traffic is essential for business
growth. Since Google commands a 98% market share, mastering Search Engine
Optimization (SEO) allows you to attract valuable, ""free"" traffic when customers search
for your products or services. This 2-day practical course equips business owners,
entrepreneurs, and digital marketers with everything needed to rank on Google, Yahoo,
and Bing. Through hands-on activities, you will actively implement on-page and off-page
optimization, analyze search intent, and master advanced link-building strategies to
restructure your website and dominate search rankings.
Learning Objectives
By the end of the course, participants will be able to:
Find Right Keywords: Iden",Advanced Search Engine Optimization Techniques For Business Dominate Major Global Search Engines,Search Engine Optimizations For Business,Practical Search Engine Optimization For Business Digital Growth,Keyword Research On-Page And Off-Page Seo For Business,Search Engine Optimization Strategies For Business Growth,4.05,2.95,64.24,7.94,0.76
c-84c1c9d328,Big Data Strategy.pdf,Big Data Strategy,"BIG DATA
STRATEGY &
APPLICATION
""EXECUTIVE
MASTERCLASS""
Empower your executive leadership to harness the full power of Big Data
Analytics (BDA), monetize raw data, and strategically lead high-impact, data-
driven projects that deliver immediate commercial value.
Program Overview
The Big Data Strategy & Application ""Executive Masterclass"" is a highly interactive,
two-day workshop explicitly engineered for C-suite executives, business owners,
and technical data leaders. This masterclass bridges the gap between complex
data infrastructure and high-level corporate strategy. Over two days of immersive
discussions, case studies, and group exercises, participants will explore the end-to-
end BDA ecosystem, assess organizational analytics maturity, and master the
industry-standard CRISP-DM methodology. Leaders leave equipped to assemble
elite data teams and apply a rigorous prioritization framework to capture ""quick
win"" analytics opportunities that drive immediate business results.
Learning O",Big Data Strategy & Application For Executive Leadership Development,Big Data Strategy & Application Executive Masterclass,"Executive Big Data Strategy, Analytics Maturity & Data-Driven Business Leadership",Executive Masterclass In Big Data Strategy And Application,Big Data Strategy And Application For Executive Leadership,4.07,3.32,64.01,7.84,1.47
c-85bf0d6e9c,Effective Prompting for Smarter Python Coding.pdf,Effective Prompting for Smarter Python Coding,"Walk away with practical “quick wins” to implement NLP
techniques and drive impactful results immediately.
EFFECTIVE
PROMPTING FOR
SMARTER PYTHON
CODING
resource detai lela),
( $this-srut
»;
5 f ( ©_exists
( :
$access am false DQ etaalslie'}, tole details
// Remove the rul.
$detai ls['access'] ° ieee Surveatly oo ened toy
} eng feat adelatet ‘acl_rules', sdetails h
// Update the rule with the new access val 2
$this->_sql->update( ‘acl_rules', arrest ‘eer
reach( $this->rules as $keyapgrule ) {
if ( $details['role_id'] am grule['role)
if ( gaccess am false ){ y
unset( $this-srules[ skey } };
} else {
gthis-srules[ skey ]['accesy
Q)'INBIGO
EFFECTIVE
PROMPTING FOR
SMARTER PYTHON
ODING
Walk away with practical “quick wins” to implement NLP
techniques and drive impactful results immediately.
Program Overview
Step into the future of coding with Effective Prompting for Smarter Python
Coding. This one-day hands-on workshop equips participants with the skills
to craft effective prompts that enha",Effective Prompting For Smarter Python Coding,Effective Prompting For Smarter Python Coding,Prompt Engineering For Ai-Assisted Python Code Generation And Debugging,Effective Prompting For Smarter Python Coding,Effective Prompting For Enhanced Python Coding With Ai Tools,4.0,3.02,54.78,2.78,1.58
c-88410f1346,Rise & Recharge Stress Less Achieve More.pdf,Rise & Recharge Stress Less Achieve More,"In OIG
‘S)
RISE & RECHARGE:
STRESS LESS, ACHIEVE MORE
Walk away with a list of key “quick wins” cases
you can start right away in the organization!
etl
e Dorp &
G invico
Rise & Recharge: Stress Less, Achieve Mo
y
¢ Program Overview
Stress, fatigue, and burnout are no longer just personal struggles—they are
workplace nightmares! Employees juggle high-pressure work environments,
tight deadlines, and constant problem-solving, leaving little time for self-
care, mental clarity, and energy optimization.
Stress Less, Achieve More workshop goes beyond theory, aims to provide a
holistic mental, physical and emotional wellness aids, integrating
experiential techniques, from stress mapping, physical tension & movement-
based resets, mental agility & cognitive buffering, to emotional state
cultivation with mindfulness, time management, and happiness science,
ensuring participants walk away with real-life strategies they can apply
immediately
¢ Learning Objectives
By the end of the course, partici",Advanced Strategic Resilience For Leaders And Organizations.,Stress Management And Resilience For Leaders,"Resilient Leadership: Stress Management, Emotional Intelligence, And Leading Through Change",Stress Management And Resilience Skills For Professionals,Resilient Leadership: Stress Management And Emotional Agility Workshop,4.1,3.15,55.34,14.97,0.89
c-8b999366c1,Prompt Engineering for Coding Assistance in Python Course Outline.pdf,Prompt Engineering for Coding Assistance in Python,"Walk away with practical “quick wins” to craft effective
prompts and streamline your development workflow
immediately.
PROMPT
ENGINEERING
FOR CODING
ASSISTANCE IN PYTHON
Enhance your team's coding efficiency and master the art of prompt
engineering to optimize AI-powered coding assistance in Python.
Synopsis
Unlock the secrets of conversation design with ChatGPT, followed by a dynamic
session where you'll harness the power of Python alongside ChatGPT to
learn/enhance your coding skills. Through clear and context-rich prompts, it
enhances coding experiences, offering precise assistance ranging from
debugging to code completion. This one-day workshop is your gateway to
experience the future of coding assistance where efficiency and innovation
converge.
Prompt Engineering for Coding Assistance in Python
What You’ll Learn
In this one-day training course, participants will learn essential skills and
techniques for leveraging prompt engineering in Python programming. Topics
covered include u",Advanced Python Prompt Engineering For Enhanced Coding Assistance,Prompt Engineering For Effective Python Coding,Prompt Engineering For Ai-Assisted Python Coding And Debugging,Prompt Engineering For Coding Assistance In Python,Prompt Engineering For Enhanced Python Coding Efficiency,4.05,2.95,47.0,6.97,1.52
c-8d775aa59d,Microsoft PowerPoint 2019 Basic to Advanced.pdf,Microsoft PowerPoint 2019: Basic to Advanced,"MICROSOFT
POWERPOINT
2019:
BASIC TO
ADVANCED
Design visually stunning slide layouts, integrate rich multi-media assets, and
master advanced animation techniques to transform standard data into highly
engaging, professional corporate presentations.
Program Overview
Impactful business communication relies on clear, dynamic, and visually
compelling message delivery. This comprehensive 2-day technical workshop
guides participants through the full spectrum of Microsoft PowerPoint 2019,
bridging foundational slide creation with high-level advanced presentation
design. Moving systematically from basic text formatting and layout
adjustments, learners will progress to sophisticated features including Master
View customization, multi-media integration, and external data importing
from Excel and Word. Through step-by-step hands-on modules, professionals
will master interactive hyperlinks, advanced animation triggers, and slide
timing controls to deliver memorable, professional-grade presentations",Microsoft Powerpoint 2019: Mastering Advanced Presentation Design,Microsoft Powerpoint 2019: Basic To Advanced,"Microsoft Powerpoint 2019: Professional Presentation Design, Animation, And Multimedia Integration",Microsoft Powerpoint 2019: From Basic Slides To Advanced Multimedia Presentations,Mastering Microsoft Powerpoint 2019: From Basics To Advanced Techniques,4.17,3.36,54.91,2.6,2.21
c-919c5b7891,Generative AI for Engineers Course Outline.pdf,Generative AI for Engineering,"Unleash the Future
with Our 2-Day Generative AI for Engineering Course
Today!
Unleash the Future
with Our 2-Day Generative AI for Engineering Course
Today!
GENERATIVE AI
FOR ENGINEERING
(2 DAYS)
+60124001158
COURSE
THE FUTURE
None
PREREQUISITION
GENERATIVE AI FOR ENGINEERING
Artificial intelligence (AI) is rapidly transforming the
manufacturing industry. AI-powered technologies ar
e being used to automate tasks, make better decision
s, and improve quality. As an engineer, you can play a
key role in this transformation.
INTRODUCTION
By the end of the course, participants will be able to:
Understand the basics of artificial intelligence (AI)
Learn about the latest AI technologies, such as machine learning, deep learning,
and natural language processing.
Learn how to apply AI to real-world engineering and manufacturing problems.
Develop the skills necessary to use AI in manufacturing
Walk away with a list of AI ‘quick wins’ – engineering- and manufacturing-driven
business cases they can s",Generative Ai For Engineering: Unlocking Innovation And Efficiency,Generative Ai For Engineering Skills,Generative Ai And Machine Learning Applications For Engineering And Manufacturing,Generative Ai For Engineering: Core Skills And Applications,Generative Ai Applications For Engineering Excellence,4.07,3.3,57.73,19.2,0.89
c-92118d4e86,Data Science with Python (Basic).pdf,Data Science with Python (Basic),"DATA
SCIENCE
WITH PYTHON
(BASIC)
Demystify the foundational data science workflow, manipulate complex
datasets using Python, and build functional machine learning models to deploy
actionable, data-driven solutions.
Program Overview
In today’s competitive landscape, data science has emerged as a critical
asset across industries, empowering professionals to extract high-value
insights and make automated business decisions. This intensive 3-day
introductory course bridges the gap between raw data and strategic
visualization using Python programming. Participants will explore the entire
data science workflow, progressing from initial data gathering and database
engineering to data wrangling and preparation for machine learning. Through
practical application, you will learn to construct predictive models, design
statistical tests, and deploy a data science solution directly to a web
application—equipping you with the tools to effectively communicate results
to key stakeholders.
Learning Obj",Data Science With Python Fundamentals,Data Science With Python (Basic),Foundational Data Science And Machine Learning With Python,"Foundations Of Data Science With Python: Workflow, Modeling & Visualization",Foundational Data Science Workflows And Machine Learning With Python,4.06,3.03,60.06,13.85,1.6
c-933cc3d36c,Digital Marketing Zero To Hero - HRDF Training.pdf,Digital Marketing: Zero To Hero,"DIGITAL
MARKETING:
ZERO TO HERO
Accelerate your commercial reach and successfully transition from
conventional sales models to digital prominence by mastering the core tools
required to generate leads, build brand authority, and maximize online
conversions.
DIGITAL
MARKETING:
ZERO TO HERO
Accelerate your commercial reach and _ successfully transition from
conventional sales models to digital prominence by mastering the core tools
required to generate leads, build brand authority, and maximize online
conversions.
S—-
(
©
Program Overview
Digital Marketing: Zero to Hero is an entry-to-intermediate masterclass specifically
designed for sales and marketing personnel, business owners, and entrepreneurs looking
to drive an official digital business transformation. For those accustomed to conventional
marketing, this course bridges the gap by establishing a powerful online presence and a
permanent digital footprint. Participants will explore essential digital tools, learn to
identify buyer be",Digital Marketing: Zero To Hero,Digital Marketing: Zero To Hero,"Complete Digital Marketing: Social Media, Seo, Email, And Online Conversion Strategies","Digital Marketing Zero To Hero: Lead Generation, Seo & Social Media Mastery",Digital Marketing Mastery: Transitioning From Traditional To Online Success,4.02,3.24,53.72,10.97,1.97
c-9375dddbf8,Data & AI Monetization Strategies Course Outline.pdf,Data & AI Monetization Strategies,"Walk away with practical “quick wins” to integrate AI
into your engineering workflows and boost efficiency
immediately.
DATA & AI
MONETIZATION
STRATEGIES
Enhance your engineering expertise and master the art
of leveraging artificial intelligence to optimize design,
analysis, and problem-solving.
Program Overview
Monetizing your artificial intelligence (AI) initiatives comes in many flavours. You
can focus on using AI to improve your organization’s productivity and drive down
costs. You can also create new revenue opportunities with AI by making
actionable insights available to clients. This masterclass shows you how multiple
aspects of the organization need to come together – from creating a data-driven
culture and conceiving new datasets, to governing its data and knowing how to
build data-powered products – to create a money-making factory powered by AI.
Course Objectives
By the end of this program, participants will be able to:
Understand the basics of artificial intelligence (AI)
M",Artificial Intelligence For Engineering Excellence,Data & Ai Monetization Strategies,Data And Ai Monetization Strategies For Practical Business Impact,Data & Ai Monetization Strategies: Quick Wins For Engineering Teams,Ai Integration And Monetization Strategies For Engineering Workflows,4.05,3.23,63.35,16.37,1.2
c-9a2d4a60b9,Collaborative Excellence with Mechanical Keyboard Building (2).pdf.pdf,Collaborative Excellence with Mechanical Keyboard Building,"Walk away with a custom-built mechanical
keyboard, have fun with your team, and
develop strong teamwork skills!
COLLABORATIVE
EXCELLENCE
WITH MECHANICAL
KEYBOARD BUILDING
G6 INDIGO
COLLABORATIVE
EXCELLENCE
WITH MECHANICAL
KEYBOARD BUILDING =v euremoico
Walk away with a custom-built mechanical
keyboard, have fun with your team, and
develop strong teamwork skills!
©
Duration
Overview
Learning Objectives
The Workshop is a unique and interactive program designed to enhance team
collaboration, communication, and efficiency through the exploration of mechanical
keyboards. This workshop goes beyond the traditional team-building activities by
incorporating a hands-on approach to learning and applying valuable skills in a fun and
engaging environment.
Participants will not only gain insights into the world of mechanical keyboards but also
develop a deeper understanding of teamwork and communication dynamics.
We will be focusing on:
Teamwork: Building mechanical keyboards as a team requires clea",Building Strong Teams Through Mechanical Keyboard Collaboration,Collaborative Excellence With Mechanical Keyboard Building,Mechanical Keyboard Building Workshop For Collaborative Teamwork And Communication Skills,Collaborative Excellence With Mechanical Keyboard Building,Collaborative Excellence Through Mechanical Keyboard Building,4.11,3.03,59.19,3.17,1.6
c-9e811a6e64,Mastering ISO 14001_2026 Transition.pdf,Mastering ISO 14001:2026 Transition,"MASTERING
ISO 14001:2026
TRANSITION
Master the latest updates in environmental compliance and gain the
practical insights you need to confidently transition your organization's EMS
to the new ISO 14001:2026 standard.
G invico
MASTERING
ISO 14001:2026
TRANSITION
Master the latest updates in environmental compliance and gain the
practical insights you need to confidently transition your organization's EMS
to the new ISO 14001:2026 standard.
©
Program Overview
ISO 14001:2026 represents the latest evolution of the Environmental Management System
(EMS) standard, building on the Annex SL harmonised structure while strengthening
alignment with sustainability and organizational strategy, whilst managing issues relating
to environmental conditions (such as pollution levels, availability of natural resources,
climate change, biodiversity or ecosystem health).
Learning Objectives
This course aims to provide delegates with the following knowledge:
Describe the purpose and structure of ISO 14001:20",Mastering Iso 14001:2026 Transition To Sustainable Environmental Compliance,Mastering Iso 14001:2026 Transition Insights,Mastering Iso 14001:2026 Transition For Environmental Management System Compliance,Mastering Iso 14001:2026 Transition: Ems Implementation & Auditing,Mastering The Transition To Iso 14001:2026 Environmental Management Standards,4.22,3.29,72.04,5.96,2.07
c-a01dd1abe1,Power Up Your Team (Level 2).pdf,Power Up Your Team (Level 2),"POWER UP
YOUR TEAM
(LEVEL 2)
Advance your collective synergy and build a resilient ""Winner's Mindset"" by
navigating complex workplace friction through highly creative, tactical, and
collaborative hands-on team challenges.
Program Overview
Power Up Your Team (Level 2) is a comprehensive one-day active learning program
structured around an impactful 20% classroom and 80% interactive game-based
framework. The program directly targets under-developed team collaboration skills,
using the five vital phases of the Team Collaboration Life Cycle (Knowing, Forming,
Storming, Norming, and Performing) to prepare workforces for corporate
challenges. Through highly engaging, thought-provoking indoor textile, crafting,
and strategic games, teams progress past destructive assumptions and competitive
friction. Participants break through individual self-limitations, establishing deep
team chemistry and a sustainable Winner's Mindset.
Learning Objectives
By the end of the course, participants will be abl",Boost Team Resilience And Collaboration Skills,Advance Team Collaboration And Resilience Through Creative Challenges,Advanced Team Collaboration And Creative Problem-Solving Through Active Challenges,Creative Team Collaboration And Winner'S Mindset Development,Power Up Your Team: Building Resilient Collaboration And A Winner'S Mindset,4.15,3.3,60.52,2.77,1.04
c-a0416db214,Power BI with DAX.pdf,Power BI with DAX,"POWER BI
WITH DAX
Unlock the full analytical potential of your data models, master complex
evaluation contexts, and write advanced Data Analysis Expressions (DAX)
formulas to deliver deep, automated business intelligence insights.
Program Overview
Maximizing the true power of Power BI, Power Pivot, or SSAS Tabular models
requires a deep structural understanding of the DAX language. This comprehensive
3-day technical course is meticulously designed for data users, engineers, and
developers looking to master the latest DAX standards. Moving systematically from
foundational variables and data types to advanced matrix segmentation,
participants will explore the core pillars of table functions, row and filter evaluation
contexts, and the critical CALCULATE function. Through interactive lectures and
practical exercises, attendees will learn to solve complex corporate scenarios,
handle tricky many-to-many relationships, and implement dynamic time intelligence
calculations.
Learning Objectives",Mastering Power Bi With Dax For Advanced Business Intelligence Insights,Mastering Power Bi With Dax,Advanced Dax For Power Bi: Mastering Evaluation Contexts And Business Intelligence,"Power Bi Dax Mastery: Evaluation Contexts, Calculate, And Time Intelligence",Advanced Dax Formulas For Power Bi Data Analysis And Business Intelligence,4.1,3.05,61.75,2.56,2.12
c-a39daf7f92,ISO 45001_2018 Awareness (1 Day).pdf,ISO 45001:2018 Awareness,"ISO
45001:2018
AWARENESS
(1 DAY)
Master the core pillars of occupational health and safety management by
breaking down the Annex SL high-level structure and translating ISO
45001:2018 requirements into actionable corporate compliance.
G invico
ISO
45001:2018
AWARENESS
(1 DAY)
Master the core pillars of occupational health and safety management by
breaking down the Annex SL high-level structure and translating ISO
45001:2018 requirements into actionable corporate compliance.
©
Program Overview
This intensive 1-Day awareness course provides a comprehensive deep dive into the ISO
45001:2018 standard, equipping professionals to build resilient occupational health and
safety frameworks. Demystifying the core requirements of Annex SL, the workshop guides
participants through a practical analysis of the Plan-Do-Check-Act (PDCA) cycle,
operational risk-based thinking, and structural HIRARC methodologies. From identifying
organizational context and securing leadership alignment to establishing ",Mastering Iso 45001:2018 Core Principles For Resilient Occupational Health And Safety Management,Iso 45001:2018 Occupational Health And Safety Management,Iso 45001:2018 Occupational Health And Safety Awareness And Risk Management,Iso 45001:2018 Awareness Occupational Health And Safety Management,Iso 45001:2018 Occupational Health And Safety Management Awareness,4.13,3.16,62.17,7.48,0.93
c-a6d4b241a8,Basic First Aid & CPR_AED.pdf,Basic First Aid & CPR/AED,"BASIC FIRST
AID &
CPR/AED
Equip yourself with the vital life-saving skills, tactical trauma management,
and definitive emergency response protocols needed to confidently safeguard
lives in any critical situation.
G invico
BASIC FIRST
AID &
CPR/AED
Equip yourself with the vital life-saving skills, tactical trauma management,
and definitive emergency response protocols needed to confidently safeguard
lives in any critical situation.
©
Program Overview
In critical moments, immediate and correct medical intervention makes the
difference between life and death. Basic First Aid & CPR/AED is an intensive, 2-
day certified program structured by the Malaysian Red Crescent to transform
everyday individuals into capable first responders. Combining core anatomical
theory with aggressive hands-on simulations, this workshop prepares participants to
navigate high-stress emergencies. Attendees will master trauma care—ranging from
severe bleeding and fractures to burns—alongside advanced airway managem",Basic First Aid & Cpr/Aed Training For High-Pressure Emergency Response,Basic First Aid & Cpr/Aed Training,"Certified Basic First Aid, Cpr, And Aed Emergency Response Training","Basic First Aid, Cpr, And Aed Emergency Response Training",Basic First Aid And Cpr/Aed For Emergency Responders,4.11,3.4,58.33,5.47,0.81
c-a758f65b6c,Artificial Intelligence in Action Course Outline.pdf,Artificial Intelligence in Action,"Walk away with practical “quick wins” to put AI into action
and deliver impactful results in your projects immediately.
ARTIFICIAL
INTELLIGENCE
IN ACTION
Enhance your team's capabilities and master the art of
implementing artificial intelligence to drive innovation and efficiency
across various domains.
Synopsis
""AI in Action: Crafting Effective Prompts for Creative and Professional Success"" is
a Generic but Dynamic, hands-on course designed to help participants master the
art of AI prompting across text, image, and video domains. Over two engaging
days, you will learn foundational techniques and advanced strategies to craft
impactful prompts, explore industry-specific applications, and unleash your
creativity. Whether you’re an AI novice or looking to sharpen your skills, this course
provides the tools and confidence to apply AI in real-world scenarios effectively.
Artificial Intelligence in Action
Learning Objectives
By the end of the course, participants will be able to:
1. Understa",Artificial Intelligence In Action: Mastering Ai Prompting For Creative And Professional Success,Artificial Intelligence In Action: Crafting Effective Prompts For Creative And Professional Success,"Practical Ai Prompt Engineering For Text, Image, And Video Generation","Ai Prompting Mastery: Crafting Text, Image And Video Prompts",Mastering Ai Prompting For Creative And Professional Success,4.19,3.2,47.08,15.17,1.72
c-a9e5669396,SAP Crystal Reports Business Reporting.pdf,SAP Crystal Reports: Business Reporting & Report Processing Strategies,"SAP CRYSTAL
REPORTS: BUSINESS
REPORTING & REPORT
PROCESSING
STRATEGIES
Master advanced data processing strategies and interactive design
mechanics to engineer, optimize, and distribute highly sophisticated business
reports.
G invico
SAP CRYSTAL
REPORTS: BUSINESS
REPORTING & REPORT
PROCESSING
STRATEGIES
Master advanced data processing strategies and interactive design
mechanics to engineer, optimize, and distribute highly sophisticated business
reports.
= Wi : CLAIMABLE
_— AT, UW
Ling pee Seen a 7
©
Program Overview
SAP Crystal Reports: Business Reporting & Report Processing Strategies is an
intensive, 2-day technical masterclass tailored for Application Consultants,
Business Analysts, and Power Users. This course goes beyond basic report creation
to explore advanced design structures and complex programmatic processing.
Participants will gain a comprehensive understanding of the design interface as
they progress from simple report wizards to intricate logic elements, including
custom f",Advanced Data Reporting And Processing Strategies In Sap Crystal Reports.,Advanced Sap Crystal Reports For Business Reporting & Report Processing,Sap Crystal Reports: Advanced Business Reporting And Processing Strategies,Advanced Sap Crystal Reports: Business Reporting And Report Processing Strategies,Advanced Business Reporting And Processing Strategies With Sap Crystal Reports,4.09,3.07,46.81,6.72,1.48
c-aa3bd6ec77,The Science of Humour (1 Day).pdf,The Science of Humour (1 Day),"2) SCIENCE
or HUMOUR
Better Life. Better Work. Better Relationships.
%
4
~
ie
,
Discover how humour becomes a
for improving wellbeing, communication,
relationships and workplace performance.
Understand Communicate Reduce stress Create positive Live, work
the science better and build and strengthen teams and and lead
behind humour stronger connections resilience workplaces better
A ONE-DAY INTERACTIVE WORKSHOP
PAGE 1
SCIENCE«
HUMOUR’
Better Life. Better Work. Better Relationships.
WHY THIS PROGRAM? THE BUSINESS VALUE
Improved wellbeing
and engagement
3
PROGRAM OVERVIEW
ae This one-day interactive workshop
0
explores the science and psychology
Stronger teamwork
and trust
B8
of humour and how it can be applied
to enhance communication, relationships,
resilience and overall performance
Better communication
and collaboration
at work and in life.
WHY HUMOUR MATTERS
Humour reduces stress, improves mood,
Greater resilience
and adaptability
QO; ®
strengthens connections and helps us
think more ","Better Life Through Humour: Science-Backed Strategies For Wellbeing, Performance, And Relationships",Science And Humor For Better Wellbeing And Workplace Performance,"Applied Humour Science For Workplace Performance, Communication, And Resilience","Applying The Science Of Humour For Better Life, Work And Relationships",Humour As A Tool For Enhanced Wellbeing And Workplace Performance,4.25,3.24,69.69,3.49,1.82
c-aae0f5c905,Semiconductor Fabrication for Assembly & ProductTest Engineers Course Outline.pdf,Semiconductor Fabrication for Assembly & Product/Test Engineers,"SEMICONDUCTOR
FABRICATION FOR
ASSEMBLY &
PRODUCT/TEST
ENGINEERS
Walk away with practical 'quick wins' to effectively improve your
assembly & product engineers and enhance productivity
immediately.
ASSEMBLY &
PRODUCT/TEST
ENGINEERS -
Nn Le
Walk away with practical 'quick wins' to effectively improve your
assembly & product engineers and enhance productivity
immediately.
‘e
Program Overview
This advanced training course is designed specifically for assembly and
product engineers working in semiconductor assembly and test houses. The
course provides an in-depth understanding of semiconductor wafer
fabrication processes and their impact on final chip functionality, reliability,
and parametric performance. Special emphasis is placed on wafer defects,
yield loss mechanisms, failure analysis, and defect-related assembly
challenges.
The course includes video tutorials demonstrating key fabrication and
analysis techniques to enhance learning
Learning Objectives
By the end of the course, partici",Advanced Semiconductor Fabrication And Yield Improvement For Assembly And Product Engineers,Semiconductor Fabrication For Assembly & Product/Test Engineers,"Semiconductor Fabrication Defects, Failure Analysis & Yield Optimization For Assembly Engineers",Semiconductor Fabrication For Assembly And Product/Test Engineers,Semiconductor Wafer Fabrication Techniques For Assembly And Test Engineers,4.19,3.5,61.44,3.61,1.78
c-ac4e4b7319,ChatGPT Fundamentals Course Outline.pdf,ChatGPT Fundamentals,"Walk away with practical “quick wins” to effectively integrate
ChatGPT into your workflows and elevate your team's
performance immediately.
CHAT GPT
FUNDAMENTALS
Enhance your team's communication strategies and master the art
of using ChatGPT to upgrade prompting skills and improve
productivity.
Overview
As technology advances and the world becomes more digital, there is a growing
need for working professionals to keep up with these changes. This workshop is
specifically designed for the future workforce to be efficient and effective at work
by mastering AI Tool like ChatGPT.
First, the workshop will introduce basic knowledge of AI before narrowing into
ChatGPT fundamental, which is a typical NLP tool (or Chatbot). It will showcase
how ChatGPT can change and impact our work life significantly through popular
use cases and success stories. The essential part of this workshop is about
learning the effective text input in order to get accurate and fast responses from
ChatGPT. ChatGPT is c",Advanced Chatgpt Integration For Enhanced Productivity And Efficiency.,Chatgpt Fundamentals For Work Efficiency,Chatgpt Fundamentals: Ai Prompting Strategies And Workflow Productivity For Professionals,"Chatgpt Fundamentals: Ai Basics, Prompting Skills And Workplace Applications",Mastering Chatgpt: Enhance Productivity And Communication In The Workplace,4.09,3.07,48.22,2.13,1.19
c-acd4e9ce3f,Constructive Leadership Lead The Team With Impact.pdf,Constructive Leadership Lead The Team With Impact,"CONSTRUCTIVE
LEADERSHIP
LEAD THE TEAM
WITH IMPACT
Walk away with practical 'quick wins' to effectively improve your
leadership skills and enhance productivity immediately.
G inpico
q bod =
CONSTRUCTIVE?
LEADERSHIP
LEAD ThE TEAM
WITH IMPACT
Nn Le
Walk away with practical 'quick wins' to effectively improve your
leadership skills and enhance productivity immediately.
e
Program Overview
Not all managers are leaders and not everyone can lead. Leadership is not
about following. It requires certain qualities and ability of you to inspire and
bring out the best of people. It is about achieving results through people.
“Leadership does not involve changing mindset of the group, but the
cultivation of an environment that brings out the best in and inspires the
individuals in that group.”
As an empowering leader, it is essential to know your strengths and hidden
potentials. This is a motivational session to allow you to discover your inner
self. We explore the journey to unleash your potentials a",Constructive Leadership For Impactful Team Management,Constructive Leadership: Lead The Team With Impact,Practical Constructive Leadership For Driving Team Impact And Results,Constructive Leadership: Leading Teams With Impact And Influence,Constructive Leadership: Enhancing Team Dynamics And Impactful Influence,4.03,3.37,50.98,18.59,0.81
c-b20c2aad1a,Value Stream Mapping for Lean Manufacturing Excellence.pdf,Value Stream Mapping for Lean Manufacturing Excellence,"VALUE STREAM
MAPPING FOR LEAN
MANUFACTURING
EXCELLENCE
Walk away with practical 'quick wins' to effectively improve your
VSM skills and enhance productivity immediately.
G inpico
VALUE STREAM
MAPPING FOR LEAN
MANUFACTURING
EXCELLENCE
£2
f /
Nf tia
Walk away with practical 'quick wins' to effectively improve your
VSM skills and enhance productivity immediately.
e
Program Overview
This programme equips manufacturing professionals with practical and
structured skills to apply Lean principles and Value Stream Mapping (VSM)
to systematically identify waste, improve process flow, reduce lead time, and
design future state value streams aligned with customer demand.
Participants will learn how to develop Current State and Future State Maps,
calculate key performance metrics such as Takt Time, Lead Time, and Value
Added Ratio (VAR), and translate improvement opportunities into actionable
implementation roadmaps. The programme integrates AI-assisted analysis
and digital manufacturing tools to en",Value Stream Mapping For Lean Manufacturing Excellence,Value Stream Mapping For Lean Manufacturing Excellence,Ai-Powered Value Stream Mapping For Lean Manufacturing Excellence,Ai‑Enhanced Value Stream Mapping For Lean Manufacturing Excellence,Value Stream Mapping For Lean Manufacturing Optimization,4.02,3.32,55.56,5.24,1.72
c-b25fd7183a,Leading Change with Impact.pdf,Leading Change with Impact,"LEADING
CHANGE
WITH
IMPACT
Navigate organizational transitions with confidence, unlock the psychology of
group dynamics, and foster a high-commitment environment to drive
meaningful change.
G invico
LEADING
CHANGE
WITH
IMPACT
Navigate organizational transitions with confidence, unlock the psychology of
group dynamics, and foster a high-commitment environment to drive
meaningful change.
e
Program Overview
While managing organizational change is universally recognized as
challenging, finding a clear, actionable path forward can be equally difficult.
Driven by today's fast-paced business shifts, structural reorganizations, and
strategy transitions, this intensive workshop equips leaders with the exact
tools and insights required to manage uncertainty effectively. Participants will
explore the core psychology behind group dynamics, learn how a leader's
attitude shapes the corporate environment, and master communication
strategies that foster resilience. Ultimately, you will walk away with ",Leading Change With Impact,Leading Change With Impact,Leading Organizational Change Through Group Dynamics And Team Synergy,Leading Change With Impact,Leading Organizational Change Through Effective Leadership Dynamics,3.95,2.93,45.6,2.18,0.71
c-b2cbde9198,GITHUB Copilot & Vibe Coding for Development.pdf,GitHub Copilot & Vibe Coding for Development,"GITHUB COPILOT
& VIBE CODING
FOR
DEVELOPMENT
Accelerate your development cycle and transition from manual syntax writing
to high-level system orchestration by mastering the industry's leading AI-
powered code editors and autonomous agent workflows.
G INDIGO,
GITHUB COPILOT
& VIBE CODING
FOR
DEVELOPMENT
Accelerate your development cycle and transition from manual syntax writing
to high-level system orchestration by mastering the industry's leading AI-
powered code editors and autonomous agent workflows.
©
Program Overview
The software engineering landscape is undergoing a monumental paradigm shift, moving
rapidly from traditional manual coding to AI-assisted ""vibe coding."" GitHub Copilot &
Vibe Coding for Developers is a comprehensive, hands-on masterclass designed to equip
modern developers with the skills to orchestrate multi-agent AI tools effectively.
Participants will dive deep into prompt engineering and explore cutting-edge coding
ecosystems, including GitHub Copilot, Cursor AI, ",Accelerate Development With Ai-Powered Code Editors And Autonomous Agent Workflows,Mastering Github Copilot And Vibe Coding For Ai-Assisted Development,"Mastering Github Copilot, Ai Code Editors, And Autonomous Agent Workflows For Developers","Vibe Coding Mastery: Github Copilot, Cursor Ai & Agent Skills",Mastering Ai-Powered Development With Github Copilot And Vibe Coding,4.16,3.24,54.79,6.35,1.01
c-b3154d4de2,Microsoft Excel (Basic-Advanced).pdf,Microsoft Excel (Basic to Advanced),"MICROSOFT
EXCEL
(BASIC TO
ADVANCED)
Transform raw data into actionable insights, automate repetitive day-to-day
tasks, and master advanced spreadsheet functionalities to significantly
maximize your workplace efficiency.
Program Overview
Microsoft Excel is a cornerstone of modern business data analysis, yet many
professionals only scratch the surface of its true capabilities. This
comprehensive
beginner-to-advanced
course
bridges
that
gap
by
transforming how you manage, interpret, and present data. Participants will
journey from spreadsheet fundamentals to unlocking advanced formulas like
IF, VLOOKUP, INDEX, and MATCH. You will learn how to build dynamic
interactive reports using Pivot Tables and leverage conditional formatting to
highlight critical business trends. Finally, the workshop introduces Macros and
VBA to automate routine workflows, preparing you to confidently excel in
data-centric corporate roles.
Learning Objectives
By the end of the course, participants will be able to:
C",Advanced Microsoft Excel Analysis And Automation For Corporate Professionals.,Microsoft Excel (Basic To Advanced),"Complete Microsoft Excel: Data Analysis, Advanced Formulas, And Vba Automation",Mastering Microsoft Excel: From Basic Skills To Advanced Automation,Mastering Microsoft Excel: From Basics To Advanced Data Analysis,5.96,3.41,62.3,3.18,1.74
c-b34a1b9468,Leadership Development Program(2 Days).pdf,Leadership Development Program,"LEADERSHIP
DEVELOPMENT
PROGRAM
Elevate your leadership benchmark and drive exceptional workplace
engagement by mastering the five exemplary, battle-tested leadership
practices from Kouzes and Posner’s ""The Leadership Challenge.""
Program Overview
This intensive 2-day facilitated workshop empowers employees at all levels to
enhance their leadership bench strength through the globally recognized
framework of Jim Kouzes and Barry Posner's The Leadership Challenge.
Participants will build a unified leadership language, shifting from basic
management to exemplary leadership. Through deep self-assessments, small-group
storytelling, and interactive practical activities, learners will fully internalize the 5
Leadership Challenge Practices (LCP): Model the Way, Inspire a Shared Vision,
Challenge the Process, Enable Others to Act, and Encourage the Heart. Attendees
leave with immediate, concrete action plans to champion a high-trust,
collaborative culture post-workshop.
Learning Objectives
By the",Advanced Leadership Development Through The Leadership Challenge,Leadership Development Program: Mastering The 5 Leadership Challenge Practices,Exemplary Leadership Development: Mastering The Five Practices For Workplace Engagement,Mastering The Five Leadership Practices Of Kouzes And Posner,Mastering Exemplary Leadership Practices For High-Impact Teams,4.08,3.44,57.75,11.7,1.96
c-b5a41313cf,Leading with Impact – The 4 Core Roles.pdf,Leading with Impact – The 4 Core Roles,"LEADING WITH
IMPACT – THE 4
CORE ROLES
Transform organizational leadership by mastering the four essential roles of
building trust, communicating strategic vision, driving execution, and
coaching high-performing teams.
G invico
LEADING WITH
IMPACT - THE 4
CORE ROLES
Transform organizational leadership by mastering the four essential roles of
building trust, communicating strategic vision, driving execution, and
coaching high-performing teams.
©
Program Overview
This two
day experiential leadership workshop empowers participants to build trust
as the foundation of influence, craft and communicate a compelling vision,
translate strategy into measurable results, and coach employees to unlock their full
potential. Through interactive activities, simulations, and roleplays, leaders will gain
practical tools to foster credibility, inspire alignment, drive execution, and sustain
success by growing people.
Target Audience: This program is designed for mid‑ to senior‑level managers,
team leader","Building Trust, Crafting Vision, Driving Execution, And Coaching High-Performing Teams.",Leading With Impact: Mastering The 4 Core Roles Of Organizational Leadership,"Leading With Impact: Trust, Vision, Execution, And Coaching For Team Leaders",Leading With Impact – The 4 Core Roles,Mastering Transformational Leadership: The Four Essential Roles,4.06,3.08,47.83,7.06,1.56
c-b6f70c45fc,Natural Language Processing in Practice.pdf,Natural Language Processing in Practice,"Walk away with practical “quick wins” to implement NLP
techniques and drive impactful results immediately.
NATURAL
LANGUAGE
PROCESSING IN
PRACTICE
GO invico
NATURAL
LANGUAGE
PROCESSING IN
PRACTICE
Walk away with practical “quick wins” to implement NLP
techniques and drive impactful results immediately.
Natural
Language
Program Overview
This comprehensive two-day workshop, NLP: From Fundamentals to Real-
World Applications, is designed to equip participants with both theoretical
knowledge and hands-on experience in Natural Language Processing (NLP).
Through immersive sessions and practical exercises, learners will master
essential NLP techniques such as text preprocessing, word embeddings,
named entity recognition, and sentiment analysis. With real-world case
studies and a final project, attendees will gain the confidence and skills
needed to apply NLP in business and technical environments. Ideal for
professionals looking to leverage the power of text data, this training is .
Learning ",Mastering Natural Language Processing In Practice,Natural Language Processing In Practice,"Hands-On Natural Language Processing With Python: Text Analytics, Embeddings, And Sentiment Analysis",Natural Language Processing In Practice,Practical Applications Of Natural Language Processing Techniques,4.07,3.26,68.09,0.99,2.05
c-b7503456bd,Sales Influencing and Self Motivation Program Course Outline.pdf,Sales Influencing and Self Motivation Program,"SALES
INFLUENCING
AND SELF
MOTIVATION
PROGRAM
Transform your sales trajectory from mediocre to extraordinary by unlocking
the psychological triggers of human behavior and mastering the art of
persuasive self-leadership.
G invico
SALES
INFLUENCING
AND SELF
MOTIVATION
PROGRAM
Transform your sales trajectory from mediocre to extraordinary by unlocking
the psychological triggers of human behavior and mastering the art of
persuasive self-leadership.
©
Program Overview
What separates corporate super-achievers from mediocre performers in the exact
same field? The answer lies in developed core traits: an unyielding attitude to
succeed, unwavering commitment, absolute passion, and exceptional persuasive
skills. Sales Influencing and Self Motivation Program is an immersive, 2-day
workshop designed to transform participants into elite sales professionals.
Recognizing that people are constantly guided by external circumstances, internal
belief systems, or underlying desires, this program provides ",Advanced Strategic Sales Influence And Self Motivation Techniques,Sales Influencing And Self Motivation Program,"Sales Persuasion, Psychological Influence, And Self-Motivation Mastery","Mastering Sales Influence, Persuasion, And Self-Motivation Techniques",Sales Mastery Through Psychological Influence And Self-Motivation,4.07,3.05,57.7,4.09,0.96
c-b7bb02e137,Influencing Without Authority Course Outline (2).pdf,Influencing without Authority,"Influencing Without Authority
Leadership Skills for Modern Matrix
Organizations
Helping professionals drive results through influence, alignment, and
stakeholder engagement.
Influencing without Authority
1
The Reality of Modern
Organizations
Today's organisations operate in complex environments:
Matrix Reporting Structures
Cross-Functional Teams
Global Collaboration
Limited Formal Authority
Success increasingly depends on influence rather than hierarchy.
Influencing without Authority
2
The Reality of Modern
Organizations
Today's organisations operate in complex environments:
Matrix Reporting Structures
Cross-Functional Teams
Global Collaboration
Limited Formal Authority
LJ Success increasingly depends on influence rather than hierarchy.
Influencing without Authority
Common Workplace Challenges
Employees often struggle with:
The Challenges
• Getting buy-in for ideas
• Managing resistant stakeholders
• Aligning multiple departments
• Navigating organisational politics
Influencing without",Advanced Strategic Influence And Leadership For Modern Organizations,Leadership Influence Without Authority: Driving Results In Modern Organizations,Influencing Without Authority: Stakeholder Leadership For Matrix Organizations,Influencing Without Authority Stakeholder Engagement And Communication,Influencing Leadership: Mastering Stakeholder Engagement In Complex Environments,4.2,3.32,61.58,5.15,1.84
c-b9a76a60d3,Microsoft Excel Intermediate to Advanced.pdf,Microsoft Excel Intermediate to Advanced,"ee
_ eee, ~~
4311854 13>
raf ante
G invico
Je)
MICROSOFT EXCEL: ©
. |
ADVANCED
nated
euatoos
red
ran Pred
g
G inpico
Microsoft Excel Intermediate to Advance
¢ Program Overview
Microsoft Excel is a software for storing numerical data and analyzing them. It is one of
the most flexible and commonly used applications in Office. Whatever career path you
choose, you will probably have to use Excel to achieve your professional goals, some of
which may happen every day. For one way or the other, we all work with numbers. When
we want to record, analysis and save such numeric data, Microsoft Excel comes in handy.
At this intermediary level, it provides an overview of the Excel forms and features used
every day for preparing reports and analytics for our managers
¢ Learning Objectives
By the end of the course, participants will be able to:
¢ Describe Excel Data thoroughly to prevent common mistake in Excel
Reports.
¢ Perform accurate and consistent Reports using the right Formula, or
Functions. ",Microsoft Excel Advanced Features And Applications,Microsoft Excel Intermediate To Advanced Skills,"Advanced Microsoft Excel Formulas, Functions, And Professional Data Analysis",Microsoft Excel Intermediate To Advanced,Advanced Microsoft Excel Techniques For Data Analysis And Reporting,4.12,3.05,54.31,3.45,0.92
c-ba8a80dc51,SAP Crystal Reports for Enterprise – Advanced Report Design.pdf,SAP Crystal Reports for Enterprise - Advanced Report Design,"SAP CRYSTAL
REPORTS FOR
ENTERPRISE -
ADVANCED
REPORT DESIGN
Elevate your enterprise data strategy by mastering complex programming
logic, multi-pass processing rules, and localized formatting within the
advanced reporting ecosystem.
G inv
Apr 78, 2010 - Ma
SAP CRYSTAL
REPORTS FOR >. nal
ENTERPRISE - Dan =—
ADVANCED
REPORT DESIGN
mg,
Elevate your enterprise data strategy by mastering complex programming
logic, multi-pass processing rules, and localized formatting within the
advanced reporting ecosystem.
©
Program Overview
SAP Crystal Reports for Enterprise Advanced Report Design is a comprehensive, 2-
day technical masterclass developed for Application Consultants, Business Analysts,
and Power Users. Built for individuals who understand basic design mechanics, this
program provides deep-dive mastery over the advanced tools within the Crystal
Reports interface. Participants will progress from engineering running totals and
multidimensional arrays to programming active loops and complex p",Advanced Sap Crystal Reports For Enterprise Advanced Report Design Masterclass,Advanced Report Design For Sap Crystal Reports Enterprise,"Advanced Sap Crystal Reports Engineering: Formulas, Multi-Pass, And Multi-Lingual Reporting",Advanced Sap Crystal Reports: Multi-Pass Processing And Parameterized Reporting,Advanced Report Design Techniques Using Sap Crystal Reports,4.03,3.01,52.27,6.81,0.93
c-bb73207d94,Mental Health First Aid Course Outline.pdf,Mental Health First-Aid (MHFA),"MENTAL HEALTH
FIRST-AID (MHFA)
Empower your team with the vital psychological tools and early intervention
skills needed to recognize, approach, and support individuals experiencing a
mental health crisis in the workplace.
Program Overview
Mental Health First Aid (MHFA) is the immediate support given to someone
developing a mental health challenge, experiencing worsening issues, or facing a
mental crisis. This licensed, evidence-based program from MHFA International
(Australia) is specifically adapted for the Malaysian setting by the MMHA. It bridges
the critical gap before professional care is reached. Ideal for managers, HR
professionals, and community leaders, this course delivers essential knowledge to
enable early interventions, fast-track personal recovery, and prevent conditions
from escalating. By completing it, participants become accredited Mental Health
First Aiders equipped to build a safer, more resilient environment.
Learning Objectives
By the end of the course, participa",Mental Health First Aid For Corporate Leaders In Malaysia,Mental Health First-Aid (Mhfa) Training For Workplace Leaders,Mental Health First Aid For Workplace Crisis Recognition And Early Intervention,Mental Health First Aid Training For Workplace Crisis Intervention,Mental Health First Aid For Workplace Resilience And Support,4.05,3.27,49.41,14.24,1.9
c-bc34dce11d,Managing Change in an Age of Disruption with LEGO SERIOUS PLAY.pdf,Managing Change in an Age of Disruption with LEGO® SERIOUS PLAY®,"MANAGING
CHANGE IN AN
AGE OF
DISRUPTION WITH
LEGO® SERIOUS
PLAY®
Navigate organizational volatility and unlock collective strategy by leveraging
the immersive power of the LEGO® SERIOUS PLAY® methodology to co-create
actionable change frameworks.
G inv
CHANGE IN AN
AGE OF
DISRUPTION WITH
LEGO® SERIOUS
PLAY®
Navigate organizational volatility and unlock collective strategy by leveraging
the immersive power of the LEGO® SERIOUS PLAY® methodology to co-create
actionable change frameworks.
©
Program Overview
This dynamic two-day programme equips participants with innovative tools to
navigate and lead through disruption using the LEGO® SERIOUS PLAY® (LSP)
method. In today's volatile and complex business landscape, traditional change
management approaches may fall short. LSP aims to bridge this gap by unlocking
collective intelligence, encouraging deep reflection, and enabling the co-creation
of actionable strategies. This course is recognized across industries for its hands-
on, engaging me",Navigating Change With Lego Serious Play,Managing Change In An Age Of Disruption With Lego® Serious Play®,Navigating Organizational Disruption With Lego Serious Play And Adkar,Managing Change In An Age Of Disruption With Lego® Serious Play®,Navigating Change With Lego® Serious Play® Methodology,4.05,3.43,52.37,2.83,1.92
c-c3235b8dee,Tufting & Indoor Adventure Course Outline.pdf,Tufting & Indoor Adventure (1 Day),"TUFTING &
INDOOR
ADVENTURE
(1 DAY)
Unleash your team's creative potential, patience, and collaborative
communication through an immersive, hands-on crafting experience designed
to push individuals outside their comfort zones.
G invico
TUFTING &
INDOOR
ADVENTURE
1 DAY
Unleash your team's creative potential, patience, and _ collaborative
communication through an immersive, hands-on crafting experience designed
to push individuals outside their comfort zones.
©
Program Overview
Tufting & Indoor Adventure is an interactive, full-day workshop meticulously
designed for corporate leaders, managers, and project teams. This refreshing
program leverages unique, tactile crafting mediums to spark critical thinking and
break down communication barriers. Participants will master the mechanics of
textile tufting, experiment with multi-layered sand art candle chemistry, and
engage in creative straw bag painting. By stepping outside their typical workplace
routines into a supportive studio environment,",Tufting & Indoor Adventure: Unlocking Team Potential Through Creative Expression,Tufting & Indoor Adventure: Cultivating Creativity And Collaboration,Hands-On Creative Team Building Through Tufting And Indoor Craft Adventures,"Cultivating Patience, Communication & Team Trust Through Creative Crafting",Creative Team-Building Through Tufting And Collaborative Crafting,4.12,3.3,63.24,18.17,0.91
c-c3b6bb1580,Conference Negotiation Intelligence.pdf,Negotiation Intelligence (NI),"NEGOTIATION
INTELLIGENCE
(NI)
Master the critical blend of strategic thinking, behavioral personality
strategies, and emotional intelligence to build unbreakable rapport, deploy
advanced tactics, and achieve high-impact, win-win outcomes in complex
business negotiations.
Program Overview
In today's globally connected world, negotiation skills are more value-added than
ever. Whether you're negotiating through complex business deals, resolving
interpersonal conflicts, or advocating for your own interests, being skilful in the art
of negotiation can empower you to achieve your goals, greater heights and build
stronger relationships.
Negotiation intelligence is a blend of strategic thinking, interpersonal skills, and
emotional intelligence. It's also about fostering trust, building rapport and
relationships, and maintaining open lines of communication throughout the process.
Learning Objectives
By the end of the course, participants will be able to:
Analyze complex business deals to positi",Advanced Negotiation Strategies For Win-Win Outcomes,Negotiation Intelligence: Master Strategic Thinking And Emotional Intelligence,"Negotiation Intelligence: Disc Profiling, Emotional Strategy, And Win-Win Business Tactics","Negotiation Intelligence: Mastering Tactics, Disc Profiling & Emotional Intelligence",Negotiation Intelligence: Mastering Strategic Thinking And Emotional Rapport,4.07,2.99,52.97,2.65,1.03
c-c4f85dea06,Getting Unstuck Charting New Frontiers Course Outline.pdf,Getting Unstuck: Charting New Frontiers,"Getting
Unstuck: Charting
New Frontiers
It’s not the effort that solves a
problem — it’s another perspective
— L. van den Berg-Sekac
Sometimes, our life doesn’t go our
way. We’re not doing too good, yet
we cannot put our finger on what’s
happening. We feel uncomfortable in
our skin, and sucked into our jobs or
relationships, but we tell ourselves
that it’s because of the busy period at
work, the long cold winter, or outside
circumstances. We blame ourselves
and other people, but months or even
years later, our life still doesn’t go well.
It’s as if it rebels on us. It steps on our
actions towards happiness, and we
rebel back by working harder, or by
doing just the opposite: giving up our
zest for life
When we realize that our life has
gone off the rails, and we try to get
back on course, we may discover that
it’s not as easy as we may have
assumed. Tasks that we used to
handle with joy and ease turn out to
have
transformed
into
an
insurmountable
wall
of
trouble
occupied by an enemy who",Breaking Free: Building Self-Trust And Confidence To Overcome Life'S Obstacles,Understanding And Overcoming Stuckness: Building Self-Trust And Confidence,"Getting Unstuck: Building Self-Trust, Confidence, And Life Direction","From Stuck To Forward: Cultivating Self‑Trust, Confidence, And Purposeful Action",Breaking Free: Mastering Self-Trust And Overcoming Life'S Obstacles,5.94,3.44,59.86,17.85,0.91
c-c5bad1d242,Leading Others.pdf,Leading Others,"Leadership Pipeline Institute ·
Purpose
Leading Others is an intensive 4-day Leadership Transition Program that provides insight, tools
and practical training that enables Leaders of Others to effectively lead their team. The program
will support leaders in developing a clear picture of how they add value to the organization as a
Leader of Others and how they can free up time for the critical leadership tasks.
Target audience
The target audience for the program is Leaders of Others with a minimum of 1-2 individual
contributors as direct reports. When they attend the program, they need to have been in their
current Leading Others position for at least 3-6 months.
It is critical for the program that all participants meet these criteria as it is an essential prerequisite
for being able to base the program on the participants' own experiences rather than theoretical
cases.
Why invest in Leaders of Others
Leaders of Others are your front-line managers. They lead approximately 80-90% of all ",Effective Leadership For Front-Line Managers,Leadership Transition Program For Front-Line Managers,"Front-Line Leadership Transition: Coaching, Delegation, And Team Performance Management",Leadership Transition Program: Leading Others Effectively,Effective Leadership Skills For Front-Line Managers,3.86,3.21,58.76,2.37,1.83
c-c6521a5554,Transition to MS 1480_2025.pdf,Transition to MS 1480:2025,"TRANSITION TO
MS 1480:2025
Seamlessly transition your food safety management system to the new MS
1480:2025 standard by mastering key clause updates and the latest Codex-
aligned CCP decision trees.
TRANSITION TO
MS 1480:2025
Seamlessly transition your food safety management system to the new MS
1480:2025 standard by mastering key clause updates and the latest Codex-
aligned CCP decision trees.
©
Program Overview
Food safety is of paramount concern to everyone. Knowing this, all discerning suppliers in
the food supply chain would want to provide assurance of their output. HACCP, an
acronym for Hazard Analysis and Critical Control Point is a food safety management
system that is certifiable and widely recognized in the industry. It is a powerful system,
which can be applied to a wide range of simple and complex operations and is equally
applicable to both small and large industries.
This training course is designed to provide detailed knowledge and skills to transition from
MS 1480:2019",Advanced Haccp System Transition To Ms 1480:2025 For Food Safety Management.,Transition To Ms 1480:2025 Food Safety Management System,Transitioning Haccp Food Safety Systems To Ms 1480:2025 With Codex-Aligned Ccp Decision Trees,Transition To Ms 1480:2025: Mastering Haccp Updates And Codex-Aligned Ccp Decision Trees,Transitioning Food Safety Management Systems To Ms 1480:2025 Standards,4.19,3.52,65.58,4.41,0.9
c-cc704ebdf5,Automotive Core Tools MSA.pdf,Automotive Core Tools: MSA,"AUTOMOTIVE
CORE TOOLS:
MSA
This course provides knowledge for current internal auditors and personnel
involved in the development and management of an automotive quality
management system
MEASUREMENT SYSTEM
Equipment, Personnel, Methods, Envi
G invico
ronment
AUTOMOTIVE
CORE TOOLS:
MSA
This course provides knowledge for current internal auditors and personnel
involved in the development and management of an automotive quality
management system
©
Program Overview
Measurement System Analysis to present guidelines for assessing the quality of a
measurement system. Although the guidelines are general enough to be used for any
measurement system, they are intended primarily for the measurement systems used in the
industrial world. This is not intended to be a compendium of analyses for all measurement
systems. Its primary focus is measurement systems where the readings can be replicated
on each part. Many of the analyses are useful with other types of measurement systems
and the manual does",Automotive Quality Management System Analysis And Measurement System Assurance,Understanding And Implementing Automotive Msa For Quality Management,Automotive Core Tools: Measurement System Analysis For Quality Management,Measurement System Analysis (Msa) For Automotive Quality Management,Automotive Measurement System Analysis For Quality Management Systems,4.03,3.22,46.64,1.72,1.84
c-ce75fb253c,Leadership Development Seeds of Trust(2D).pdf,Leadership Development: Seeds of Trust,"LEADERSHIP
DEVELOPMENT:
SEEDS OF TRUST
(2D)
LEADERSHIP &
DEVELOPMENT:
SEEDS OF TRUST
(2D)
Nn Lm
‘e
Program Overview
Leadership Development: Seeds of Trust Two-Day Program is a comprehensive and
immersive leadership development experience designed to equip managers in
hightech manufacturing environments with the skills, mindset, and strategies
necessary to transition from task-focused managers to values-driven leaders.
This enhanced program allows deeper exploration of key concepts, additional
interactive exercises, and ample time for reflection and practical application.
Participants will master the 7 Seeds of Trust and leave with a clear, actionable
leadership vision.
Learning Objectives
Leadership Development: Seeds of Trust(2D)
Two (2) Full-Day Workshop;
By the end of the course, participants will be able to:
•Understand and internalize the 7 Seeds of Trust framework.
•Differentiate between a manager mindset and a leader mindset.
•Develop practical skills to build trust, foster resi",Leadership Development: Mastering The 7 Seeds Of Trust,Leadership Development: Seeds Of Trust (2D),"From Manager To Leader: Building Trust, Resilience, And Integrity",Leadership Trust Building: Self-Leadership Resilience Ethics,Leadership Development: Cultivating Trust And Integrity In High-Tech Management,4.08,3.05,63.55,6.92,1.99
c-cf71924f0d,Build Professional Business Website Using Wordpress- HRDF Training.pdf,Build Professional Business Website Using WordPress,"BUILD
PROFESSIONAL
BUSINESS
WEBSITE USING
WORDPRESS
Establish a powerful digital storefront and fully control your corporate online
presence by mastering the end-to-end process of deploying, customizing, and
maintaining a high-performance WordPress website.
G invico
BUILD , Te...
PROFESSIONAL en
BUSINESS >
WEBSITE USING
WORDPRESS
Establish a powerful digital storefront and fully control your corporate online
presence by mastering the end-to-end process of deploying, customizing, and
maintaining a high-performance WordPress website.
©
Program Overview
Building Professional Business Website Using WordPress is an intensive, 3-day hands-on
course tailored for business owners, webmasters, and digital marketers who want to
launch and manage a fully functional commercial site. Moving beyond basic theory, this
practical program guides you directly through the core mechanics of the WordPress
content management system—including local installation, domain configurations, backend
navigation, and t",Build Professional Business Website Using Wordpress,Build Professional Business Website Using Wordpress,"End-To-End Wordpress Business Website Development, Security, And Seo Optimization",Build Professional Business Website Using Wordpress,Mastering Wordpress: Build And Manage Your Professional Business Website,4.02,3.29,53.73,11.64,1.24
c-cfa2f4c531,Growth Mindset - Course Outline.pdf,Growth Mindset,"In DIGO
6)
GROWTH
MINDSET
®|
“i
©)
Reframe Challenges, Redefine Success,
Reinvent Yourself.
©
This program is thoughtfully designed to empower leaders to cultivate a
growth-oriented mindset essential for navigating challenges & driving
transformative change in their organizations. It emphasizes the importance
of self-awareness as the foundation of effective leadership, equipping
participants with the tools to recognize their strengths, overcome personal
barriers & adopt a proactive approach to growth.
Through an in-depth exploration of team dynamics, participants will gain
insights into the psychological drivers that motivate individuals & teams,
enabling them to foster trust, empathy & collaboration in diverse
environments. The program delves into the creation of positive, solution-
focused work environments where accountability & innovation thrive,
ensuring participants are prepared to inspire & lead.
By the end of the course, participants will be able to:
Adopt a growth mindset to l",Transformative Leadership For High Performance,Cultivating A Growth Mindset For Effective Leadership,"Growth Mindset Leadership: Leading Change, Empowering Teams & Driving Innovation",Cultivating A Growth Mindset For Effective Leadership And Team Engagement,Empowering Leaders: Cultivating A Growth Mindset For Transformative Change,4.09,3.37,46.35,7.24,2.25
c-d111c5d694,World Class Maintenance Management.pdf,World Class Maintenance Management,"WORLD CLASS
MAINTENANCE
MANAGEMENT
Transform your operational ecosystem into a cost-effective powerhouse by
mastering systematic technical audits, predictive diagnostics, and advanced
planning frameworks to mitigate risk and achieve zero breakdowns.
G invico
WORLD CLASS
MAINTENANCE
MANAGEMENT
Transform your operational ecosystem into a cost-effective powerhouse by
mastering systematic technical audits, predictive diagnostics, and advanced
planning frameworks to mitigate risk and achieve zero breakdowns.
©
Program Overview
World Class Maintenance Management is an intensive, 2-day professional
workshop designed to maximize operational efficiency and asset value through a
proactive maintenance culture. Grounded in periodic Maintenance Technical
Audits, this course serves as an indispensable organizational strategy to contain
costly exposure to operations-related risks while boosting your competitive edge.
Participants will dive into equipment failure patterns, lifecycle costing models, an",Advanced Predictive Maintenance And Asset Management Strategies For Operational Excellence.,World Class Maintenance Management For Operational Excellence,World Class Maintenance Management With Predictive Diagnostics And Zero Breakdown Strategies,World Class Maintenance Management: Predictive Diagnostics & Zero Breakdown Strategies,World Class Maintenance Management For Operational Excellence,4.13,3.14,69.99,9.25,1.13
c-d1a11c7c56,SAP Crystal Report Fundamentals of Report Design.pdf,SAP Crystal Report: Fundamentals of Report Design,"SAP CRYSTAL
REPORT:
FUNDAMENTALS
OF REPORT DESIGN
Master the core mechanics of corporate data presentation by learning to
build, format, and distribute dynamic business reports from scratch.
G inv
SAP CRYSTAL
REPORT:
FUNDAMENTALS Z
OF REPORT DESIGN \
Master the core mechanics of corporate data presentation by learning to
build, format, and distribute dynamic business reports from scratch.
©
Program Overview
SAP Crystal Report: Fundamentals of Report Design is a hands-on, 2-day
foundational course designed for Application Consultants, Business Analysts, and
Power Users. This practical workshop equips participants with the essential skills
required to build professional Crystal Reports from the ground up. Attendees will
navigate the design environment, connect securely to data sources, and learn to
filter, sort, group, and summarize complex records. The curriculum also covers the
implementation of basic logical formulas, structural section formatting, conditional
data highlighting, and c",Sap Crystal Report Fundamentals Of Report Design For Business Professionals,Fundamentals Of Sap Crystal Report Design,Sap Crystal Reports Fundamentals For Business Data Presentation And Distribution,Sap Crystal Reports: Fundamentals Of Report Design,Sap Crystal Reports: Essential Techniques For Dynamic Report Design,4.07,3.03,51.72,4.39,0.78
c-d5812fd2e3,Influence in Action Strategies for Lasting Impact Course Outline.pdf,Influence in Action: Strategies for Lasting Impact (2Days),"Walk away with a list of “quick wins” cases
you can use right away in the organization!
Influence in Action:
Strategies for
Lasting Impact
Assess you and your team’s Communication and learn how
to effectively build trust and work together.
Program Overview
Course Objectives
By the end of the programme, participants will be able to:
This course explores the science of influence and the principles behind creating
meaningful and lasting change. Participants will learn actionable strategies to
identify key behaviors, leverage multiple sources of influence, and drive
transformation in personal and professional settings. Whether addressing team
dynamics, implementing organizational change, or improving individual outcomes,
this course equips learners with practical tools to identify challenges, overcome
resistance, and inspire change at every level. By understanding and applying
these proven methods, you’ll be empowered to not only adapt to change but to
become a catalyst for it. Get ready t",Strategies For Lasting Impact: Unlocking Personal And Organizational Change,Influence In Action: Strategies For Lasting Impact,Strategic Influence And Behavior Change For Lasting Organizational Impact,"Influence Mastery: Strategies For Trust, Change, And Impact",Influence Strategies For Driving Lasting Change In Organizations,4.12,3.39,71.03,3.01,0.77
c-d63435f6f8,AI Awareness A Fun & Exciting Discovery Day.pdf,AI Awareness: A Fun & Exciting Discovery Day,"From Curiosity to Capability, Your AI Journey Starts Here
eC,
GO inv
Al AWARENESS:
A FUN & EXCITING
DISCOVERY DAY
From Curiosity to Capability, Your Al Journey Starts Here
© contactus @
Program Overview
This 1/2-day immersive program is designed to introduce general
participants to AI in a fun, engaging, and highly practical way. The workshop
empowers participants with hands-on experiences using free, easy-to-
access AI tools and inspires creativity, exploration, and confidence in using
AI for personal and professional tasks.
Learning Objectives
By the end of the course, participants will be able to:
Understand basic AI concepts and how AI can be applied in everyday life.
Create simple AI-generated content such as business email, professional
profile, and related business use cases (e.g. presentation materials).
Utilize
AI
as
a
personal
assistant
for
tasks
like
summarizing
emails/documents and creating professional replies.
Design a personalized AI Action Plan to continue their AI lear",Advanced Artificial Intelligence Fundamentals For Business Leaders,Ai Awareness: A Fun & Exciting Discovery Day,Hands-On Ai Fundamentals For Business Productivity And Professional Growth,Ai Awareness: Fundamentals And Practical Applications For Everyday Use,Engaging Ai Awareness: Practical Skills For Everyday Applications,4.09,3.26,65.31,2.1,0.75
c-db493e8b5a,Artificial Intelligence For Human Resources Course Outline.pdf,Artificial Intelligence for Human Resources,"Walk away with practical “quick wins” to apply AI-driven
insights and automation for a more efficient and data-driven
HR approach immediately.
ARTIFICIAL
INTELLIGENCE
FOR HUMAN
RESOURCES
Enhance your HR strategies and master the art of leveraging artificial
intelligence to streamline talent management, recruitment, and
employee engagement.
Synopsis
In today’s fast-paced world, Artificial Intelligence (AI) is revolutionizing every
industry, and human resources (HR) is no exception. This training, AI for Human
Resources, is designed to equip HR professionals with the knowledge and tools to
leverage AI in optimizing their practices and driving business success. From talent
acquisition to employee engagement, AI offers innovative solutions that enhance
decision-making, streamline processes, and improve employee experiences
Artificial Intelligence For Human Resources
Learning Objectives
By the end of the course, participants will be able to:
Understand the Role of AI in HR
Learn to Implemen",Advanced Ai For Human Resources: Leveraging Technology For Data-Driven Hr Decisions,Artificial Intelligence For Human Resources: Streamlining Hr Strategies With Ai,"Ai-Driven Hr: Prompting, Automation, And Data-Driven Talent Management","Ai-Powered Hr: Automation, Talent Management & Data-Driven Decision Making",Leveraging Artificial Intelligence For Enhanced Human Resources Management,4.25,3.45,56.36,12.64,0.78
c-e037e5c458,Leadership Gold course outline.pdf,Leadership Gold,"Leadership That Endures, Lessons That Empower.
LEADERSHIP
GOLD
G6 inv
LEADERSHIP
Leadership That Endures, Lessons That Empower.
wa contactus @
Program Overview
Participants are about to embark on a personal growth journey based upon the
content in John Maxwell’s Leadership Gold. A commemoration of his leadership
experience by the age of 60, this program features the hardest-won leadership
lessons of John’s life into a book and program that could be used to mentor
leaders. A highly personal yet relatable work, participants will gain insights into
the thought processes of John Maxwell and learn from his nuggets of wisdom,
acquired through years of real experience, success and failures.
Leadership Gold
Learning Outcomes
Apply the personal lessons from one of the world’s most successful leaders to
their own journeys.
Strengthen their leadership foundation.
Apply the principles learnt to mentor and develop their leadership pipeline.
Increase their appreciation of and ability to nurture the ",Leadership That Endures: Unlocking The Power Of Personal Lessons For Stronger Leadership,Leadership Gold: Lessons From John Maxwell'S Journey,Leadership Gold: 26 Lessons For Building Enduring Leadership And Legacy,Leadership That Endures: Lessons That Empower,Empowering Leadership Lessons From John Maxwell'S Leadership Gold,5.9,3.39,53.95,27.1,1.01
c-e1cb1bb0da,Be an Ideal Player of Your Team – Powered by LEGO SERIOUS PLAY Method.pdf,Be an Ideal Player of Your Team – Powered by LEGO® SERIOUS PLAY® Method,"BE AN IDEAL PLAYER
OF YOUR TEAM –
POWERED BY LEGO®
SERIOUS PLAY®
METHOD
Activate individual accountability and forge an aligned, high-performing
culture by leveraging the interactive power of the LEGO® SERIOUS PLAY®
methodology to unlock your team's full potential.
Program Overview
In today's collaborative business landscape, a company's success relies entirely on the
strength and synergy of its workforce. Be an Ideal Player of Your Team is an immersive, 2-
day workshop that leverages the LEGO® SERIOUS PLAY® (LSP) method to drive deep
self-awareness, alignment, and individual accountability. Moving past traditional lectures,
this experiential program uses 3D metaphorical modeling and Johari Window frameworks
to help participants uncover blind spots, articulate their unique organizational value, and
map out concrete team-driven solutions. Ultimately, teams will co-create a unified vision
and actionable roadmap to cultivate the traits of an ideal team player.
Learning Objectives
By the e",Leveraging Lego Serious Play To Unlock Individual Accountability And Team Excellence.,Be An Ideal Player Of Your Team – Powered By Lego® Serious Play® Method,Forging High-Performance Team Alignment And Individual Accountability Through Lego Serious Play,Team Collaboration And Self-Awareness With Lego® Serious Play®,Becoming An Ideal Team Player Using Lego® Serious Play® Method,3.94,3.46,52.81,7.6,1.05
c-e99b19e372,Generative AI for Finance Course Outline.pdf,Generative AI for Finance,"G6 invicc 4a
y
YS
GENERATIVE (en
We've trained a model called
ChatGPT which interacts ina
conversational way. The dialogue
format makes it possible for
ChatGPT to answer followup
questions, admit its mistakes,
challenge incorrect premises, and
reject inappropriate requests.
Ty ___» | Readabout ChatGPT
‘hatGPT Plus
FINANCE
Nn \f-
Walk away with practical 'qui ins’ i i
quick wins' to effectively improve
assembly & product engineers and enhance productivity
immediately.
g  100% HRDF Claimabl
(-) aimabie
G invico
Generative Al For Finacne
¢ Program Overview
This two-day intensive program is designed for finance professionals aiming
to harness Generative Al (Gen Al) tools like ChatGPT or Gemini for real-
world applications. Participants will explore the capabilities and limitations
of Al, cratt effective prompts, and apply Al to enhance financial analysis,
professional communication, and operational efficiency.
Through live demonstrations and hands-on group activities, learners will build
p",Generative Ai For Finance: Boosting Productivity And Data-Driven Decision Making.,Generative Ai For Finance Professionals,"Applied Generative Ai For Finance: Prompting, Analysis & Custom Ai Agent Design",Applied Generative Ai For Financial Analysis And Automation,Generative Ai Applications For Finance Professionals,4.2,3.32,58.83,7.27,1.24
c-e9cb76e3c2,EQ Converse to Connect Intelligently.pdf,EQ: Converse to Connect Intelligently,"EQ: CONVERSE TO
CONNECT
INTELLIGENTLY
Walk away with practical 'quick wins' to effectively improve your
communication skills and enhance productivity immediately.
G inpico
EO: CONVERSE 10
CONNECT
INTELLIGENTLY
Walk away with practical 'quick wins' to effectively improve your
communication skills and enhance productivity immediately.
£* HR,
paBhts Hao
‘or My
&,.
nny FA
Ue
‘e
Program Overview
In many workplaces today, the biggest problems are not technical — they are
communication problems.
People misunderstand each other.
Messages are interpreted differently.
Feedback is avoided.
Difficult conversations turn into tension or silence.
Even capable professionals often struggle to express themselves clearly, listen deeply,
and handle emotional conversations well.
This is where Emotional Intelligence (EQ) in communication becomes critical.
EQ: Converse to Connect Intelligently is a practical and highly interactive program
designed to help participants develop Communication Intelligence — the",Advanced Communication Skills For Enhanced Productivity,Emotional Intelligence: Converse To Connect Intelligently,Eq-Driven Communication Intelligence For Professional Workplace Connection,Emotional Intelligence For Effective Communication And Trust Building,Emotional Intelligence For Effective Communication And Relationship Building,4.05,3.04,52.58,5.89,1.34
c-eb88a860d6,The Leadership Challenge Workshop Course Outline.pdf,The Leadership Challenge Workshop,"© INDIGO
THE LEADERSHI
CHALLENGE
WORKSHOP
Walk away with practical “quick wins” to implement NLP
techniques and drive impactful results immediately.
G invico
The Leadership Challenge Worksh
¢ Program Overview
The Leadership Challenge Workshop is a leadership development program
based on the book The Leadership Challenge by Barry Posner and Jim
Kouzes. The workshop is designed to help participants improve their
leadership skills and effectiveness through a variety of methods including
The Five Practices of Exemplary Leadership, The Leadership Practices
Inventory (LPI), Experiential exercises and Personal development plans.
¢ Learning Objectives
By the end of the course, participants will be able to:
e Understand and able to share concept of the 5 leadership practices
Identify learner's leadership strengths and weaknesses
Clarify and communicate learner's fundamental values and beliefs.
Identify action plans post workshop for continuous improvement
Duration two (2) Full-Day Workshop;
cia",Advanced Leadership Development Through The Leadership Challenge Workshop,Leadership Challenge Workshop: Exemplary Leadership Practices,Exemplary Leadership: Mastering The Five Practices Through Assessment And Action Planning,Leadership Challenge Workshop: Enhancing Leadership Practices And Personal Effectiveness,The Leadership Challenge: Mastering Effective Leadership Practices And Personal Development,4.09,3.25,59.87,3.46,0.93
c-eb94a278e4,Software development Improvement Concepts & Practices Course Outline.pdf,Software Development Improvement Concepts & Practices,"SOFTWARE DEVELOPMENT
IMPROVEMENT CONCEPTS &
PRACTICES
Walk away with a list of key “quick wins” cases
you can start right away in the organization!
VY
PRACTICES
uy
Walk away with a list of key “quick wins” cases
you can start right away in the organization!
——
&
SMM
NUDES
‘e
Program Overview
The ""Software Development Improvement Concepts & Practices"" workshop
provides developers with essential skills to enhance software development
processes. This workshop covers the Software Development Life Cycle
(SDLC) phases, from planning to deployment, offering best practices for
each stage to ensure quality and efficiency. Participants will also learn
structured problem-solving techniques to effectively approach complex
issues and improve team outcomes. Additionally, the workshop introduces
SCRUM principles and practices, including sprint planning, daily stand-ups,
and retrospective meetings, to foster agile teamwork. Through hands-on
exercises, discussions, and practical examples, attendees wil",Software Development Improvement Concepts & Practices For Enhanced Team Outcomes And Continuous Improvement,Software Development Improvement Concepts & Practices,"Software Development Lifecycle, Scrum Practices, And Agile Problem-Solving",Software Development Improvement Concepts & Practices,Software Development Improvement Concepts And Agile Practices,4.13,3.25,59.23,8.45,0.78
c-eb99910b3e,Gurney Mall Hunt Course Outline.pdf,Gurney Mall Hunt,"GURNEY MALL
HUNT
Transform your team into a unified, high-performing force by mastering the
arts of compassionate communication, precise time management, and
collective problem-solving in a fast-paced environment.
G invico
GURNEY MALL ‘oft
HUNT 4
Transform your team into a unified, high-performing force by mastering the
arts of compassionate communication, precise time management, and
collective problem-solving in a fast-paced environment.
©
Program Overview
In today’s collaborative corporate landscape, building a cohesive team is the
linchpin of organizational success. Gurney Mall Hunt is an immersive, 1-day
experiential workshop designed to empower professionals with the tools needed to
create a lasting culture of synergy and achievement. Moving through interactive
indoor mall hunting checkpoints and strategic hotel-based simulations, participants
will journey through self-discovery and collective problem-solving. Teams will learn
to navigate pressure situations, step completely outs","Mastering Compassionate Communication, Time Management, And Collective Problem-Solving For High-Performing Teams",Mastering Team Unity Through Compassionate Communication And Problem-Solving,"Experiential Team Building: Compassionate Communication, Time Management, And Collective Problem-Solving","Compassionate Communication, Precise Time Management, And Collective Problem-Solving",Mastering High-Performance Team Dynamics Through Effective Communication And Problem-Solving,4.15,3.3,62.32,13.05,1.54
c-ed5459d6b1,Creative Thinking & Problem Solving.pdf,Creative Thinking & Problem Solving,"CREATIVE
THINKING &
PROBLEM
SOLVING
Explore widely. Decide deeply. Create practical impact.
GQ invico,
CREATIVE
THINKING &
PROBLEM
SOLVING
Explore widely. Decide deeply. Create practical impact.
©
Program Overview
In today’s fast-changing engineering environment, technical expertise alone is no longer
sufficient. Engineers are increasingly expected to analyse complex problems, challenge
assumptions, collaborate across functions, and develop practical, innovative solutions
under tight timelines.
This highly interactive programme equips participants with structured creative thinking
and problem-solving approaches that can be applied to real workplace challenges.
Through practical activities, engineering case studies, collaborative exercises, AI-assisted
ideation, and a hands-on team challenge, participants will strengthen their ability to think
critically, solve problems systematically, and communicate solution recommendations with
confidence.
Learning Objectives
By the end of the course",Creative Problem Solving For Engineering And Innovation,Creative Thinking & Problem Solving For Engineering Leaders,Creative Thinking And Ai-Assisted Problem Solving For Engineering Innovation,Ai-Enhanced Creative Thinking And Problem Solving For Engineers,Structured Creative Thinking And Problem Solving For Engineers,4.02,3.02,46.6,7.35,0.96
c-ee3eb10105,Cost Productivity Improvement.pdf,Cost Productivity Improvement,"COST
PRODUCTIVITY
IMPROVEMENT
Drive measurable savings through structured analysis and disciplined
execution
G invico
COST
PRODUCTIVITY
IMPROVEMENT
Drive measurable savings through structured analysis and disciplined
execution
CLAIMABLE
= UL
One na
©
Program Overview
Organizations today operate in an increasingly competitive environment where
profitability depends not only on revenue growth but also on the ability to
continuously improve productivity while effectively managing costs. Cost
Productivity Improvement is a structured approach that focuses on maximizing
value, optimizing resources, eliminating waste, improving operational efficiency,
and creating sustainable savings across all business functions.
This program provides participants with practical methodologies, analytical tools,
and implementation techniques to identify cost drivers, uncover improvement
opportunities, quantify financial benefits, establish performance measures, and
sustain productivity improvements through ef",Cost Productivity Improvement For Sustainable Savings,Cost Productivity Improvement: Driving Measurable Savings Through Structured Analysis And Execution,"Strategic Cost Productivity Improvement Through Analysis, Kpis, And Operational Efficiency",Cost Productivity Improvement: Strategies For Cost Reduction And Operational Efficiency,Cost Productivity Improvement: Maximizing Value And Reducing Operational Costs,4.15,3.25,74.21,3.32,1.05
c-ef922bdbba,Powerful Habits ATV Course Outline.pdf,Powerful Habits,"Walk away with practical “quick wins” to
develop powerful habits that boost
productivity and personal effectiveness
immediately.
POWERFUL
HABITS
Master the Art of Cultivating Powerful Habits to Achieve
Exceptional ResultsandLead withImpact.
Duration
One(`1 ) Full-Days Workshop;
Course Objectives
Program Overview
""Powerful Habits"" equips participants with practical strategies for personal and
professional growth. This immersive course combines self-awareness, relationship-
building skills, and strategies for consistent action, supported by experiential
activities. This course is designed to immerse you in Powerful habits that drive
personal and professional growth. Through experiential learning and keen
observation, you’ll gain a deep understanding of each habit and how to implement
them in your daily life. The course also emphasizes effective coaching
methodologies to reinforce these habits, ensuring long-lasting change. By
mastering these powerful habits, you’ll enhance your productiv",Advanced Strategic Decision Making And Adaptability For Enhanced Productivity And Personal Effectiveness,Master The Art Of Cultivating Powerful Habits For Personal And Professional Growth,Mastering Powerful Habits For Productivity And Personal Effectiveness,Mastering Powerful Habits For Personal And Professional Growth,Mastering Powerful Habits For Enhanced Productivity And Growth,4.1,3.3,51.09,3.34,1.05
c-efb51a43b6,Negotiating with the Devil! - HRDF Training.pdf,Negotiating With the Devil,"NEGOTIATING
WITH THE
DEVIL
Master the art of high-stakes communication, uncover the hidden needs of any
counterparty, and influence even the most challenging stakeholders to secure
win-win outcomes.
G invico
NEGOTIATING
WITH THE
DEVIL
\
CN,
« 4 - a if -
a
Master the art of high-stakes communication, uncover the hidden needs of any
counterparty, and influence even the most challenging stakeholders to secure
win-win outcomes.
e
Program Overview
Negotiation is an essential life skill used in everyday interactions, decision-
making, and relationship building. Far beyond simple persuasion, effective
negotiation requires active listening, empathy, observation, and integrity to
uncover underlying needs. This intensive 2-day workshop equips executives,
entrepreneurs, and leaders with practical techniques to navigate complex
interpersonal dynamics and differing perspectives. By mastering strategic
questioning and the 6 Laws of Influencing, you will learn to accurately read
counterparties, handl",Mastering Strategic Negotiation And Influencing For Win-Win Results.,Mastering High-Stakes Negotiation Skills,Advanced Negotiation Strategy And Stakeholder Influence For Win-Win Outcomes,"Negotiation Mastery: High-Stakes Communication, Influencing & Win-Win Strategies",Mastering High-Stakes Negotiation Techniques For Win-Win Outcomes,4.14,3.27,60.99,2.25,1.55
c-efdee6e6c9,Best Collaborative Power v5 Course Outline.pdf,Best Collaborative Power,"BEST
COLLABORATIVE
POWER
Join our teambuilding today!
vie 25
G invico
BEST
COLLABORATIVE S
POWER
Join our teambuilding today!
Allis /
PRD: ; CLAIMABLE
C. » & ELy Ve
US
e
GO invico
BEST COLLABORATIVE POWER
¢ Program Overview
Teams are an important building block of successful organizations. Whether the focus is on
service, quality, cost, value, speed, efficiency, performance, or other similar goals, teams are
the basic unit that supports most organizations. With teams at the core of corporate strategy,
our success as an organization can often depend on how well | and my team members
operate together. How are our problemsolving skills? Is the team enthusiastic and motivated
to do its best? Do we welcome challenges together? This is a One-day program! This
program is divided into outdoor and/or indoor activities. All activities are designed with
safety in mind but heavy on learning points that foster self-awareness, reflection and
understanding, plus loads of humour and fun.
¢ Learning Ob",Collaborative Team Leadership And Power: Developing Essential Skills For Corporate Success,Collaborative Teambuilding For Leadership Success,"Experiential Teambuilding: Building Trust, Collaboration, And Strategic Problem-Solving","Team Collaboration, Trust And Problem-Solving Skills Development",Best Practices In Teamwork And Collaborative Skill Development,4.11,3.09,52.92,50.39,1.73
c-f59c4a8afa,Acceptance Sampling Course Outline.pdf,Acceptance Sampling,"ACCEPTANCE
SAMPLING
Construct powerful operating characteristic curves, evaluate statistical
decision errors, and deploy optimized acceptance sampling plans using
software to maximize quality control while minimizing inspection costs.
Acceptance Sampling
Program Overview
In manufacturing and quality assurance, balancing rigorous inspection with operational
cost is a critical challenge. This practical 1-day course equips engineering, statistics, and
quality professionals with the tools to confidently design and evaluate risk-mitigated
inspection gates. Utilizing JMP software, participants will move beyond guesswork to
master foundational sampling methods, analyze Operating Characteristic (OC) curves,
and calculate Average Total Inspection metrics. By understanding the statistical trade-
offs of different sampling approaches, teams will leave fully capable of selecting and
executing optimal sampling plans that protect product quality on the job.
Learning Objectives
By the end of the cour",Advanced Sampling Planning For Quality Control With Jmp Software,Acceptance Sampling: Design And Evaluate Inspection Plans Using Jmp Software,Practical Acceptance Sampling: Oc Curves And Optimized Quality Inspection Planning,Acceptance Sampling: Designing Oc Curves And Optimizing Inspection Plans,Optimizing Acceptance Sampling For Quality Control And Cost Efficiency,4.13,3.27,44.53,26.61,1.84
c-f6607a5b13,Escape Adventure Course Outline.pdf,Escape Adventure,"EXECUTIVE ONE-DAY HIGH IMPACT
TEAM PROGRAM
Teams are an important building block of successful organizations. Whether the focus is on
service, quality, cost, value, speed, efficiency, performance, or other similar goals, teams are
the basic unit that supports most organizations.
With teams at the core of corporate strategy, your success as an organization can often
depend on how well you and other team members operate together. How are your problem-
solving skills? Is the team enthusiastic and motivated to do its best? Do you work well
together? This is a one-day program!
This program is divided into outdoor and indoor activities.
All activities are designed with safety in mind but heavy on learning points that foster self-
awareness, reflection and understanding...plus loads of humour and fun.
We will be focusing on:
•Personal power attributes
•Leadership and manager evolving responsibilities using S.O.U.N.D Leadership
•Embracing personalities and character diversity
•Desire to develo",Effective Team Building And Leadership Strategies For High Impact Results,Executive Impact Team Building: S.O.U.N.D Leadership & Beyond,High-Impact Executive Team Building And Situational Leadership Development,Team Leadership And Collaboration: Building High-Impact Teams,High-Impact Team Development For Organizational Success,4.22,3.51,64.18,77.21,1.14
c-f88c90d09c,OpenAI API with Python Course Outline.pdf,OpenAI API with Python,"Walk away with practical “quick wins” to integrate AI into
your workflows and optimize productivity immediately.
OPENAI
API
WITH PYTHON
Enhance your team's efficiency and master the art of leveraging
OpenAI's API with Python to drive innovation and automation.
Synopsis
This interactive 2-day workshop will provide participants with hands-on
experience in using the OpenAI API with Python. Participants will learn how to
integrate powerful language models from OpenAI into their applications, such as
chatbots, content generators, and more, while gaining practical knowledge on API
parameters and best practices.
OpenAI API with Python
What You’ll Learn
You will learn how to set up and use the OpenAI API with Python, explore key API
parameters, build AI-powered applications such as chatbots and content
generators, optimize API usage, troubleshooting common issues, and understand
best practices for deploying OpenAI models in real-world scenarios.
Who Should Attend
This course is designed for Py",Integrating Openai With Python For Practical Automation And Innovation,Leveraging Openai Api With Python For Ai Integration,Building Ai-Powered Applications With Openai Api And Python,Openai Api With Python,Integrating Openai Api With Python For Ai-Powered Applications,4.11,3.27,47.45,52.33,2.01
c-f8df4c1e3b,Microsoft® SharePoint® Modern Experience Site Owner with Microsoft Forms & Flow.pdf,Microsoft® SharePoint® Modern Experience: Site Owner with Microsoft Forms & Flow,"MICROSOFT®
SHAREPOINT®
MODERN EXPERIENCE:
SITE OWNER WITH
MICROSOFT FORMS
& FLOW
Empower your team's collaborative efficiency and automate manual
administration by learning how to architect customized SharePoint sites,
secure sensitive data structures, and deploy seamless multi-system digital
workflows.
abase
Program Overview
Microsoft SharePoint Modern Experience: Site Owner with Microsoft Forms and
Flow is a comprehensive, 2-day workshop designed to transition experienced users
into fully capable SharePoint platform administrators. The course breaks down
complex content structures into practical, actionable steps for both cloud-based
and on-premises environments. Participants will discover how to deploy team and
communication sites, structure customized data tracking lists, and manage
sophisticated version and approval controls. Beyond file storage, this masterclass
shows you how to integrate Microsoft Forms and Power Automate (Flow) to secure
enterprise data and automate repetitive ",Microsoft Sharepoint Modern Experience: Site Owner With Microsoft Forms & Flow,Microsoft Sharepoint Modern Experience: Site Owner With Microsoft Forms & Flow,Modern Sharepoint Site Administration With Forms And Workflow Automation,Sharepoint Modern Experience: Site Owner With Microsoft Forms & Power Automate,Microsoft Sharepoint Modern Experience: Advanced Site Ownership And Automation Skills,4.13,3.29,54.3,5.42,0.97
c-fb3b9f2f8d,The Oz Principles Building a Culture of Accountability in Technology Leadership.pdf,The Oz Principles Building a Culture of Accountability in Technology Leadership,"G invico
THE OZ PRINCIPLES: Z
ACCOUNTABILITY IN ,
TECHNOLOGY LEADERSHIP
Nn |
g
G invico
The 02 Principles: Building a Culture of Accountability in Technolo
¢ Program Overview
In the fast-paced tech industry, challenges such as missed deadlines, unclear ownership,
technical debt, and inefficient cross-team collaboration can hinder progress. The Oz
Principles provide a framework for fostering a culture of accountability, where teams take
ownership, solve problems proactively, and drive results.
¢ Learning Objectives
By the end of the course, participants will be able to:
¢ Build a culture of ownership and problem-solving in tech teams.
e Improve team collaboration and responsibility across departments.
¢ Drive faster execution and better decision-making in tech environments.
e Enhance proactive problem-solving instead of reactive firefighting.
e Duration Two (2) Full-Day Workshop; of CG
e
@
G inpico
The 02 Principles: Building a Culture of Accountability in Technolo
¢ Program Overview
DA",Building A Culture Of Accountability In Technology Leadership,Building A Culture Of Accountability In Tech Leadership,The Oz Principles: Building Accountability-Driven Technology Leadership,The Oz Principles: Building A Culture Of Accountability In Technology,Building A Culture Of Accountability In Technology Leadership,4.03,3.28,58.87,8.49,1.69
c-fc1e23f44c,Risk and Opportunities Identification & Assessment For ISO 14001 EMS.pdf,Risk and Opportunities Identification & Assessment For ISO 14001 EMS,"RISK AND
OPPORTUNITIES
IDENTIFICATION &
ASSESSMENT
FOR ISO 14001 EMS
Build corporate resilience and capture market advantage by mastering
strategic risk assessment methodologies to systematically predict threats and
capitalize on favorable business conditions.
G invico
RISK AND
OPPORTUNITIES
IDENTIFICATION &
ASSESSMENT
FOR ISO 14001 EMS
Build corporate resilience and capture market advantage by mastering
strategic risk assessment methodologies to systematically predict threats and
capitalize on favorable business conditions.
©
Program Overview
Risks represent potential threats that could negatively impact objectives, while
opportunities are favorable conditions that can enhance outcomes. A structured
approach to risk and opportunity assessment helps organizations make informed
decisions, allocate resources effectively, and maintain resilience in a dynamic
environment.
This process involves systematically identifying uncertainties, analyzing their
likelihood and impact, and developing s",Risk Assessment And Opportunity Identification For Iso 14001 Ems,Risk And Opportunity Assessment For Iso 14001 Ems,Risk And Opportunity Assessment For Iso 14001 Environmental Management Systems,Risk And Opportunity Identification And Assessment For Iso 14001 Environmental Management,Strategic Risk And Opportunity Assessment For Iso 14001 Compliance,4.04,3.27,50.29,2.69,0.97
c-fc909a70b3,ISO 14001 EMS Aspect Impact.pdf,ISO 14001 EMS Aspect Impact,"ISO 14001
EMS ASPECT
IMPACT
Drive sustainable organizational excellence by mastering the fundamentals of
ISO
14001:2026
to
systematically
identify,
evaluate,
and
mitigate
environmental aspects and impacts.
G inv
ISO 14001
EMS ASPECT
IMPACT
Drive sustainable organizational excellence by mastering the fundamentals of
ISO 14001:2026 to systematically identify, evaluate, and _ mitigate
environmental aspects and impacts.
©
Program Overview
This intensive 7-hour course provides a foundational deep dive into the core mechanics of
an ISO 14001 Environmental Management System (EMS). Designed to bridge theory and
practical workplace application, the workshop empowers participants to clearly
distinguish between environmental aspects and impacts under normal, abnormal, and
emergency operating conditions. Through hands-on exercises and a lifecycle perspective,
delegates will learn to map operational activities, assess impact significance against
regulatory considerations, and establish robust opera",Advanced Strategic Management For Environmental Compliance And Sustainable Organizational Excellence,Mastering Iso 14001 Environmental Management System,"Iso 14001 Environmental Aspects And Impacts: Identification, Evaluation, And Mitigation",Iso 14001 Fundamentals Identifying And Evaluating Environmental Aspects And Impacts,Mastering Iso 14001: Environmental Management System Fundamentals,4.08,3.02,60.32,97.96,2.45
c-fce75fb260,Stats Method for Binomial Data.pdf,Stats Method for Binomial Data,"STATS
METHOD FOR
BINOMIAL
DATA
Master the statistical models of attribute data, execute rigorous multi-process
proportion comparisons, and utilize advanced software analytics to
confidently track, analyze, and minimize manufacturing defect rates.
Program Overview
In quality engineering, analyzing pass/fail attributes requires specialized statistical tools
distinct from continuous data modeling. This 2-day technical course provides engineers
and statisticians with the methodology to accurately evaluate and compare binomial
data. Moving from foundational hypothesis testing to advanced multi-proportion
comparisons, participants will learn to design comparative experiments and verify if a
process satisfies specific quality and yield goals. Through hands-on application using
JMP/SOS software, teams will leave equipped to eliminate analytical guesswork and drive
precise operational improvements.
Learning Objectives
By the end of the course, participants will be able to:
Recognize when to dep",Mastering Statistical Analysis For Binomial Data To Minimize Manufacturing Defects.,Mastering Binomial Data Analysis And Proportion Comparisons,Statistical Methods For Binomial Data And Multi-Proportion Quality Analysis,Advanced Binomial Data Analysis For Quality Engineering,Statistical Methods For Analyzing Binomial Data In Quality Engineering,4.11,3.3,55.74,107.94,1.26
c-fd44a2ec96,VBA for Microsoft Excel.pdf,VBA for Microsoft Excel,"VBA FOR
MICROSOFT
EXCEL
Automate repetitive spreadsheet workflows, construct powerful custom
functions, and deploy error-free VBA code to transform standard Microsoft
Excel worksheets into dynamic, high-performance data processing tools.
Program Overview
Manual data manipulation often limits productivity and increases operational errors. This
intensive 2-day technical workshop equips spreadsheet users with essential programming
concepts using Microsoft Visual Basic for Applications (VBA) to unlock advanced Excel
automation. Participants will progress from recording and refining basic macros to
handling complex data aggregation tasks. The course delves into object models,
worksheet architecture, range manipulation, conditional logic, and looping structures.
Through practical, hands-on lab exercises, learners will master writing custom user-
defined functions, trapping runtime errors, and building interactive command buttons to
streamline workflows immediately.
Learning Objectives
By the",Advanced Vba Programming For Enhanced Excel Productivity And Automation,Vba For Microsoft Excel Automation And Programming,Vba Programming In Microsoft Excel For Workflow Automation And Custom Functions,"Excel Vba Programming: Automate Workflows, Build Functions, And Handle Errors",Vba Programming For Advanced Excel Automation And Data Management,4.06,3.25,50.25,4.13,1.99
c-fdce380c26,IR 4.0 Machine Connectivity.pdf,IR 4.0 Machine Connectivity,"IR 4.0 MACHINE
CONNECTIVITY &
AUTOMATION USING
SEMI SECS/GEMS
STANDARDS
Accelerate your Industry 4.0 transformation by mastering SEMI SECS/GEMS
standards to establish robust, real-time machine connectivity and automated
data acquisition across the manufacturing shop floor.
Program Overview
IR 4.0 Machine Connectivity & Automation using SEMI SECS/GEMS standards is a
comprehensive,
3-day
technical
training
program
designed
for
professionals
implementing automated host-to-machine communication. To successfully execute an
Industry 4.0 data-driven strategy, manufacturing machines must be seamlessly connected
for real-time data acquisition and control. This course guides machine makers and
manufacturing teams through critical SEMI standards, message transfer protocols, and
business compliance rules. Combining theoretical deep dives with hands-on scenarios
using test tools, participants learn how to build SECS/GEM-compliant machinery and
leverage connected data to optimize shop floor planning",Advanced Industry 4.0 Machine Connectivity And Automation Using Semi Secs/Gems Standards,Industry 4.0 Machine Connectivity & Automation Using Semi Secs/Gems Standards,Industry 4.0 Machine Connectivity And Automation Using Semi Secs/Gems Standards,Semi Secs/Gems Standards For Industry 4.0 Machine Connectivity & Automation,Mastering Industry 4.0 Machine Connectivity And Automation With Semi Standards,4.19,3.45,53.96,7.36,2.08
